name,line,voltage
NATALIA 0-MOORE 0-i_545,"LINESTRING (-98.838565 29.197285948688712, -98.84229799999999 28.93543500017811",115.0
TRINIDAD 1 1-MABANK 2 0-i_970,"LINESTRING (-96.07967700000002 32.1184211563178, -96.094532 32.2716714175578",161.0
ODESSA 1 10-STERLING CITY 1 0-i_119,"LINESTRING (-102.2904 31.834183240019108, -100.9101 31.91998893462841",230.0
JACKSBORO 2 0-PERRIN 0-i_1129,"LINESTRING (-98.179154 33.213561437584, -98.04465400000001 33.0089453908934",161.0
SAN ANTONIO 13 0-SAN ANTONIO 12 1-i_1713,"LINESTRING (-98.411598 29.5355682875071, -98.398171 29.58335747258072",115.0
CORPUS CHRISTI 2 0-ODEM 0-i_645,"LINESTRING (-97.51909999999998 27.825832718387318, -97.670027 27.956564403993408",115.0
DALLAS 8 0-DALLAS 22 0-i_1139,"LINESTRING (-96.73303700000001 32.910215206749996, -96.789793 32.9002609349257",161.0
HOUSTON 29 0-HOUSTON 20 0-i_2319,"LINESTRING (-95.337809 29.86090238954111, -95.29638 29.860034367816805",115.0
ROYSE CITY 0-SACHSE 0-i_927,"LINESTRING (-96.371725 32.943086104883896, -96.577283 32.96659174761798",161.0
HOUSTON 4 2-HOUSTON 33 0-i_2339,"LINESTRING (-95.38095999999999 29.709792264146415, -95.360152 29.722391930254705",115.0
GORDON 0-DE LEON 0-i_1272,"LINESTRING (-98.32460400000001 32.58153629827119, -98.543257 32.2925078160736",161.0
BRAZORIA 0-WEST COLUMBIA 0-i_2705,"LINESTRING (-95.54927700000003 28.954272145878807, -95.674469 29.149328049449416",115.0
MONAHANS 1 0-MONAHANS 2 0-i_26,"LINESTRING (-102.92730000000002 31.57776630436199, -103.15204600000001 31.478445777491114",115.0
HOUSTON 46 0-HOUSTON 48 0-i_2648,"LINESTRING (-95.407483 29.7690450937819, -95.41333300000002 29.79574976054061",115.0
ALBANY 1 1-ABILENE 1 0-i_444,"LINESTRING (-99.3868 32.76224555758349, -99.6384 32.5083283490131",230.0
CYPRESS 1 0-BRENHAM 0-i_1774,"LINESTRING (-95.66512399999999 29.995280759578108, -96.399472 30.208852977826588",500.0
SAN ANTONIO 37 2-SAN ANTONIO 40 0-i_1628,"LINESTRING (-98.56513100000001 29.494187974427106, -98.567679 29.458138371104788",115.0
KATY 2 0-HOUSTON 90 1-i_2761,"LINESTRING (-95.737823 29.743180448514394, -95.65128000000001 29.824987491167203",230.0
SPRING 4 0-HOUSTON 57 0-i_2496,"LINESTRING (-95.467089 30.0568143073412, -95.443009 29.950133625814704",115.0
CYPRESS 1 0-KATY 1 0-i_2304,"LINESTRING (-95.66512399999999 29.995280759578108, -95.72943600000002 29.835062743090106",500.0
CORPUS CHRISTI 4 0-CORPUS CHRISTI 7 0-i_531,"LINESTRING (-97.260242 27.620741728063198, -97.355165 27.656136791549095",115.0
FORT WORTH 6 0-FORT WORTH 7 0-i_1310,"LINESTRING (-97.265832 32.72162406924979, -97.269357 32.746676750210995",161.0
DENTON 1 1-DENTON 4 0-i_832,"LINESTRING (-97.09170000000002 33.1950900168082, -97.106282 33.2291599548535",161.0
AUSTIN 12 0-AUSTIN 5 0-i_1832,"LINESTRING (-97.703253 30.385495623362097, -97.641082 30.353171801902604",115.0
KATY 3 1-KATY 1 1-i_2308,"LINESTRING (-95.820931 29.738129322559097, -95.725116 29.835062743090106",230.0
WACO 6 0-VALLEY MILLS 0-i_1173,"LINESTRING (-97.20689300000001 31.620992150715207, -97.497079 31.656030460492712",161.0
HOUSTON 14 0-HOUSTON 25 0-i_2550,"LINESTRING (-95.24879300000002 29.687322056705803, -95.320621 29.616210288273706",115.0
PORT LAVACA 1-REFUGIO 0-i_797,"LINESTRING (-96.7973 28.5643765708885, -96.890059 28.28480684691641",115.0
HOUSTON 82 0-HOUSTON 68 0-i_2428,"LINESTRING (-95.58003400000001 29.810188121261906, -95.48805 29.794371726120797",115.0
AUSTIN 6 0-AUSTIN 2 2-i_1640,"LINESTRING (-97.65560000000002 30.239865928657895, -97.5985 30.2023331259326",115.0
MIDLOTHIAN 1 1-MIDLOTHIAN 2 0-i_1392,"LINESTRING (-97.04506000000002 32.42776911654429, -96.98711 32.46683717017669",161.0
GLEN ROSE 1 0-STEPHENVILLE 0-i_935,"LINESTRING (-97.767515 32.29227880069791, -98.18591700000002 32.2761477179342",500.0
ROSCOE 1 0-ROSCOE 3 0-i_478,"LINESTRING (-100.5707 32.49082716730502, -100.6391 32.392220519816696",115.0
CORPUS CHRISTI 17 0-CORPUS CHRISTI 10 0-i_657,"LINESTRING (-97.50979100000002 27.764866145544396, -97.39013500000001 27.761649957265284",115.0
DALLAS 5 0-DALLAS 11 0-i_1069,"LINESTRING (-96.68572100000002 32.7646972403154, -96.74276200000001 32.76821333597079",161.0
SCHERTZ 0-SAN ANTONIO 5 0-i_1862,"LINESTRING (-98.25904200000001 29.544562510412298, -98.356683 29.553532732784014",115.0
HOUSTON 47 0-HOUSTON 56 0-i_2438,"LINESTRING (-95.412498 29.732312177526314, -95.45000900000001 29.737578308820204",115.0
SPRING 8 0-HOUSTON 5 1-i_2344,"LINESTRING (-95.543891 30.192495730313592, -95.5162 29.9392043515847",230.0
ZAPATA 0-FALCON HEIGHTS 1 0-i_609,"LINESTRING (-99.153765 26.924509634514596, -99.1552 26.551059519006003",115.0
IOLA 0-BRYAN 3 0-i_3180,"LINESTRING (-96.08742800000002 30.7198975392566, -96.30308399999998 30.7915511441138",115.0
HOUSTON 67 0-HOUSTON 69 0-i_2490,"LINESTRING (-95.48639300000002 29.915198749571104, -95.49245800000001 29.954738741390297",115.0
DALLAS 8 0-RICHARDSON 1 0-i_1141,"LINESTRING (-96.73303700000001 32.910215206749996, -96.659463 32.9891413645929",161.0
NACOGDOCHES 2 0-NACOGDOCHES 3 0-i_3074,"LINESTRING (-94.619596 31.717204498668977, -94.731721 31.625611455095406",115.0
SPRING 1 0-CONROE 6 0-i_2254,"LINESTRING (-95.35277700000002 30.097902342435898, -95.49208100000001 30.231356713271317",115.0
HOUSTON 89 0-HOCKLEY 0-i_2788,"LINESTRING (-95.64763400000001 29.90671853700871, -95.830133 30.045126013122413",115.0
ELGIN 0-PAIGE 0-i_1614,"LINESTRING (-97.35762400000002 30.336098368327097, -97.20989899999996 30.29766860129109",115.0
PASADENA 2 2-HOUSTON 19 0-i_2201,"LINESTRING (-95.162079 29.715995970726297, -95.27303000000002 29.644508991553792",115.0
BAYTOWN 2 2-MONT BELVIEU 1-i_2393,"LINESTRING (-94.8875 29.76560021060301, -94.9053 29.822201421517615",115.0
MERKEL 3 0-SWEETWATER 1 0-i_306,"LINESTRING (-100.02372300000002 32.46754659624139, -100.1196 32.4020211797149",115.0
SAN ANGELO 1 0-MILES 0-i_353,"LINESTRING (-100.31307500000001 31.503581427543097, -100.18361600000001 31.58587983835921",115.0
DALLAS 13 0-DALLAS 11 0-i_1067,"LINESTRING (-96.753246 32.7481797910802, -96.74276200000001 32.76821333597079",161.0
NORTH RICHLAND HILLS 1 0-NORTH RICHLAND HILLS 2 0-i_1316,"LINESTRING (-97.20478399999999 32.884171495720814, -97.221695 32.8375912252615",161.0
RIESEL 1 1 - SUN_VALLEY 2 - 3278,"LINESTRING (-96.92114900000001 31.468237107671296, -96.98 31.57",161.0
ALICE 0-BISHOP 0-i_619,"LINESTRING (-98.06671999999999 27.653542640230786, -97.81380000000001 27.56331738547781",115.0
MANSFIELD 0-CORSICANA 2 0-i_939,"LINESTRING (-97.184054 32.50154410714119, -96.62174700000001 32.05183571151851",500.0
WINCHESTER 1-BASTROP 1-i_1607,"LINESTRING (-96.95150000000001 30.031866816332393, -97.2348 30.1393735890793",230.0
SEGUIN 1 0-NURSERY 0-i_1960,"LINESTRING (-97.96601500000001 29.5905516511325, -97.117 28.888396142184707",500.0
HOUSTON 16 0-LA PORTE 0-i_2406,"LINESTRING (-95.252651 29.7571647973307, -95.037022 29.69233618154429",115.0
SUGAR LAND 1 0-HOUSTON 83 0-i_2418,"LINESTRING (-95.602093 29.617808327972007, -95.581217 29.697186302317807",115.0
VALLEY MILLS 0-JONESBORO 0-i_1144,"LINESTRING (-97.497079 31.656030460492712, -97.795426 31.762881518419913",161.0
DALLAS 11 0-DALLAS 9 0-i_1072,"LINESTRING (-96.74276200000001 32.76821333597079, -96.740403 32.78982292405999",161.0
SAN ANTONIO 30 0-SAN ANTONIO 37 2-i_2023,"LINESTRING (-98.51943000000001 29.51389475062251, -98.56513100000001 29.494187974427106",115.0
KILLEEN 4 0-TEMPLE 1 0-i_1276,"LINESTRING (-97.92377900000001 30.929830058019014, -97.306422 31.049664812048306",500.0
SUGAR LAND 1 0-SUGAR LAND 2 2-i_2412,"LINESTRING (-95.602093 29.617808327972007, -95.63169600000002 29.560733394819216",115.0
ARMSTRONG 2 0-RAYMONDVILLE 0-i_623,"LINESTRING (-97.764774 26.9045935015308, -97.43333100000001 26.562868182504012",115.0
BARTLETT 0-ROGERS 0-i_1397,"LINESTRING (-97.282628 30.783068598473612, -97.216223 30.93400732785931",161.0
DALLAS 43 0-DUNCANVILLE 2 0-i_1506,"LINESTRING (-96.932965 32.67381377099551, -96.912868 32.640786875159606",161.0
HOUSTON 22 0-HOUSTON 15 0-i_2469,"LINESTRING (-95.30531 29.741063395721014, -95.25047600000002 29.849881113750886",115.0
ODESSA 1 8 - MCCAMEY 1 2 - 3322,"LINESTRING (-102.3084 31.834183240019108, -102.23090000000002 31.20304177581981",500.0
SUN_VALLEY 1 - MART 0 - 3277,"LINESTRING (-96.86 31.57, -96.793449 31.554859797419915",161.0
CAUSE_SOLAR - SAN ANTONIO 22 1 - 3292,"LINESTRING (-98.46 29.25, -98.470412 29.275767875508507",115.0
KINGSLAND 0-FREDERICKSBURG 0-i_319,"LINESTRING (-98.433748 30.666625121948993, -98.86768300000001 30.274720146851507",115.0
AUSTIN 3 2-AUSTIN 25 0-i_1644,"LINESTRING (-97.784408 30.285963478461994, -97.76245000000002 30.290781218580197",115.0
TROY 0-MOODY 0-i_900,"LINESTRING (-97.256253 31.189745910337493, -97.38106100000002 31.2789327222181",161.0
PALO PINTO 2 0-MINERAL WELLS 0-i_1104,"LINESTRING (-98.26787900000001 32.758041271680085, -98.117806 32.793549687378",161.0
CLEBURNE 1 0-GRANDVIEW 0-i_1047,"LINESTRING (-97.32394000000001 32.390156103220804, -97.15716 32.278488100975004",161.0
ARMSTRONG 2 0-RAYMONDVILLE 0-i_622,"LINESTRING (-97.764774 26.9045935015308, -97.43333100000001 26.562868182504012",115.0
LAREDO 6 0-LAREDO 3 0-i_568,"LINESTRING (-99.493143 27.50742513822979, -99.25816099999999 27.550605646412894",115.0
DOVE_RUN - SARITA 1 0 - 3263,"LINESTRING (-98.14 27.25, -97.77116700000002 27.21665334296649",230.0
HOUSTON 41 0-HOUSTON 40 0-i_2568,"LINESTRING (-95.391272 29.932199175863314, -95.38892700000001 29.88786306457909",115.0
KINGWOOD 2 0-HUMBLE 1 0-i_2628,"LINESTRING (-95.217422 30.04428399193101, -95.17389900000002 29.992004677254894",115.0
ABILENE 7 0-MERKEL 2 0-i_358,"LINESTRING (-99.918724 32.32746716431369, -100.04538900000001 32.305470686533006",115.0
SAN ANTONIO 14 0-SAN ANTONIO 12 1-i_1710,"LINESTRING (-98.423468 29.624710499456985, -98.398171 29.58335747258072",115.0
WAXAHACHIE 2 0-RED OAK 0-i_1471,"LINESTRING (-96.91192300000002 32.358396248402, -96.803715 32.51934458803692",161.0
LUFKIN 3 1-LUFKIN 1 0-i_3009,"LINESTRING (-94.80457 31.334633359527395, -94.734611 31.3596849973202",115.0
HOCKLEY 0-CYPRESS 2 0-i_2771,"LINESTRING (-95.830133 30.045126013122413, -95.74403 29.931834166708203",115.0
PEARLAND 2 0-HOUSTON 65 0-i_2435,"LINESTRING (-95.346468 29.542819467209306, -95.48255 29.618232338505507",115.0
GOLIAD 0-YORKTOWN 0-i_803,"LINESTRING (-97.570237 28.561954425347704, -97.419562 28.851427899044594",115.0
AUSTIN 12 0-AUSTIN 26 0-i_1834,"LINESTRING (-97.703253 30.385495623362097, -97.764536 30.345750613416303",115.0
GORMAN 0-May-00-i_1205,"LINESTRING (-98.97614000000002 32.1108546508137, -98.91840400000001 31.925122275744005",161.0
SEBASTIAN 1 0-HARLINGEN 1 0-i_654,"LINESTRING (-97.65780000000001 26.342467843903417, -97.658502 26.249065643788807",115.0
STILLWATER_SOLAR - CORPUS CHRISTI 18 0 - 3293,"LINESTRING (-97.62 27.85, -97.587306 27.831880073175398",115.0
ROANOKE 0-COLLEYVILLE 0-i_1373,"LINESTRING (-97.22311999999998 33.006919851289794, -97.14604099999998 32.88936863757011",161.0
DALLAS 38 0-DALLAS 37 0-i_1031,"LINESTRING (-96.869456 32.66319348283831, -96.86828900000002 32.701489522304996",161.0
GRANGER 0-JARRELL 0-i_1902,"LINESTRING (-97.410285 30.708380872340808, -97.49348499999999 30.812449488979293",115.0
LINDALE 0-MINEOLA 0-i_3024,"LINESTRING (-95.426716 32.5318269365666, -95.415745 32.81038083324151",115.0
KEMP 0-RICE 0-i_1291,"LINESTRING (-96.236039 32.3606043922518, -96.46650900000002 32.22302215540821",161.0
HENRIETTA 0-PETROLIA 0-i_212,"LINESTRING (-98.193251 33.75250380259039, -98.25032 34.0023393036029",161.0
BROWNSVILLE 2 0 - RAYOS_DEL_SOL - 3266,"LINESTRING (-97.30714400000001 25.937448418873302, -97.5 26.29",230.0
FORT WORTH 1 0-IRVING 3 0-i_899,"LINESTRING (-97.045081 32.8215577883255, -96.951303 32.7941870428682",161.0
PASADENA 4 0-PASADENA 5 0-i_2970,"LINESTRING (-95.136715 29.643140957541416, -95.18617999999998 29.64541301403071",115.0
HOUSTON 8 0-HOUSTON 7 0-i_2630,"LINESTRING (-95.12701300000002 29.571047167143806, -95.11577 29.611098161292116",115.0
DE LEON 0-MINGUS 0-i_1383,"LINESTRING (-98.543257 32.2925078160736, -98.409168 32.449332367773415",161.0
PASADENA 3 0-BAYTOWN 1 0-i_2713,"LINESTRING (-95.0386 29.619996382330505, -94.90670000000001 29.6718976727995",500.0
SAN ANTONIO 8 0-SAN ANTONIO 1 2-i_1929,"LINESTRING (-98.38376100000002 29.444142025181716, -98.32889999999999 29.41886597508869",115.0
MCCAMEY 1 0-CRANE 0-i_59,"LINESTRING (-102.2201 31.20304177581981, -102.587253 31.18072832353469",115.0
FORT WORTH 5 0-FORT WORTH 6 0-i_1123,"LINESTRING (-97.259025 32.68872317566861, -97.265832 32.72162406924979",161.0
MERKEL 1 0-WINGATE 0-i_401,"LINESTRING (-100.15898600000001 32.3121361342405, -100.03912000000001 32.20793214444782",230.0
SABINAL 0-UVALDE 0-i_480,"LINESTRING (-99.621829 29.297538142913105, -100.00687000000002 29.144723767626097",115.0
SANDIA 0-ORANGE GROVE 0-i_762,"LINESTRING (-97.953915 28.086809093890796, -98.051187 27.9798857785183",115.0
SAN ANTONIO 25 0-SAN ANTONIO 31 0-i_1666,"LINESTRING (-98.484282 29.534758267435326, -98.521662 29.587523575974096",115.0
RAYMONDVILLE 0-SAN PERLITA 1-i_807,"LINESTRING (-97.43333100000001 26.562868182504012, -97.669511 26.46883290649291",115.0
EULESS 2 0-ARLINGTON 6 0-i_1061,"LINESTRING (-97.087723 32.8116865194124, -97.09645200000001 32.782530725569714",161.0
WEST 0-ABBOTT 0-i_1396,"LINESTRING (-97.234292 31.810072642355312, -97.07641 31.875613987914",161.0
ARLINGTON 1 0-GRANBURY 2 0-i_983,"LINESTRING (-97.13488999999998 32.772671457267094, -97.693356 32.40062438513922",500.0
JOSHUA 0-GRANBURY 3 0-i_1423,"LINESTRING (-97.53627400000002 32.4235050016131, -97.627411 32.55964267759129",161.0
TOMBALL 2 0-HOUSTON 81 0-i_2695,"LINESTRING (-95.677904 30.059234368272115, -95.577168 29.856102269414208",115.0
DALLAS 44 0-DUNCANVILLE 2 0-i_1097,"LINESTRING (-96.961022 32.63365168172731, -96.912868 32.640786875159606",161.0
HOUSTON 16 0-LA PORTE 0-i_2407,"LINESTRING (-95.252651 29.7571647973307, -95.037022 29.69233618154429",115.0
SAN ANTONIO 48 0-SAN ANTONIO 50 2-i_1726,"LINESTRING (-98.67318500000002 29.45949840472629, -98.72635399999999 29.394616121928106",115.0
NORTON_SOLAR - BLACKWELL 0 - 3307,"LINESTRING (-100.26 31.97, -100.2596 32.192007078000785",115.0
PASADENA 4 0-LA PORTE 0-i_2978,"LINESTRING (-95.136715 29.643140957541416, -95.037022 29.69233618154429",115.0
FREEPORT 1 2-FREEPORT 3 0-i_2902,"LINESTRING (-95.306 28.964452632280203, -95.269251 29.014921839300104",115.0
ROANOKE 0-FORT WORTH 10 0-i_1372,"LINESTRING (-97.22311999999998 33.006919851289794, -97.30688600000002 32.9729449214079",161.0
BAIRD 0-GORMAN 0-i_1127,"LINESTRING (-99.18927200000002 32.33506867521152, -98.97614000000002 32.1108546508137",161.0
SUGAR LAND 1 0-STAFFORD 0-i_2422,"LINESTRING (-95.602093 29.617808327972007, -95.564368 29.621806427300708",115.0
DALLAS 20 0-DALLAS 28 0-i_1267,"LINESTRING (-96.785252 32.799711193277005, -96.809303 32.80942645785392",161.0
HOUSTON 4 2-HOUSTON 39 0-i_2692,"LINESTRING (-95.38095999999999 29.709792264146415, -95.387702 29.750972052268914",115.0
CORPUS CHRISTI 1 1-CORPUS CHRISTI 14 0-i_787,"LINESTRING (-97.4283 27.813899999999997, -97.436795 27.8463549371006",115.0
LULING 0-MARTINDALE 0-i_1826,"LINESTRING (-97.46166300000002 29.68985541624332, -97.776202 29.653338144464406",115.0
SAN ANTONIO 42 0-SAN ANTONIO 27 0-i_1619,"LINESTRING (-98.58981100000003 29.368926168767107, -98.490053 29.462103469130412",115.0
WICHITA FALLS 3 0-SHEPPARD AFB 0-i_176,"LINESTRING (-98.37975700000001 33.9988140558687, -98.50001600000002 33.96952299999999",161.0
ROUND ROCK 3 1-GEORGETOWN 3 0-i_2151,"LINESTRING (-97.63856600000001 30.499265520933893, -97.798899 30.83561298057422",230.0
FORT WORTH 27 0-AZLE 0-i_1421,"LINESTRING (-97.47857800000001 32.84490642467502, -97.557579 32.897777867131175",161.0
HOUSTON 48 0-HOUSTON 45 0-i_2654,"LINESTRING (-95.41333300000002 29.79574976054061, -95.427498 29.757900393431",115.0
FRANKSTON 0-MURCHISON 0-i_3033,"LINESTRING (-95.409796 32.02983524472521, -95.634712 32.15246143180049",115.0
HOUSTON 5 2-HOUSTON 69 0-i_2621,"LINESTRING (-95.5162 29.93296495664351, -95.49245800000001 29.954738741390297",115.0
ARLINGTON 6 0-ARLINGTON 4 0-i_1138,"LINESTRING (-97.09645200000001 32.782530725569714, -97.079596 32.7518498908807",161.0
ENNIS 0-DALLAS 3 0-i_1534,"LINESTRING (-96.6678 32.317566150555116, -96.674229 32.707882695939915",500.0
AUSTIN 32 0-AUSTIN 17 0-i_1998,"LINESTRING (-97.86559 30.265650581658207, -97.72897100000002 30.349052697278807",115.0
SAN ANTONIO 8 0-SAN ANTONIO 1 2-i_1930,"LINESTRING (-98.38376100000002 29.444142025181716, -98.32889999999999 29.41886597508869",115.0
FRESNO 0-MANVEL 0-i_2645,"LINESTRING (-95.471015 29.534795268352198, -95.357802 29.47895388584201",115.0
GRAHAM 0-JACKSBORO 1 0-i_865,"LINESTRING (-98.59369999999998 33.128370579972, -98.31965200000002 33.0619360212675",500.0
CORPUS CHRISTI 4 0-CORPUS CHRISTI 5 0-i_530,"LINESTRING (-97.260242 27.620741728063198, -97.26044300000001 27.688775696511193",115.0
ANGELINA_SOLAR 1 - LUFKIN 3 0 - 3256,"LINESTRING (-94.86 31.37, -94.81537 31.334633359527395",230.0
COMFORT 0-BOERNE 2 1-i_2123,"LINESTRING (-98.895706 29.966074682359803, -98.697635 29.856719284854496",115.0
CUERO 1 0-GONZALES 0-i_1815,"LINESTRING (-97.316636 29.123424464446497, -97.439924 29.4706858196306",115.0
FORT WORTH 8 0-BURLESON 1-i_1087,"LINESTRING (-97.271334 32.61763224758379, -97.29790700000001 32.530237882444496",161.0
MERIDIAN 0 - OWENS_SOLAR - 3272,"LINESTRING (-97.70112300000001 31.910103277854905, -97.62 31.85",161.0
PFLUGERVILLE 1 - PFLUGERVILLE_SOLAR 2 - 3257,"LINESTRING (-97.58594 30.4360509097312, -97.58 30.41",230.0
KERMIT 0-PECOS 0-i_121,"LINESTRING (-103.129992 31.6901247102362, -103.59091400000001 31.7974278048913",115.0
HOUSTON 10 0-PASADENA 2 2-i_2192,"LINESTRING (-95.16952100000002 29.761429903746293, -95.162079 29.715995970726297",115.0
QUEMADO 1 - TREVINO_SOLAR 1 - 3287,"LINESTRING (-100.58438599999997 28.94487257409901, -100.3 28.65",230.0
ELMENDORF 1-FLORESVILLE 0-i_2094,"LINESTRING (-98.3681 29.254187345212085, -98.06960600000001 29.067153025708105",230.0
SABINAL 0-D HANIS 0-i_482,"LINESTRING (-99.621829 29.297538142913105, -99.32018200000002 29.279005003508807",115.0
DALLAS 26 0-DALLAS 18 0-i_1415,"LINESTRING (-96.798192 32.9422050808012, -96.78389599999998 32.92187712750321",161.0
HOUSTON 80 0-CYPRESS 1 2-i_2209,"LINESTRING (-95.569235 29.977175304716393, -95.66512399999999 29.989044884309898",115.0
RICHARDSON 2 1-DALLAS 19 0-i_997,"LINESTRING (-96.73344 32.97364694061329, -96.784613 32.994957523788216",161.0
DENTON 1 1-DENTON 2 0-i_1214,"LINESTRING (-97.09170000000002 33.1950900168082, -97.051533 33.2064013281473",161.0
SANTA ANNA 0-COLEMAN 0-i_310,"LINESTRING (-99.37160099999998 31.509177795082408, -99.558791 31.730778395645785",115.0
PROGRESO 0-SANTA MARIA 0-i_517,"LINESTRING (-97.95314 26.076710093046994, -97.731451 26.046244410934804",115.0
FORESTBURG 0-LINDSAY 0-i_154,"LINESTRING (-97.436189 33.46561084609758, -97.30183400000003 33.609858861309796",161.0
PEARSALL 0-HONDO 0-i_759,"LINESTRING (-99.0739 28.92119813472441, -99.130334 29.4211037564241",230.0
BOERNE 2 1-FREDERICKSBURG 0-i_481,"LINESTRING (-98.697635 29.856719284854496, -98.86768300000001 30.274720146851507",115.0
GARLAND 1 1-ROCKWALL 2 0-i_1504,"LINESTRING (-96.56768500000001 32.85519770528371, -96.449275 32.94148406109261",161.0
HOUSTON 59 0-MISSOURI CITY 1 0-i_2327,"LINESTRING (-95.45709299999999 29.581037415007795, -95.51194900000002 29.59792983429211",115.0
HOUSTON 4 0-KATY 3 0-i_2678,"LINESTRING (-95.38816 29.718546834432193, -95.82525100000001 29.738129322559097",500.0
SPRING 3 0-SPRING 6 0-i_2858,"LINESTRING (-95.46475999999998 30.134481265014582, -95.51346400000001 30.120936923286393",115.0
MCALLEN 2 0-MCALLEN 1 0-i_504,"LINESTRING (-98.230592 26.209356438198604, -98.22757 26.265508557994696",115.0
HOUSTON 39 0-HOUSTON 56 0-i_2811,"LINESTRING (-95.387702 29.750972052268914, -95.45000900000001 29.737578308820204",115.0
CORPUS CHRISTI 9 0-CORPUS CHRISTI 11 0-i_626,"LINESTRING (-97.383456 27.813050968737212, -97.39728900000001 27.676901003208105",115.0
FORT WORTH 11 0-FORT WORTH 19 0-i_1576,"LINESTRING (-97.314201 32.72626519536611, -97.359895 32.70621565066099",161.0
DENISON 2 0-POTTSBORO 0-i_205,"LINESTRING (-96.59506100000002 33.764799661257, -96.716989 33.794733752820896",161.0
ITALY 0-FORRESTON 0-i_1374,"LINESTRING (-96.84218 32.171617713282195, -96.833324 32.2314217183227",161.0
DALLAS 27 0-DALLAS 14 0-i_909,"LINESTRING (-96.79908100000002 32.74440068832589, -96.755851 32.66302247819911",161.0
DUNCANVILLE 1 0-ARLINGTON 4 0-i_1278,"LINESTRING (-96.908282 32.658235348339204, -97.079596 32.7518498908807",161.0
WAXAHACHIE 2 0-RED OAK 0-i_1472,"LINESTRING (-96.91192300000002 32.358396248402, -96.803715 32.51934458803692",161.0
MONAHANS 2 0-FORT DAVIS 0-i_25,"LINESTRING (-103.15204600000001 31.478445777491114, -103.750065 30.998797517330914",115.0
FLOWER MOUND 2 0-SOUTHLAKE 0-i_1066,"LINESTRING (-97.121306 33.03247555130001, -97.144982 32.957505499117",161.0
FAIRFIELD 1 0-JEWETT 1 0-i_3084,"LINESTRING (-96.09510000000002 31.884586583442704, -96.2345 31.41575566729249",500.0
SARITA 2 0-SARITA 3 0-i_513,"LINESTRING (-97.53910000000002 27.113291412381788, -97.4969 27.0637885794484",115.0
RHOME 0-BOYD 0-i_932,"LINESTRING (-97.45919300000001 33.09095215487141, -97.59348300000003 33.03952774455499",161.0
BURLESON 1-MANSFIELD 1-i_945,"LINESTRING (-97.29790700000001 32.530237882444496, -97.17973400000001 32.50154410714119",161.0
RICHMOND 1 0-THOMPSONS 2-i_2329,"LINESTRING (-95.67658600000001 29.480170915947696, -95.6167 29.474024945058016",115.0
SKIDMORE 0-BEEVILLE 0-i_579,"LINESTRING (-97.641894 28.2398461714294, -97.70162 28.401378801973113",115.0
SAN ANTONIO 36 0-SAN ANTONIO 34 0-i_1932,"LINESTRING (-98.552964 29.542783466317005, -98.525289 29.46590556313739",115.0
TYLER 9 0-CHANDLER 0-i_3015,"LINESTRING (-95.43434799999999 32.40702851693761, -95.512442 32.2653479932959",115.0
BAY CITY 0-FREEPORT 2 1-i_2825,"LINESTRING (-95.82845 28.7821687036371, -95.38588100000001 28.98499101570269",230.0
PARIS 1 0 - SAMSON SOLAR 1 0 - 3298,"LINESTRING (-95.57199999999999 33.62480490119471, -95.5 33.65",500.0
May-00-EARLY 0-i_847,"LINESTRING (-98.91840400000001 31.925122275744005, -98.796134 31.83644839017251",161.0
POINT COMFORT 1 2-PORT O CONNOR 0-i_2371,"LINESTRING (-96.53839700000002 28.6242727777279, -96.482788 28.4383130110563",115.0
PANHANDLE 2 0 - DAWN_SOLAR 0 - 3211,"LINESTRING (-101.29283300000002 35.232452121577005, -102.5 34.89",500.0
MENARD 0-GOODFELLOW AFB 0-i_488,"LINESTRING (-100.098479 30.891365574860888, -100.14367 31.283370011764596",115.0
NORTH RICHLAND HILLS 1 0-NORTH RICHLAND HILLS 2 0-i_1315,"LINESTRING (-97.20478399999999 32.884171495720814, -97.221695 32.8375912252615",161.0
PANHANDLE 1 0-WHITE DEER 0-i_222,"LINESTRING (-101.36377799999998 35.43691198179582, -101.2349 35.47303661511711",161.0
MISSION 1 1-MISSION 4 1-i_590,"LINESTRING (-98.36320000000002 26.175696438298097, -98.354566 26.222276155465096",115.0
PORT BOLIVAR 0-WINNIE 0-i_2779,"LINESTRING (-94.511121 29.500599669994603, -94.594021 29.8623021786516",115.0
AUSTIN 24 0-AUSTIN 13 0-i_2065,"LINESTRING (-97.76148100000002 30.240543945822285, -97.71048199999998 30.2279866279823",115.0
SAN ANTONIO 51 0-NEW BRAUNFELS 1 1-i_1988,"LINESTRING (-98.730432 29.535276280271308, -98.0084 29.73469923703731",230.0
TYLER 3 0-TYLER 6 0-i_3140,"LINESTRING (-95.20407 32.4123338742814, -95.306262 32.356352106241104",115.0
VAN VLECK 0-WEST COLUMBIA 0-i_2704,"LINESTRING (-95.93209000000002 29.126379645204704, -95.674469 29.149328049449416",115.0
HOUSTON 79 0-HOUSTON 56 0-i_2445,"LINESTRING (-95.55665400000001 29.738824339888897, -95.45000900000001 29.737578308820204",115.0
SAN ANTONIO 10 0-SAN ANTONIO 6 0-i_1978,"LINESTRING (-98.39352699999998 29.4891231374331, -98.359361 29.516130805996212",115.0
JACKSBORO 2 0-BRYSON 1 1-i_1284,"LINESTRING (-98.179154 33.213561437584, -98.32906900000002 33.19977648884561",161.0
DENTON 3 0-DENTON 1 1-i_1228,"LINESTRING (-97.092416 33.14705569573001, -97.09170000000002 33.1950900168082",161.0
VAN 0-TYLER 9 0-i_3071,"LINESTRING (-95.63497699999999 32.52909875219931, -95.43434799999999 32.40702851693761",115.0
HOUSTON 2 0-CROSBY 0-i_2559,"LINESTRING (-95.23860000000003 29.949704615048507, -95.053587 29.930376130139194",115.0
HOUSTON 73 0-HOUSTON 75 0-i_2233,"LINESTRING (-95.519364 29.81339420138271, -95.523499 29.8720776692792",115.0
AUSTIN 25 0-AUSTIN 20 0-i_1647,"LINESTRING (-97.76245000000002 30.290781218580197, -97.73898900000002 30.268081643251207",115.0
SALADO 0-BARTLETT 0-i_1339,"LINESTRING (-97.58965000000002 30.91955939470162, -97.282628 30.783068598473612",161.0
BAYTOWN 1 1-GALVESTON 1 0-i_2376,"LINESTRING (-94.8995 29.6718976727995, -94.76496800000001 29.304256556118613",230.0
RUNGE 0-FALLS CITY 0-i_1679,"LINESTRING (-97.878161 28.94593663881801, -98.23142500000002 28.860727463071694",115.0
DEL VALLE 0-CEDAR CREEK 1 2-i_2073,"LINESTRING (-97.60371200000002 30.14849461872269, -97.53560000000002 30.139573601700203",115.0
GRAND PRAIRIE 1 0-DALLAS 2 1-i_1178,"LINESTRING (-96.99286199999999 32.72701721580269, -96.92139999999999 32.72067704351759",161.0
NORTH RICHLAND HILLS 2 0-FORT WORTH 3 0-i_1314,"LINESTRING (-97.221695 32.8375912252615, -97.214058 32.7450037047212",161.0
DENTON 3 0-LEWISVILLE 2 0-i_1242,"LINESTRING (-97.092416 33.14705569573001, -97.057417 33.07895382564289",161.0
RICHARDSON 2 1-DALLAS 19 0-i_999,"LINESTRING (-96.73344 32.97364694061329, -96.784613 32.994957523788216",161.0
GSE_ELEVEN - CANTON 0 - 3275,"LINESTRING (-95.86 32.57, -95.879865 32.51207460203982",115.0
KELLER 1 0-KELLER 2 1-i_856,"LINESTRING (-97.22154800000001 32.921591517495706, -97.27527399999998 32.925619627546986",161.0
AUSTIN 16 0-AUSTIN 26 0-i_1982,"LINESTRING (-97.720203 30.279685937317403, -97.764536 30.345750613416303",115.0
HOUSTON 82 0-HOUSTON 87 0-i_2429,"LINESTRING (-95.58003400000001 29.810188121261906, -95.611784 29.747732562043016",115.0
DALLAS 4 0-DALLAS 16 0-i_1216,"LINESTRING (-96.675838 32.8225038141009, -96.769163 32.78402196988319",161.0
FORT WORTH 22 0-FORT WORTH 7 0-i_1351,"LINESTRING (-97.38336499999998 32.69822643369301, -97.269357 32.746676750210995",161.0
LOCKHART 0-BUDA 0-i_2049,"LINESTRING (-97.667772 29.865227361700494, -97.834412 30.076021791058913",115.0
IRVING 1 0-FLOWER MOUND 1 0-i_1092,"LINESTRING (-96.98580000000001 32.916782386121895, -97.05647000000002 33.030295491566",161.0
FORT WORTH 2 0-ARLINGTON 1 1-i_988,"LINESTRING (-97.177363 32.773493479634304, -97.12769 32.772671457267094",161.0
FALFURRIAS 0-RIVIERA 0-i_725,"LINESTRING (-98.207213 26.8740947680303, -97.89237 27.132739526661698",115.0
ROCKSPRINGS 0-CAMP WOOD 0-i_314,"LINESTRING (-100.27707600000002 29.981855673190605, -100.069588 29.6684440839131",115.0
LAREDO 4 0-OILTON 1-i_772,"LINESTRING (-99.339796 27.3671490151858, -98.983678 27.48166864386469",230.0
WHARTON 1 2-WHARTON 2 0-i_2881,"LINESTRING (-96.0323 29.26581886477861, -96.182821 29.342819929568304",115.0
OWENS_SOLAR - CLIFTON 2 0 - 3273,"LINESTRING (-97.62 31.85, -97.537568 31.8109437000562",161.0
SAN ANTONIO 21 0-SAN ANTONIO 27 0-i_1830,"LINESTRING (-98.470985 29.586133541475096, -98.490053 29.462103469130412",115.0
CLARKSVILLE 0-PARIS 1 1-i_199,"LINESTRING (-94.988258 33.6570701474704, -95.554 33.62480490119471",161.0
BISHOP 0-CORPUS CHRISTI 16 0-i_537,"LINESTRING (-97.81380000000001 27.56331738547781, -97.470816 27.6514925206554",115.0
HOUSTON 22 0-HOUSTON 39 0-i_2468,"LINESTRING (-95.30531 29.741063395721014, -95.387702 29.750972052268914",115.0
HOUSTON 29 0-HOUSTON 20 0-i_2320,"LINESTRING (-95.337809 29.86090238954111, -95.29638 29.860034367816805",115.0
DEER PARK 1-PASADENA 1 1-i_2485,"LINESTRING (-95.114456 29.720683887687706, -95.19587800000001 29.72083189137611",230.0
WILLIS 2 1-CONROE 3 0-i_2580,"LINESTRING (-95.34227200000001 30.46516824736051, -95.36814 30.37174230277721",115.0
ROSCOE 5 2 - CHARBRAY_SOLAR - 3234,"LINESTRING (-100.51950000000001 32.3061147297888, -100.82 32.33",500.0
HOUSTON 40 0-HOUSTON 20 0-i_2572,"LINESTRING (-95.38892700000001 29.88786306457909, -95.29638 29.860034367816805",115.0
WACO 2 0-GRANBURY 1 0-i_1450,"LINESTRING (-97.08771 31.61482274425611, -97.713686 32.34030338183329",500.0
ROWLETT 1 0-ROWLETT 2 0-i_1183,"LINESTRING (-96.546785 32.89542780297219, -96.55276700000002 32.93565990190759",161.0
ALEDO 1 1-FORT WORTH 20 0-i_881,"LINESTRING (-97.49980000000001 32.718176975589984, -97.375938 32.6504931383529",161.0
SAN ANTONIO 32 0-SAN ANTONIO 12 0-i_1708,"LINESTRING (-98.521623 29.419895426275307, -98.40249100000001 29.58335747258072",230.0
LAKE JACKSON 0-FREEPORT 1 1-i_2884,"LINESTRING (-95.465043 29.0441696229416, -95.306 28.97390134047749",230.0
FORT DAVIS 0-VAN HORN 0-i_16,"LINESTRING (-103.750065 30.998797517330914, -104.615514 31.08731425376499",115.0
OBSIDIAN_SOLAR - PADUCAH 0 - 3290,"LINESTRING (-100.34 34.01, -100.27824700000001 33.988352320811096",161.0
PLANO 4 0-ALLEN 2 0-i_959,"LINESTRING (-96.736408 33.087672064856704, -96.690364 33.11191473032849",161.0
RIO HONDO 0-SEBASTIAN 2 0-i_615,"LINESTRING (-97.480015 26.2549059684428, -97.57489999999999 26.3242668292268",115.0
PASADENA 3 2-HOUSTON 7 0-i_2763,"LINESTRING (-95.03140000000002 29.613737066041498, -95.11577 29.611098161292116",115.0
DALLAS 43 0-DUNCANVILLE 2 0-i_1505,"LINESTRING (-96.932965 32.67381377099551, -96.912868 32.640786875159606",161.0
AUSTIN 25 0-AUSTIN 11 0-i_1648,"LINESTRING (-97.76245000000002 30.290781218580197, -97.70069400000001 30.329332196563016",115.0
CHANDLER 0-ATHENS 1 0-i_3014,"LINESTRING (-95.512442 32.2653479932959, -95.798608 32.2379181537849",115.0
CORPUS CHRISTI 1 1-CORPUS CHRISTI 14 0-i_789,"LINESTRING (-97.4283 27.813899999999997, -97.436795 27.8463549371006",115.0
MANCHACA 0-SAN MARCOS 2-i_1896,"LINESTRING (-97.87108700000002 30.13031515988761, -97.96184400000001 29.875167555813093",115.0
FORT STOCKTON 3 0-FORT STOCKTON 1 0-i_69,"LINESTRING (-102.78179200000001 30.74127091181511, -102.49680800000002 30.766388525922405",115.0
SAN ANTONIO 31 0-SAN ANTONIO 30 0-i_1667,"LINESTRING (-98.521662 29.587523575974096, -98.51943000000001 29.51389475062251",115.0
FORT WORTH 4 0-FORT WORTH 17 0-i_1444,"LINESTRING (-97.248532 32.86600199996451, -97.350985 32.77867862073289",161.0
AUSTIN 35 0-AUSTIN 36 0-i_1907,"LINESTRING (-97.891423 30.375404366823716, -97.947609 30.3758653785418",115.0
COLORADO CITY 1 - ODESSA 1 8 - 3236,"LINESTRING (-100.9 32.33, -102.3084 31.834183240019108",500.0
BRYSON 1 1-BRYSON 2 0-i_1194,"LINESTRING (-98.32906900000002 33.19977648884561, -98.373374 33.270406353573506",161.0
BACLIFF 0-DICKINSON 0-i_2245,"LINESTRING (-94.98364700000002 29.504655521862414, -95.027451 29.454258275192284",115.0
DALLAS 29 0-DALLAS 25 0-i_1482,"LINESTRING (-96.816371 32.7843747757602, -96.79579 32.785320801509584",161.0
WEST COLUMBIA 0-DAMON 0-i_2702,"LINESTRING (-95.674469 29.149328049449416, -95.66406200000002 29.2573654232844",115.0
ARLINGTON 4 0-FORT WORTH 3 0-i_1467,"LINESTRING (-97.079596 32.7518498908807, -97.214058 32.7450037047212",161.0
ALVIN 1-LEAGUE CITY 0-i_2400,"LINESTRING (-95.17856 29.422491490378206, -95.082987 29.501283438387105",230.0
WINONA 0-TYLER 3 0-i_3096,"LINESTRING (-95.09735300000001 32.47616417767251, -95.20407 32.4123338742814",115.0
ENCINAL 0-LAREDO 7 1-i_498,"LINESTRING (-99.39019300000001 28.035329050485206, -99.66388200000002 27.8271417951826",115.0
HILL_SOLAR - HILLSBORO 0 - 3336,"LINESTRING (-97.22 32.01, -97.124361 32.01635634651811",161.0
HUFFMAN 0-DAYTON 1-i_2295,"LINESTRING (-95.09525800000002 30.060675404555806, -94.913354 30.0519431847122",115.0
HOUSTON 49 0-HOUSTON 36 0-i_2446,"LINESTRING (-95.422667 29.823949465216693, -95.37595300000001 29.82909159377739",115.0
FORT WORTH 9 0-FORT WORTH 7 0-i_1530,"LINESTRING (-97.287923 32.857265761682, -97.269357 32.746676750210995",161.0
JACKSONVILLE 1 1-TYLER 7 0-i_3173,"LINESTRING (-94.953834 31.933739848500522, -95.310228 32.228975554374315",230.0
HURST 0-FORT WORTH 2 0-i_1172,"LINESTRING (-97.176986 32.814779603666416, -97.177363 32.773493479634304",161.0
SILVERTON 0-RALLS 2 0-i_123,"LINESTRING (-101.278161 34.4515410554556, -101.522037 33.6526778415705",161.0
KATY 3 0-WHARTON 1 0-i_2878,"LINESTRING (-95.82525100000001 29.738129322559097, -96.0503 29.2815201581002",500.0
DALLAS 26 0-DALLAS 18 0-i_1416,"LINESTRING (-96.798192 32.9422050808012, -96.78389599999998 32.92187712750321",161.0
SUGAR LAND 3 1-MISSOURI CITY 2 0-i_2283,"LINESTRING (-95.69944900000002 29.667501563415392, -95.553828 29.47091068690631",230.0
ROSELAND_SOLAR - FRANKLIN 1 - 3265,"LINESTRING (-96.14 31.37, -96.45060000000001 31.17413989490129",230.0
HOUSTON 46 0-HOUSTON 71 0-i_2728,"LINESTRING (-95.407483 29.7690450937819, -95.51212500000001 29.685445009977308",115.0
DENTON 5 0-PONDER 0-i_845,"LINESTRING (-97.142438 33.21856466304279, -97.30802799999998 33.19629404994419",161.0
BLACKWELL 0-MERKEL 1 1-i_325,"LINESTRING (-100.2596 32.192007078000785, -100.140986 32.3121361342405",115.0
MAGNOLIA 2 0-HOCKLEY 0-i_2315,"LINESTRING (-95.74566 30.1537667518341, -95.830133 30.045126013122413",115.0
KINGWOOD 1 0-HUMBLE 2 0-i_2600,"LINESTRING (-95.154343 30.050612151206995, -95.282617 30.014807250419512",115.0
CORPUS CHRISTI 12 0-CORPUS CHRISTI 8 0-i_676,"LINESTRING (-97.42750100000002 27.720142372574408, -97.376247 27.72352072667011",115.0
SAN ANTONIO 37 0-SAN ANTONIO 50 0-i_2017,"LINESTRING (-98.56513100000001 29.499201386850604, -98.72635399999999 29.398379895204194",500.0
EULESS 2 0-ARLINGTON 6 0-i_1062,"LINESTRING (-97.087723 32.8116865194124, -97.09645200000001 32.782530725569714",161.0
SUNSET 0-ALVORD 0-i_198,"LINESTRING (-97.742818 33.4499837633856, -97.660953 33.3664199813092",161.0
HOUSTON 18 0-HOUSTON 24 0-i_2462,"LINESTRING (-95.27053700000002 29.716023771561908, -95.314675 29.719323853795196",115.0
PASADENA 2 1-PASADENA 3 1-i_2191,"LINESTRING (-95.162079 29.722248926690806, -95.03140000000002 29.619996382330505",230.0
GEORGETOWN 3 0-LEANDER 1 1-i_1657,"LINESTRING (-97.798899 30.83561298057422, -97.899257 30.560071073585085",230.0
WINNIE 0-BAYTOWN 4 0-i_2780,"LINESTRING (-94.594021 29.8623021786516, -94.861724 29.86919559712649",115.0
NOCONA 0-HENRIETTA 0-i_211,"LINESTRING (-97.95480200000002 33.78709021859431, -98.193251 33.75250380259039",161.0
WEATHERFORD 3 0-WEATHERFORD 2 0-i_1574,"LINESTRING (-97.894219 32.84235401141162, -97.787485 32.7525419096998",161.0
LEONARD 0-WOLFE CITY 0-i_186,"LINESTRING (-96.170163 33.4354317555611, -95.93670700000001 33.41486233165111",161.0
HOUSTON 18 0-HOUSTON 14 0-i_2457,"LINESTRING (-95.27053700000002 29.716023771561908, -95.24879300000002 29.687322056705803",115.0
STAMFORD 0-ROTAN 0-i_343,"LINESTRING (-99.841964 32.9348683245488, -100.489206 32.88577197227201",115.0
DALLAS 29 0-DALLAS 34 0-i_1481,"LINESTRING (-96.816371 32.7843747757602, -96.837348 32.6584373538186",161.0
SUGAR LAND 1 0-HOUSTON 83 0-i_2419,"LINESTRING (-95.602093 29.617808327972007, -95.581217 29.697186302317807",115.0
MILLSAP 0-MINERAL WELLS 0-i_1287,"LINESTRING (-97.984148 32.69839721922762, -98.117806 32.793549687378",161.0
SARITA 2 0-SARITA 3 0-i_512,"LINESTRING (-97.53910000000002 27.113291412381788, -97.4969 27.0637885794484",115.0
PRAIRIE VIEW 0-PATTISON 0-i_2202,"LINESTRING (-95.98689300000001 30.084342000680408, -96.00861500000002 29.7901876216211",115.0
HUTCHINS 0-DALLAS 14 0-i_1328,"LINESTRING (-96.69191600000002 32.6360947479536, -96.755851 32.66302247819911",161.0
IRAAN 2 0-IRAAN 1 0-i_19,"LINESTRING (-102.192433 30.92529076483021, -102.0777 30.911622882268297",115.0
BUCKHOLTS 0-BURLINGTON 0-i_2078,"LINESTRING (-97.139898 30.846471680159613, -97.11169 31.0146615443355",115.0
MARION 1 1-NEW BRAUNFELS 2 1-i_1761,"LINESTRING (-98.1275 29.621896429536815, -98.06208599999998 29.694376232341686",230.0
LOS FRESNOS 0-RIO HONDO 0-i_691,"LINESTRING (-97.262778 26.22854150341792, -97.480015 26.2549059684428",115.0
TRENT 1 0-SWEETWATER 3 0-i_416,"LINESTRING (-100.22665200000002 32.4240226617666, -100.3757 32.34111708180161",115.0
CLIFTON 2 0-MORGAN 0-i_1198,"LINESTRING (-97.537568 31.8109437000562, -97.52076000000001 31.982882117322887",161.0
FORNEY 0-ROCKWALL 1 0-i_1246,"LINESTRING (-96.4513 32.74075558922512, -96.43257000000001 32.84926154341491",161.0
FORT WORTH 2 0-ARLINGTON 1 1-i_989,"LINESTRING (-97.177363 32.773493479634304, -97.12769 32.772671457267094",161.0
FORT STOCKTON 2 0-IRAAN 1 0-i_106,"LINESTRING (-102.34662799999998 30.801087757718893, -102.0777 30.911622882268297",115.0
TYLER 9 0-TYLER 8 0-i_3089,"LINESTRING (-95.43434799999999 32.40702851693761, -95.38181400000002 32.298149194855114",115.0
AUSTIN 32 0-AUSTIN 29 0-i_1997,"LINESTRING (-97.86559 30.265650581658207, -97.82039800000001 30.16462002592501",115.0
GREENVILLE 1 0-ALLEN 1 0-i_949,"LINESTRING (-96.10840000000002 33.1646730744551, -96.603447 33.08717405119059",500.0
DUBLIN 2 0-HAMILTON 0-i_1332,"LINESTRING (-98.33962000000001 32.06919986983959, -98.178029 31.68068708726791",161.0
BRYAN 2 0-BRYAN 1 2-i_3199,"LINESTRING (-96.36331600000001 30.64121549386309, -96.45 30.706224899113298",115.0
AUSTIN 27 0-CEDAR CREEK 1 1-i_2058,"LINESTRING (-97.79310000000001 30.20435503016379, -97.53560000000002 30.143309487828606",230.0
MADISONVILLE 0-CENTERVILLE 0-i_2998,"LINESTRING (-95.89634399999998 30.947497199492407, -95.925344 31.130289044105204",115.0
SAVOY 0-SHERMAN 1 0-i_133,"LINESTRING (-96.349605 33.62214771628871, -96.599893 33.57657454698819",500.0
HOUSTON 19 0-HOUSTON 31 0-i_2925,"LINESTRING (-95.27303000000002 29.644508991553792, -95.3533 29.695928270989704",115.0
WILMER 0-DALLAS 17 0-i_1401,"LINESTRING (-96.670733 32.60276584485829, -96.777615 32.70890072359171",161.0
SAN ANTONIO 1 1-SEGUIN 1 1-i_1925,"LINESTRING (-98.32889999999999 29.426391586690492, -97.958815 29.5905516511325",230.0
RALLS 2 0-CROSBYTON 0-i_124,"LINESTRING (-101.522037 33.6526778415705, -100.98111399999999 33.768493919295004",161.0
PROGRESO 0-EDINBURG 1 0-i_516,"LINESTRING (-97.95314 26.076710093046994, -98.083002 26.445030573774606",115.0
ARLINGTON 11 0-FORT WORTH 8 0-i_1083,"LINESTRING (-97.21387600000001 32.63722377856069, -97.271334 32.61763224758379",161.0
FORT WORTH 19 0-FORT WORTH 21 0-i_1540,"LINESTRING (-97.359895 32.70621565066099, -97.37813 32.73963555877639",161.0
CORPUS CHRISTI 3 0-TAFT 1 0-i_688,"LINESTRING (-97.2937 27.58087585581529, -97.2859 27.989442342071293",230.0
FORT WORTH 23 0-FORT WORTH 24 0-i_892,"LINESTRING (-97.41301500000002 32.66488052860689, -97.416975 32.5794312130609",161.0
DALLAS 26 0-DALLAS 24 0-i_829,"LINESTRING (-96.798192 32.9422050808012, -96.793734 32.9672827665192",161.0
PASADENA 1 2-HOUSTON 14 0-i_2554,"LINESTRING (-95.203078 29.713328191541795, -95.24879300000002 29.687322056705803",115.0
STANTON 1 - COLORADO CITY 1 - 3220,"LINESTRING (-101.745488 32.4837446892457, -100.9 32.33",500.0
HOUSTON 44 0-HOUSTON 43 0-i_2748,"LINESTRING (-95.40131300000002 29.677747818385797, -95.41254800000002 29.704285479127485",115.0
CLEBURNE 2 0-NEMO 0-i_887,"LINESTRING (-97.499356 32.270575344012904, -97.64614100000001 32.26013364350169",161.0
MANSFIELD 0-GLEN ROSE 1 0-i_940,"LINESTRING (-97.184054 32.50154410714119, -97.767515 32.29227880069791",500.0
BAYTOWN 2 0-ALVIN 0-i_2388,"LINESTRING (-94.8947 29.770600132592996, -95.18288 29.422491490378206",500.0
BIG SPRING 6 0-SILVER 1-i_102,"LINESTRING (-101.41343600000002 32.267094110442, -100.65570000000001 32.043897182145",115.0
BRUNI 1 0-LAREDO 2 0-i_800,"LINESTRING (-98.89447800000002 27.569728758356298, -99.11708500000002 27.745375004820406",115.0
BRENHAM 2-CHAPPELL HILL 0-i_1778,"LINESTRING (-96.399472 30.199519206920616, -96.24944199999999 30.116072119264302",115.0
NEW BRAUNFELS 1 0-NEW BRAUNFELS 2 0-i_1758,"LINESTRING (-98.01560000000002 29.73469923703731, -98.066406 29.694376232341686",500.0
AUSTIN 23 0-AUSTIN 22 0-i_2062,"LINESTRING (-97.757464 30.400169996549405, -97.751744 30.455913415657587",115.0
CITRINE_SOLAR - PADUCAH 0 - 3291,"LINESTRING (-100.38 34.01, -100.27824700000001 33.988352320811096",161.0
KRUM 0-ARGYLE 0-i_1113,"LINESTRING (-97.298709 33.2764152573407, -97.17018200000001 33.11226273988471",161.0
CUSHING 1 0-JACKSONVILLE 1 1-i_3155,"LINESTRING (-94.88263999999998 31.82601469861781, -94.953834 31.933739848500522",230.0
DODD CITY 0 - PHOENIX_SOLAR - 3328,"LINESTRING (-96.06315600000002 33.60954283932669, -96.18 33.53",161.0
AUSTIN 24 0-AUSTIN 27 1-i_2061,"LINESTRING (-97.76148100000002 30.240543945822285, -97.78878 30.20435503016379",115.0
HOUSTON 39 0-HOUSTON 56 0-i_2810,"LINESTRING (-95.387702 29.750972052268914, -95.45000900000001 29.737578308820204",115.0
DALLAS 32 0-DALLAS 13 0-i_1307,"LINESTRING (-96.83499100000002 32.708981725792, -96.753246 32.7481797910802",161.0
TYLER 1 0-HENDERSON 2 0-i_3194,"LINESTRING (-95.077688 32.35654911949158, -94.719328 32.23331884548082",115.0
LLANO 0-FREDERICKSBURG 0-i_316,"LINESTRING (-98.90926599999999 30.647551899745288, -98.86768300000001 30.274720146851507",115.0
SUGAR LAND 1 0-SUGAR LAND 2 2-i_2416,"LINESTRING (-95.602093 29.617808327972007, -95.63169600000002 29.560733394819216",115.0
NAZARETH_SOLAR 0 - FRYE_SOLAR 1 - 3214,"LINESTRING (-102.1 34.49, -102.02 34.41",161.0
SANTA ROSA 2 0-HARLINGEN 2 0-i_723,"LINESTRING (-97.785892 26.338804639633505, -97.734596 26.24637449421479",115.0
ARROYO_SOLAR - SAN PERLITA 0 - 3268,"LINESTRING (-97.62 26.29, -97.68031099999999 26.46883290649291",230.0
BISHOP 0-CORPUS CHRISTI 16 0-i_538,"LINESTRING (-97.81380000000001 27.56331738547781, -97.470816 27.6514925206554",115.0
KAUFMAN 0-MABANK 1 0-i_1117,"LINESTRING (-96.246103 32.562733026121585, -96.070558 32.4305991049394",161.0
HAMLIN 1 - ELROND - 3356,"LINESTRING (-100.1 32.85, -99.58 33.09",230.0
BELTON 0-KILLEEN 3 0-i_1153,"LINESTRING (-97.489109 31.04551954337379, -97.73561700000002 31.00346981975701",500.0
PEARLAND 2 0-HOUSTON 35 0-i_2432,"LINESTRING (-95.346468 29.542819467209306, -95.375096 29.6536102178675",115.0
VICTORIA 3 1-FANNIN 1-i_563,"LINESTRING (-97.177082 28.664095525985708, -97.192567 28.706485129612496",115.0
NEWARK 0-RHOME 0-i_1261,"LINESTRING (-97.440809 32.998434618972404, -97.45919300000001 33.09095215487141",161.0
HOUSTON 55 0-HOUSTON 58 0-i_2655,"LINESTRING (-95.437594 29.91609877213401, -95.449019 29.878989842351405",115.0
MATADOR 0-SPUR 0-i_182,"LINESTRING (-100.375217 33.70469446650242, -100.705732 33.335037813167716",161.0
CIBOLO 0-SCHERTZ 0-i_1635,"LINESTRING (-98.21695199999999 29.572499203165, -98.25904200000001 29.544562510412298",115.0
POTEET 0-NATALIA 0-i_505,"LINESTRING (-98.638709 29.077332012799705, -98.838565 29.197285948688712",115.0
SAN ANTONIO 49 0-SAN ANTONIO 38 0-i_1670,"LINESTRING (-98.70202799999998 29.338826427082093, -98.566452 29.340024456589408",115.0
SAN ANTONIO 13 0-SAN ANTONIO 25 0-i_1877,"LINESTRING (-98.411598 29.5355682875071, -98.484282 29.534758267435326",115.0
MISAE_SOLAR 2 0 - MISAE_SOLAR 1 1 - 3229,"LINESTRING (-100.06 34.45, -100.18 34.37",230.0
LA GRANGE 0-WINCHESTER 0-i_1794,"LINESTRING (-96.73260000000002 29.91095922557381, -96.96949999999998 30.031866816332393",500.0
SAN ANTONIO 21 0-SAN ANTONIO 13 0-i_1828,"LINESTRING (-98.470985 29.586133541475096, -98.411598 29.5355682875071",115.0
LITTLE ELM 0-DENTON 6 0-i_1405,"LINESTRING (-96.94695100000001 33.1740844388876, -97.18024400000002 33.22528584814511",161.0
ALBANY 1 3-LUEDERS 0-i_338,"LINESTRING (-99.3868 32.75013543757941, -99.68549199999998 32.8625713896909",115.0
ALLEN 2 0-MCKINNEY 3 1-i_1029,"LINESTRING (-96.690364 33.11191473032849, -96.68763 33.1696223161641",161.0
IRVING 5 0-COLLEYVILLE 0-i_1190,"LINESTRING (-96.993135 32.872414174893514, -97.14604099999998 32.88936863757011",161.0
SAN ANTONIO 9 0-SAN ANTONIO 8 0-i_2148,"LINESTRING (-98.390714 29.41564232126721, -98.38376100000002 29.444142025181716",115.0
CORPUS CHRISTI 2 0-TAFT 2 0-i_646,"LINESTRING (-97.51909999999998 27.825832718387318, -97.45427999999998 27.936055633502797",115.0
BELTON 0-ROCKDALE 1 0-i_1154,"LINESTRING (-97.489109 31.04551954337379, -97.04603200000001 30.55967127726221",500.0
DESOTO 0-DUNCANVILLE 1 0-i_1206,"LINESTRING (-96.860475 32.5970006887262, -96.908282 32.658235348339204",161.0
YOAKUM 0 - TULSITA_SOLAR 1 - 3253,"LINESTRING (-97.06553300000002 29.196052911725797, -97.22 28.81",230.0
COLLEGE STATION 1 0-BRYAN 1 1-i_3149,"LINESTRING (-96.261783 30.555184990626806, -96.43920000000001 30.71551025762",230.0
ATASCOSA 0-NATALIA 0-i_1623,"LINESTRING (-98.73366699999998 29.2805229924034, -98.838565 29.197285948688712",115.0
IRVING 4 0-IRVING 5 0-i_1191,"LINESTRING (-96.96331500000001 32.82348684088511, -96.993135 32.872414174893514",161.0
PAIGE 0-BASTROP 2-i_1609,"LINESTRING (-97.20989899999996 30.29766860129109, -97.2348 30.1269195886573",115.0
TULSITA_SOLAR 1 - VICTORIA 3 0 - 3254,"LINESTRING (-97.22 28.81, -97.18788200000002 28.664095525985708",230.0
RIO GRANDE CITY 0-FALFURRIAS 0-i_741,"LINESTRING (-98.51263200000001 26.57648994821521, -98.207213 26.8740947680303",115.0
IRAAN 1 0-IRAAN 3 0-i_96,"LINESTRING (-102.0777 30.911622882268297, -101.9118 30.878520746255205",115.0
MARBLE FALLS 2 2-KINGSLAND 0-i_320,"LINESTRING (-98.2952 30.54049837392111, -98.433748 30.666625121948993",115.0
CHRISTINE 1-JOURDANTON 0-i_551,"LINESTRING (-98.4559 28.698084622597193, -98.47696 28.758224255335705",115.0
FORT WORTH 8 0-BURLESON 1-i_1086,"LINESTRING (-97.271334 32.61763224758379, -97.29790700000001 32.530237882444496",161.0
WACO 5 0-WACO 4 0-i_1014,"LINESTRING (-97.18600900000001 31.533586398792707, -97.143983 31.50761769261729",161.0
DALLAS 2 0-DALLAS 3 0-i_1460,"LINESTRING (-96.92860000000002 32.72067704351759, -96.674229 32.707882695939915",500.0
HOUSTON 91 0-KATY 2 1-i_2967,"LINESTRING (-95.67769200000001 29.766785037377996, -95.73350300000001 29.743180448514394",115.0
YANTIS 0-EMORY 0-i_3122,"LINESTRING (-95.55915400000002 32.91904924394449, -95.740061 32.87468621595572",115.0
SAN ANTONIO 43 0-SAN ANTONIO 23 0-i_1859,"LINESTRING (-98.61415500000001 29.46895663858341, -98.476915 29.438721891262013",115.0
HOUSTON 84 0-HOUSTON 91 0-i_2739,"LINESTRING (-95.58239 29.66836658493781, -95.67769200000001 29.766785037377996",115.0
CORPUS CHRISTI 1 1-CORPUS CHRISTI 14 0-i_790,"LINESTRING (-97.4283 27.813899999999997, -97.436795 27.8463549371006",115.0
ELDORADO 0 - PRICKLY_PEAR - 3308,"LINESTRING (-100.58646400000003 30.8773596713709, -100.54 31.01",115.0
MCALLEN 1 0-MISSION 2 0-i_739,"LINESTRING (-98.22757 26.265508557994696, -98.29097700000001 26.289978919501213",115.0
SAN ANTONIO 25 0-SAN ANTONIO 10 0-i_1874,"LINESTRING (-98.484282 29.534758267435326, -98.39352699999998 29.4891231374331",115.0
DALLAS 43 0-DALLAS 2 1-i_1462,"LINESTRING (-96.932965 32.67381377099551, -96.92139999999999 32.72067704351759",161.0
PRESIDIO 2 0-VAN HORN 0-i_5,"LINESTRING (-104.51013900000001 29.881803399284703, -104.615514 31.08731425376499",115.0
ROWLETT 2 0-SACHSE 0-i_1182,"LINESTRING (-96.55276700000002 32.93565990190759, -96.577283 32.96659174761798",161.0
EULESS 2 0-FORT WORTH 1 0-i_897,"LINESTRING (-97.087723 32.8116865194124, -97.045081 32.8215577883255",161.0
BARDWELL 0-ENNIS 1-i_1053,"LINESTRING (-96.74382700000001 32.20503095012969, -96.66060000000002 32.317566150555116",161.0
HOUSTON 7 0-PASADENA 4 0-i_2767,"LINESTRING (-95.11577 29.611098161292116, -95.136715 29.643140957541416",115.0
AUSTIN 16 0-AUSTIN 18 0-i_1981,"LINESTRING (-97.720203 30.279685937317403, -97.736369 30.124475012540103",115.0
ROUND ROCK 3 1-AUSTIN 1 1-i_2165,"LINESTRING (-97.63856600000001 30.499265520933893, -97.833946 30.394866861665406",230.0
SAN ANTONIO 44 0-SAN ANTONIO 41 0-i_1993,"LINESTRING (-98.620448 29.622221437611895, -98.579854 29.657982326608106",115.0
HOUSTON 27 0-PEARLAND 1 0-i_2721,"LINESTRING (-95.331533 29.66437748569099, -95.276139 29.55904886955949",115.0
MOUNT PLEASANT 1 1-TYLER 4 0-i_3036,"LINESTRING (-95.00570000000002 33.085667648788416, -95.291423 32.31585238389079",230.0
MARQUEZ 0-JEWETT 2 0-i_3018,"LINESTRING (-96.22028000000002 31.2297255137738, -96.143778 31.32336962352489",115.0
GREENVILLE 1 3-CUMBY 0-i_956,"LINESTRING (-96.0904 33.15563190928269, -95.794234 33.09206408763481",115.0
GRANBURY 1 0-GLEN ROSE 1 0-i_1382,"LINESTRING (-97.713686 32.34030338183329, -97.767515 32.29227880069791",500.0
ARLINGTON 8 0-VENUS 0-i_1243,"LINESTRING (-97.145229 32.633137667794, -97.086728 32.4238910120167",161.0
CEDAR PARK 1-ROUND ROCK 4 0-i_1871,"LINESTRING (-97.81556 30.50146757711399, -97.72129800000002 30.5318743532431",230.0
WOLFE CITY 0 - CONIGLIO_SOlAR - 3339,"LINESTRING (-95.93670700000001 33.41486233165111, -96.06 33.37",161.0
SUGAR LAND 1 0-STAFFORD 0-i_2421,"LINESTRING (-95.602093 29.617808327972007, -95.564368 29.621806427300708",115.0
HUTTO 0-ROUND ROCK 2 0-i_1822,"LINESTRING (-97.542524 30.557562009461595, -97.64199 30.540875583132394",115.0
CHANNELVIEW 1 1-MONT BELVIEU 0-i_2847,"LINESTRING (-95.09333 29.81360120655609, -94.9125 29.822201421517615",230.0
CORSICANA 2 0-ENNIS 0-i_1251,"LINESTRING (-96.62174700000001 32.05183571151851, -96.6678 32.317566150555116",500.0
HOUSTON 30 0-SPRING 3 0-i_2776,"LINESTRING (-95.34981200000001 29.985310509065613, -95.46475999999998 30.134481265014582",115.0
NIXON 0-MARTINDALE 0-i_2031,"LINESTRING (-97.72683400000001 29.422645851624893, -97.776202 29.653338144464406",115.0
PASADENA 1 2-HOUSTON 14 0-i_2553,"LINESTRING (-95.203078 29.713328191541795, -95.24879300000002 29.687322056705803",115.0
LIBERTY 0-BAYTOWN 4 0-i_2778,"LINESTRING (-94.72444100000001 30.069427180079813, -94.861724 29.86919559712649",115.0
SAN ANTONIO 40 0-SAN ANTONIO 45 0-i_1625,"LINESTRING (-98.567679 29.458138371104788, -98.62670300000002 29.40411503673089",115.0
SHERMAN 2 0-TIOGA 0-i_269,"LINESTRING (-96.534205 33.5981340458303, -96.889124 33.4622403950709",161.0
BLACKWELL 0-SWEETWATER 5 0-i_326,"LINESTRING (-100.2596 32.192007078000785, -100.20174800000001 32.27968731952469",115.0
ROANOKE 0-FORT WORTH 16 0-i_1370,"LINESTRING (-97.22311999999998 33.006919851289794, -97.34235500000001 32.879388365189115",161.0
ROSCOE 5 2-STEPHENVILLE 0-i_388,"LINESTRING (-100.51950000000001 32.3061147297888, -98.18591700000002 32.2761477179342",500.0
JUNO_SOLAR - GREEN_HOLLY - 3218,"LINESTRING (-101.74 32.65, -101.82 32.53",500.0
LOVELADY 0-MIDWAY 0-i_3027,"LINESTRING (-95.490937 31.086201181539607, -95.70650900000001 30.953346577549894",115.0
DAYTON 1-LIBERTY 0-i_2294,"LINESTRING (-94.913354 30.0519431847122, -94.72444100000001 30.069427180079813",115.0
AUSTIN 21 0-CEDAR PARK 2-i_1872,"LINESTRING (-97.74471200000002 30.489897281967203, -97.81988 30.497745324081908",115.0
NOTREES 1 - ODESSA 6 1 - 3305,"LINESTRING (-102.54 31.81, -102.62 31.97",500.0
SUGAR LAND 1 0-SUGAR LAND 2 2-i_2410,"LINESTRING (-95.602093 29.617808327972007, -95.63169600000002 29.560733394819216",115.0
MT. ENTERPRISE 1-CUSHING 1 0-i_3130,"LINESTRING (-94.583743 32.0117210377083, -94.88263999999998 31.82601469861781",230.0
ROTAN 0-JAYTON 1-i_242,"LINESTRING (-100.489206 32.88577197227201, -100.48816700000002 32.9636812939513",115.0
JUNCTION 0-SONORA 0-i_312,"LINESTRING (-100.06015 30.452463437998798, -100.55162 30.435206339121493",115.0
MARION 1 0-SAN ANTONIO 2 0-i_1742,"LINESTRING (-98.13470000000001 29.621896429536815, -98.6067 29.586395547977702",500.0
MISSION 3 0-MISSION 4 1-i_594,"LINESTRING (-98.36105400000001 26.312459171317595, -98.354566 26.222276155465096",115.0
STAFFORD 0-HOUSTON 78 0-i_2565,"LINESTRING (-95.564368 29.621806427300708, -95.54263 29.649702120679894",115.0
SAN ANTONIO 25 0-SAN ANTONIO 41 0-i_1875,"LINESTRING (-98.484282 29.534758267435326, -98.579854 29.657982326608106",115.0
CANYON LAKE 0-WIMBERLEY 0-i_1814,"LINESTRING (-98.22463099999999 29.96864409047391, -98.13917600000002 30.031955681722",115.0
RIO GRANDE CITY 0-EDINBURG 3 0-i_494,"LINESTRING (-98.51263200000001 26.57648994821521, -98.267935 26.4439225117601",115.0
PANHANDLE 3 0-WHITE DEER 0-i_202,"LINESTRING (-101.56957200000001 35.380167850114994, -101.2349 35.47303661511711",161.0
COPPERAS COVE 0-GOLDTHWAITE 1 0-i_1346,"LINESTRING (-97.957424 31.212887416926495, -98.448667 31.377186142184094",500.0
FORT WORTH 21 0-FORT WORTH 18 0-i_1539,"LINESTRING (-97.37813 32.73963555877639, -97.355932 32.81408258467941",161.0
ALEDO 2 0-ALEDO 1 1-i_878,"LINESTRING (-97.627882 32.69328429949999, -97.49980000000001 32.718176975589984",161.0
FLUORITE_SOLAR - SABINAL 0 - 3346,"LINESTRING (-99.66 29.25, -99.621829 29.297538142913105",115.0
POINT COMFORT 2 2 - MUSTANG_CREEK - 3362,"LINESTRING (-96.50570000000002 28.67590892639741, -96.34 28.77",115.0
WEATHERFORD 2 0-WEATHERFORD 1 0-i_1237,"LINESTRING (-97.787485 32.7525419096998, -97.778698 32.680308947268315",161.0
BURNET 1-BUCHANAN DAM 2 0-i_461,"LINESTRING (-98.261425 30.79453333597571, -98.458066 30.930592107242788",115.0
RIESEL 1 0-CORSICANA 2 0-i_1250,"LINESTRING (-96.93914900000001 31.468237107671296, -96.62174700000001 32.05183571151851",500.0
CLIFTON 1 0-WHITNEY 0-i_1039,"LINESTRING (-97.35770000000001 31.863285169870892, -97.32142100000002 31.95359216848691",161.0
ANDERSON 0-SHIRO 2-i_3022,"LINESTRING (-96.002435 30.521784857838508, -95.8818 30.576904189711893",115.0
OILTON 1 - ZORRO_SOLAR - 3259,"LINESTRING (-98.983678 27.48166864386469, -98.82 27.49",230.0
MISSOURI CITY 1 0-RICHMOND 1 0-i_2321,"LINESTRING (-95.51194900000002 29.59792983429211, -95.67658600000001 29.480170915947696",115.0
THE COLONY 0-LEWISVILLE 1 0-i_1438,"LINESTRING (-96.908791 33.067878521835695, -96.96020600000001 33.066059471945906",161.0
SEBASTIAN 2 0-SEBASTIAN 1 0-i_617,"LINESTRING (-97.57489999999999 26.3242668292268, -97.65780000000001 26.342467843903417",115.0
LANCASTER 2 0-DALLAS 14 0-i_1329,"LINESTRING (-96.77445800000001 32.61523718269132, -96.755851 32.66302247819911",161.0
BRENHAM 1-CALDWELL 0-i_1776,"LINESTRING (-96.388672 30.208852977826588, -96.665432 30.535363724672102",230.0
AUSTIN 8 0-AUSTIN 16 0-i_1952,"LINESTRING (-97.67995700000002 30.2674816280489, -97.720203 30.279685937317403",115.0
LAREDO 6 0-LAREDO 4 1-i_569,"LINESTRING (-99.493143 27.50742513822979, -99.328996 27.3671490151858",115.0
DALLAS 2 1-DALLAS 40 0-i_1465,"LINESTRING (-96.92139999999999 32.72067704351759, -96.874436 32.8111555049485",161.0
WICHITA FALLS 1 0-OLNEY 1 0-i_220,"LINESTRING (-98.4751 33.90732463442219, -98.693944 33.377598754067705",500.0
PANHANDLE 2 0 - FRYE_SOLAR 0 - 3206,"LINESTRING (-101.29283300000002 35.232452121577005, -102.02 34.41",500.0
MERKEL 1 0-ROSCOE 5 0-i_384,"LINESTRING (-100.15898600000001 32.3121361342405, -100.5087 32.3061147297888",230.0
EMORY 0-GRAND SALINE 0-i_3060,"LINESTRING (-95.740061 32.87468621595572, -95.678531 32.6405102924386",115.0
NEWGULF 1-NEEDVILLE 0-i_2905,"LINESTRING (-95.86370000000001 29.257618689509805, -95.80341099999998 29.380073443621786",115.0
ROCKPORT 0-WOODSBORO 0-i_533,"LINESTRING (-97.18789000000001 28.114350724206915, -97.37325100000001 28.1807396601043",115.0
FALCON HEIGHTS 2 0-ROMA 0-i_604,"LINESTRING (-99.094088 26.671762313868392, -99.103986 26.526108117951612",115.0
CLEBURNE 1 0-CLEBURNE 2 0-i_885,"LINESTRING (-97.32394000000001 32.390156103220804, -97.499356 32.270575344012904",161.0
PANHANDLE 2 1-PANHANDLE 1 0-i_152,"LINESTRING (-101.27483299999999 35.232452121577005, -101.36377799999998 35.43691198179582",161.0
THE COLONY 0-CARROLLTON 2 0-i_1322,"LINESTRING (-96.908791 33.067878521835695, -96.893142 33.0028467397653",161.0
SNYDER 2 1-HERMLEIGH 1-i_434,"LINESTRING (-100.92586100000001 32.7410021133028, -100.6368 32.58253336574679",161.0
COPPELL 0-SOUTHLAKE 0-i_1399,"LINESTRING (-96.981064 32.961000594697616, -97.144982 32.957505499117",161.0
DALLAS 23 0-DALLAS 21 0-i_838,"LINESTRING (-96.791914 32.83347311301839, -96.786759 32.86246790356459",161.0
HOUSTON 82 0-HOUSTON 73 0-i_2226,"LINESTRING (-95.58003400000001 29.810188121261906, -95.519364 29.81339420138271",115.0
HUFFMAN 0-DAYTON 1-i_2296,"LINESTRING (-95.09525800000002 30.060675404555806, -94.913354 30.0519431847122",115.0
DEVINE 0-D HANIS 0-i_1767,"LINESTRING (-99.159888 29.129547839010886, -99.32018200000002 29.279005003508807",115.0
ALLEN 1 1-PLANO 1 0-i_1058,"LINESTRING (-96.599127 33.08717405119059, -96.611882 33.019378192483",161.0
AUSTIN 1 0-AUSTIN 3 0-i_1720,"LINESTRING (-97.838266 30.394866861665406, -97.791608 30.29093722253551",500.0
ROSCOE 2 0 - HOLSTEIN 2 - 3330,"LINESTRING (-100.64840000000001 32.4633253114801, -100.38 32.49",230.0
SPRING 1 0-SPRING 2 1-i_2251,"LINESTRING (-95.35277700000002 30.097902342435898, -95.37532599999999 30.059676379401296",115.0
KENEDY 1-PETTUS 0-i_743,"LINESTRING (-97.873358 28.72709737424611, -97.94800100000002 28.534574780958206",115.0
FORT STOCKTON 3 0-ALPINE 0-i_57,"LINESTRING (-102.78179200000001 30.74127091181511, -103.21336000000001 29.795846024417514",115.0
FORT WORTH 11 0-FORT WORTH 15 0-i_1496,"LINESTRING (-97.314201 32.72626519536611, -97.33466499999999 32.7054076287149",161.0
SANDIA 0-MATHIS 0-i_763,"LINESTRING (-97.953915 28.086809093890796, -97.799031 28.0968956907926",115.0
HOUSTON 4 2-HOUSTON 39 0-i_2686,"LINESTRING (-95.38095999999999 29.709792264146415, -95.387702 29.750972052268914",115.0
HOUSTON 36 0-HOUSTON 53 0-i_2842,"LINESTRING (-95.37595300000001 29.82909159377739, -95.43236600000002 29.85056913096469",115.0
SEGUIN 1 0-NEW BRAUNFELS 2 0-i_1757,"LINESTRING (-97.96601500000001 29.5905516511325, -98.066406 29.694376232341686",500.0
FORT WORTH 11 0-FORT WORTH 15 0-i_1497,"LINESTRING (-97.314201 32.72626519536611, -97.33466499999999 32.7054076287149",161.0
SPRINGTOWN 0-WEATHERFORD 2 0-i_903,"LINESTRING (-97.69300000000001 32.8506485812347, -97.787485 32.7525419096998",161.0
MIAMI 0-PANHANDLE 2 0-i_148,"LINESTRING (-100.527811 35.648038404923994, -101.29283300000002 35.232452121577005",500.0
CISCO 0-BAIRD 0-i_1126,"LINESTRING (-99.155736 32.54993516064611, -99.18927200000002 32.33506867521152",161.0
MONAHANS 1 0-KERMIT 0-i_86,"LINESTRING (-102.92730000000002 31.57776630436199, -103.129992 31.6901247102362",115.0
BIG SPRINGS 0-BIG SPRING 5 0-i_12,"LINESTRING (-101.21100000000001 32.03289644876491, -101.37933299999999 32.201407707471816",115.0
STREETMAN 0-FAIRFIELD 3 0-i_3110,"LINESTRING (-96.32092199999998 31.7591182694809, -96.08462100000001 31.77643841542781",115.0
EDINBURG 1 0-EDINBURG 3 0-i_492,"LINESTRING (-98.083002 26.445030573774606, -98.267935 26.4439225117601",115.0
MARKUM_SOLAR - CHINA SPRING 0 - 3283,"LINESTRING (-97.38 31.69, -97.316271 31.687820558125996",161.0
HOUSTON 18 0-HOUSTON 22 0-i_2456,"LINESTRING (-95.27053700000002 29.716023771561908, -95.30531 29.741063395721014",115.0
ROSCOE 5 2-STEPHENVILLE 0-i_387,"LINESTRING (-100.51950000000001 32.3061147297888, -98.18591700000002 32.2761477179342",500.0
GANADO 0-EDNA 0-i_2843,"LINESTRING (-96.48081000000002 29.014636821926715, -96.68071499999999 29.03612013188931",115.0
LUFKIN 2 0-NACOGDOCHES 1 0-i_3167,"LINESTRING (-94.632414 31.2955538069836, -94.518216 31.5029123836078",115.0
ELSA 0-SANTA ROSA 2 0-i_656,"LINESTRING (-98.030361 26.301376554056098, -97.785892 26.338804639633505",115.0
ELGIN 0-PAIGE 0-i_1615,"LINESTRING (-97.35762400000002 30.336098368327097, -97.20989899999996 30.29766860129109",115.0
EASTLAND 0-DE LEON 0-i_1159,"LINESTRING (-98.65502 32.4898020981083, -98.543257 32.2925078160736",161.0
KILLEEN 3 0-COPPERAS COVE 0-i_1562,"LINESTRING (-97.73561700000002 31.00346981975701, -97.957424 31.212887416926495",500.0
CROCKETT 0-DIBOLL 0-i_3076,"LINESTRING (-95.24673900000002 31.182738454327104, -94.749734 31.18077332646279",115.0
TEXAS CITY 2 0-BACLIFF 0-i_2249,"LINESTRING (-94.99365400000003 29.39669385360231, -94.98364700000002 29.504655521862414",115.0
QUEMADO 0-BRACKETTVILLE 1 0-i_476,"LINESTRING (-100.58438599999997 28.94487257409901, -100.374889 29.3226116854622",115.0
SAN ANTONIO 33 0-SAN ANTONIO 34 0-i_2029,"LINESTRING (-98.522419 29.38547657687929, -98.525289 29.46590556313739",115.0
LEAGUE CITY 0-MISSOURI CITY 2 0-i_2398,"LINESTRING (-95.082987 29.501283438387105, -95.553828 29.47091068690631",230.0
PASADENA 4 0-LA PORTE 0-i_2977,"LINESTRING (-95.136715 29.643140957541416, -95.037022 29.69233618154429",115.0
HONEY GROVE 0-TELEPHONE 0-i_137,"LINESTRING (-95.891109 33.609170813447996, -95.98782300000002 33.77273121529389",161.0
EULESS 1 0-SOUTHLAKE 0-i_1336,"LINESTRING (-97.08242800000001 32.857865778045806, -97.144982 32.957505499117",161.0
WHITNEY 0-RIO VISTA 0-i_1204,"LINESTRING (-97.32142100000002 31.95359216848691, -97.386815 32.10241308697401",161.0
ABBOTT 0-MALONE 0-i_1239,"LINESTRING (-97.07641 31.875613987914, -96.895503 31.918492835220285",161.0
HOUSTON 46 0-HOUSTON 31 0-i_2727,"LINESTRING (-95.407483 29.7690450937819, -95.3533 29.695928270989704",115.0
BARTLETT 0-ROSEBUD 0-i_1213,"LINESTRING (-97.282628 30.783068598473612, -96.944514 31.076100526231603",161.0
ALTO 0-NACOGDOCHES 3 0-i_3108,"LINESTRING (-95.05309 31.606818216999713, -94.731721 31.625611455095406",115.0
BAYTOWN 2 2-MONT BELVIEU 1-i_2392,"LINESTRING (-94.8875 29.76560021060301, -94.9053 29.822201421517615",115.0
SAN ANTONIO 50 1-SAN ANTONIO 51 0-i_1986,"LINESTRING (-98.722034 29.398379895204194, -98.730432 29.535276280271308",230.0
AUSTIN 16 0-AUSTIN 19 0-i_1900,"LINESTRING (-97.720203 30.279685937317403, -97.73656700000001 30.319743953217912",115.0
OLMITO 0-SAN BENITO 0-i_716,"LINESTRING (-97.51710900000002 26.0152897036948, -97.620292 26.09962035920391",115.0
ALBANY 1 2-ALBANY 2 0-i_835,"LINESTRING (-99.4048 32.75013543757941, -99.23283999999998 32.784078042778596",161.0
BUFFALO 0-OAKWOOD 0-i_3092,"LINESTRING (-96.00017500000001 31.46758706502669, -95.854721 31.551131552243987",115.0
PLANTERSVILLE 0-NAVASOTA 0-i_3016,"LINESTRING (-95.84639000000001 30.31391080520941, -96.04576600000003 30.363081752552706",115.0
BALCH SPRINGS 0-MESQUITE 2 0-i_1211,"LINESTRING (-96.616485 32.71417786694259, -96.613117 32.76928536513721",161.0
ABILENE 1 1-CLYDE 0-i_446,"LINESTRING (-99.6204 32.5083283490131, -99.50987900000003 32.26031165544239",161.0
DALLAS 17 0-DALLAS 27 0-i_910,"LINESTRING (-96.777615 32.70890072359171, -96.79908100000002 32.74440068832589",161.0
SUGAR LAND 2 1-SUGAR LAND 3 1-i_2281,"LINESTRING (-95.627376 29.564491004522885, -95.69944900000002 29.667501563415392",230.0
PANHANDLE 2 1-PANHANDLE 3 0-i_149,"LINESTRING (-101.27483299999999 35.232452121577005, -101.56957200000001 35.380167850114994",161.0
SUGAR LAND 1 0-SUGAR LAND 2 2-i_2415,"LINESTRING (-95.602093 29.617808327972007, -95.63169600000002 29.560733394819216",115.0
HOUSTON 29 0-HOUSTON 58 0-i_2317,"LINESTRING (-95.337809 29.86090238954111, -95.449019 29.878989842351405",115.0
KATY 4 0-KATY 1 2-i_2311,"LINESTRING (-95.82785600000001 29.8507171346678, -95.72943600000002 29.831315240584683",115.0
DALLAS 12 0-DALLAS 21 0-i_836,"LINESTRING (-96.74393899999998 32.87106613811552, -96.786759 32.86246790356459",161.0
PHOENIX_SOLAR - TRENTON 0 - 3329,"LINESTRING (-96.18 33.53, -96.302485 33.43311659525639",161.0
HOUSTON 10 0-HUMBLE 1 0-i_2378,"LINESTRING (-95.16952100000002 29.761429903746293, -95.17389900000002 29.992004677254894",115.0
DEER PARK 0-PASADENA 2 0-i_2185,"LINESTRING (-95.12165600000002 29.720683887687706, -95.169279 29.722248926690806",500.0
PALESTINE 1 0-JACKSONVILLE 2 0-i_3054,"LINESTRING (-95.475612 31.8571107602921, -95.24798 31.939027199986402",115.0
ADDISON 0-DALLAS 26 0-i_1106,"LINESTRING (-96.834922 32.95763050253531, -96.798192 32.9422050808012",161.0
DALLAS 24 0-DALLAS 19 0-i_826,"LINESTRING (-96.793734 32.9672827665192, -96.784613 32.994957523788216",161.0
SAN SABA 0-RICHLAND SPRINGS 0-i_345,"LINESTRING (-98.754991 31.15093138563891, -99.126467 31.511774965670405",115.0
ALLEN 2 0-MCKINNEY 3 1-i_1028,"LINESTRING (-96.690364 33.11191473032849, -96.68763 33.1696223161641",161.0
WADSWORTH 0 - RAMSEY_SOLAR - 3323,"LINESTRING (-96.0301 28.788690098280515, -96.14 29.01",500.0
SPRING 5 0-SPRING 8 1-i_2346,"LINESTRING (-95.49736000000001 30.17575830730649, -95.539571 30.192495730313592",115.0
FORT WORTH 24 0-ALVARADO 0-i_1064,"LINESTRING (-97.416975 32.5794312130609, -97.192767 32.412512705398505",161.0
CROCKETT 0-GRAPELAND 0-i_3176,"LINESTRING (-95.24673900000002 31.182738454327104, -95.472652 31.411280374156718",115.0
HOUSTON 18 0-HOUSTON 14 0-i_2460,"LINESTRING (-95.27053700000002 29.716023771561908, -95.24879300000002 29.687322056705803",115.0
SANTA FE 1 0-TEXAS CITY 2 0-i_2718,"LINESTRING (-95.02872700000002 29.301043497056988, -94.99365400000003 29.39669385360231",115.0
VERNON 2 0-PADUCAH 0-i_144,"LINESTRING (-99.76449700000002 33.893836689020304, -100.27824700000001 33.988352320811096",161.0
ROUND ROCK 3 1-ROUND ROCK 4 0-i_2166,"LINESTRING (-97.63856600000001 30.499265520933893, -97.72129800000002 30.5318743532431",230.0
HOLLAND 1-ROGERS 1-i_1547,"LINESTRING (-97.35720900000001 30.878146722132, -97.20542300000001 30.93400732785931",115.0
DALLAS 6 0-SUNNYVALE 0-i_1133,"LINESTRING (-96.698974 32.839567279125205, -96.543963 32.798089149110396",161.0
MILES 0-BALLINGER 0-i_370,"LINESTRING (-100.18361600000001 31.58587983835921, -99.92516199999999 31.732452506296504",115.0
SANTA FE 2 0-SANTA FE 1 0-i_2719,"LINESTRING (-95.12747800000001 29.361957997003397, -95.02872700000002 29.301043497056988",115.0
BROWNSVILLE 3 0-OLMITO 0-i_714,"LINESTRING (-97.43458200000003 25.982469895651803, -97.51710900000002 26.0152897036948",115.0
HOUSTON 26 0-HOUSTON 39 0-i_2796,"LINESTRING (-95.325288 29.797687808950695, -95.387702 29.750972052268914",115.0
DALLAS 28 0-IRVING 3 0-i_1331,"LINESTRING (-96.809303 32.80942645785392, -96.951303 32.7941870428682",161.0
SOUTH HOUSTON 0-HOUSTON 13 0-i_2499,"LINESTRING (-95.226184 29.65852934021411, -95.222001 29.584454499805208",115.0
GRAPELAND 0-ELKHART 0-i_3143,"LINESTRING (-95.472652 31.411280374156718, -95.57434000000002 31.60056080490861",115.0
DALE 0-LULING 0-i_1825,"LINESTRING (-97.56469400000002 29.9375703105922, -97.46166300000002 29.68985541624332",115.0
HOUSTON 24 0-HOUSTON 21 0-i_2741,"LINESTRING (-95.314675 29.719323853795196, -95.30055900000002 29.68311895207441",115.0
KELLER 1 0-KELLER 2 1-i_858,"LINESTRING (-97.22154800000001 32.921591517495706, -97.27527399999998 32.925619627546986",161.0
MILFORD 0-HILLSBORO 0-i_1036,"LINESTRING (-96.98347000000001 32.131416024729006, -97.124361 32.01635634651811",161.0
SAN ANTONIO 22 0-SAN ANTONIO 51 0-i_1938,"LINESTRING (-98.474732 29.275767875508507, -98.730432 29.535276280271308",230.0
BREMOND 2-MARLIN 1-i_1136,"LINESTRING (-96.67343000000001 31.07650963202719, -96.79263900000001 31.19623533271911",115.0
HOUSTON 9 0-HOUSTON 20 0-i_2218,"LINESTRING (-95.14544 29.8304296272335, -95.29638 29.860034367816805",115.0
ELKHART 0-OAKWOOD 0-i_3142,"LINESTRING (-95.57434000000002 31.60056080490861, -95.854721 31.551131552243987",115.0
SPRING 5 0-SPRING 8 1-i_2347,"LINESTRING (-95.49736000000001 30.17575830730649, -95.539571 30.192495730313592",115.0
ROWENA 0-SANTA ANNA 0-i_490,"LINESTRING (-99.673323 31.405359986423505, -99.37160099999998 31.509177795082408",115.0
PLANO 1 0-WYLIE 0-i_1060,"LINESTRING (-96.611882 33.019378192483, -96.53133600000001 33.0097199279648",161.0
WEIMAR 0-COLUMBUS 1-i_2008,"LINESTRING (-96.643467 29.48235654133661, -96.40386 29.689724408088615",115.0
JARRELL 0-HOLLAND 1-i_1584,"LINESTRING (-97.49348499999999 30.812449488979293, -97.35720900000001 30.878146722132",115.0
AUSTIN 30 0-AUSTIN 1 2-i_2002,"LINESTRING (-97.836485 30.428265711512395, -97.833946 30.389898395465885",115.0
LA MARQUE 0-TEXAS CITY 1 1-i_2627,"LINESTRING (-94.976507 29.3606519648142, -94.911509 29.3888876610184",115.0
SPRING 7 1-SPRING 2 0-i_2594,"LINESTRING (-95.52027900000002 30.038382843429996, -95.379646 30.059676379401296",230.0
SHINER 0-SCHULENBURG 0-i_1934,"LINESTRING (-97.074825 29.558637264863993, -96.924605 29.68002280429589",115.0
DONNA 0-SAN JUAN 1-i_603,"LINESTRING (-98.049657 26.155437448313194, -98.099712 26.138075486785393",115.0
PARIS 2 0-SAVOY 0-i_132,"LINESTRING (-95.5397 33.69080949840439, -96.349605 33.62214771628871",500.0
SEGUIN 1 2-MARION 2 0-i_1613,"LINESTRING (-97.958815 29.58554276691699, -98.043976 29.597948834763802",115.0
MESQUITE 3 0-DALLAS 4 0-i_1217,"LINESTRING (-96.62667700000002 32.8148886066357, -96.675838 32.8225038141009",161.0
MIAMI 0-WICHITA FALLS 1 0-i_219,"LINESTRING (-100.527811 35.648038404923994, -98.4751 33.90732463442219",500.0
SHIRO 0-WILLIS 1 0-i_2965,"LINESTRING (-95.8998 30.586201973123906, -95.51059999999998 30.429391969007707",500.0
MISSOURI CITY 1 0-HOUSTON 77 0-i_2324,"LINESTRING (-95.51194900000002 29.59792983429211, -95.53093700000001 29.699345356086404",115.0
TRENT 2 0 - INDIGO_SOLAR - 3349,"LINESTRING (-100.20387499999998 32.658797532294294, -100.18 32.73",115.0
BURLINGTON 0-CALVERT 0-i_2079,"LINESTRING (-97.11169 31.0146615443355, -96.679981 30.9969373969415",115.0
BOWIE 0-BRIDGEPORT 1-i_214,"LINESTRING (-97.94712000000001 33.5145692410395, -97.8848 33.1903748419846",161.0
SUGAR LAND 1 0-SUGAR LAND 2 2-i_2414,"LINESTRING (-95.602093 29.617808327972007, -95.63169600000002 29.560733394819216",115.0
WICHITA FALLS 7 0-WICHITA FALLS 1 1-i_191,"LINESTRING (-98.53467000000002 33.888964347587915, -98.4571 33.90732463442219",161.0
HONDO 1-MICO 0-i_2040,"LINESTRING (-99.11953400000002 29.4211037564241, -98.849894 29.498548370687395",115.0
PILOT POINT 0-LITTLE ELM 0-i_1309,"LINESTRING (-96.92964200000002 33.36884080957842, -96.94695100000001 33.1740844388876",161.0
AUSTIN 19 0-AUSTIN 35 0-i_1899,"LINESTRING (-97.73656700000001 30.319743953217912, -97.891423 30.375404366823716",115.0
MESQUITE 3 0-MESQUITE 1 0-i_1445,"LINESTRING (-96.62667700000002 32.8148886066357, -96.555388 32.7232401131618",161.0
FLINT 0-TYLER 7 1-i_3012,"LINESTRING (-95.40441500000001 32.21223343257098, -95.29942799999999 32.228975554374315",115.0
ODEM 0-SINTON 0-i_578,"LINESTRING (-97.670027 27.956564403993408, -97.544013 28.115246777273097",115.0
DAWN_SOLAR 0 - FRYE_SOLAR 0 - 3209,"LINESTRING (-102.5 34.89, -102.02 34.41",500.0
IRVING 1 0-LEWSIVILLE 0-i_1093,"LINESTRING (-96.98580000000001 32.916782386121895, -96.958386 33.017231133674",161.0
HOUSTON 24 0-HOUSTON 61 0-i_2742,"LINESTRING (-95.314675 29.719323853795196, -95.472548 29.745701511387093",115.0
SAN ANTONIO 44 0-SAN ANTONIO 2 2-i_1751,"LINESTRING (-98.620448 29.622221437611895, -98.5995 29.5813864574687",115.0
JACKSBORO 1 0-OLNEY 1 0-i_866,"LINESTRING (-98.31965200000002 33.0619360212675, -98.693944 33.377598754067705",500.0
ROANOKE 0-FORT WORTH 10 0-i_1371,"LINESTRING (-97.22311999999998 33.006919851289794, -97.30688600000002 32.9729449214079",161.0
WHITNEY 0 - HILL_SOLAR - 3335,"LINESTRING (-97.32142100000002 31.95359216848691, -97.22 32.01",161.0
SPINEL_SOLAR - HONDO 1 - 3348,"LINESTRING (-99.1 29.29, -99.11953400000002 29.4211037564241",115.0
HALLETTSVILLE 0-WEIMAR 0-i_1878,"LINESTRING (-96.82718900000002 29.373761835997314, -96.643467 29.48235654133661",115.0
WILLIS 2 0-WILLIS 1 1-i_2576,"LINESTRING (-95.353072 30.46516824736051, -95.4998 30.429391969007707",230.0
SULPHUR SPRINGS 0-DIKE 0-i_3069,"LINESTRING (-95.59921899999999 33.16195188738809, -95.46342 33.2552043057391",115.0
CORPUS CHRISTI 2 0-ODEM 0-i_644,"LINESTRING (-97.51909999999998 27.825832718387318, -97.670027 27.956564403993408",115.0
BLANCO 0-BERGHEIM 0-i_1753,"LINESTRING (-98.55754800000001 30.176689945073115, -98.55284600000002 29.900765387821515",115.0
FRONTON_SOLAR - STARR_SOLAR - 3270,"LINESTRING (-98.9 26.49, -98.98 26.49",230.0
LAUGHLIN A F B 0-BRACKETTVILLE 1 0-i_475,"LINESTRING (-100.768486 29.352247510237593, -100.374889 29.3226116854622",115.0
GARLAND 1 1-ROWLETT 1 0-i_1477,"LINESTRING (-96.56768500000001 32.85519770528371, -96.546785 32.89542780297219",161.0
HOUSTON 52 0-HOUSTON 56 0-i_2589,"LINESTRING (-95.431164 29.6832039541903, -95.45000900000001 29.737578308820204",115.0
ALLEN 1 0-MCKINNEY 1 0-i_1434,"LINESTRING (-96.603447 33.08717405119059, -96.594466 33.164533176213496",500.0
CEDAR CREEK 1 2-CEDAR CREEK 2 0-i_2137,"LINESTRING (-97.53560000000002 30.139573601700203, -97.491504 30.091606183739195",115.0
ODESSA 5 0-ODESSA 4 0-i_34,"LINESTRING (-102.46509000000002 31.793038514259482, -102.40460700000001 31.71904662037811",115.0
SAN ANTONIO 46 0-SAN ANTONIO 24 0-i_1593,"LINESTRING (-98.652613 29.649847124285706, -98.483128 29.694951246660096",115.0
MISSION 4 0-ARMSTRONG 1 0-i_587,"LINESTRING (-98.365366 26.222276155465096, -97.5814 26.994684632791703",230.0
ROSCOE 1 0-TRENT 2 0-i_479,"LINESTRING (-100.5707 32.49082716730502, -100.20387499999998 32.658797532294294",115.0
FORT WORTH 21 0-FORT WORTH 26 0-i_1258,"LINESTRING (-97.37813 32.73963555877639, -97.431999 32.77298746586559",161.0
MCCAMEY 2 0-CRANE 0-i_65,"LINESTRING (-102.2163 31.13303722266159, -102.587253 31.18072832353469",115.0
SARITA 1 1-SARITA 2 0-i_768,"LINESTRING (-97.753167 27.21665334296649, -97.53910000000002 27.113291412381788",115.0
GEORGETOWN 3 1-KILLEEN 4 1-i_1277,"LINESTRING (-97.788099 30.83561298057422, -97.912979 30.929830058019014",161.0
VERNON 2 0-SEYMOUR 0-i_145,"LINESTRING (-99.76449700000002 33.893836689020304, -99.234765 33.61514922934559",161.0
SEAGOVILLE 0-DALLAS 1 1-i_926,"LINESTRING (-96.53870800000001 32.60337386132599, -96.630044 32.646186021553305",161.0
COOPER 0-ROXTON 0-i_224,"LINESTRING (-95.748461 33.4562111947955, -95.800701 33.57082414735701",161.0
SUGAR LAND 1 0-SUGAR LAND 2 2-i_2409,"LINESTRING (-95.602093 29.617808327972007, -95.63169600000002 29.560733394819216",115.0
AUSTIN 24 0-AUSTIN 13 0-i_2064,"LINESTRING (-97.76148100000002 30.240543945822285, -97.71048199999998 30.2279866279823",115.0
GREEN_HOLLY - STANTON 1 - 3219,"LINESTRING (-101.82 32.53, -101.745488 32.4837446892457",500.0
DODD CITY 0-ECTOR 0-i_195,"LINESTRING (-96.06315600000002 33.60954283932669, -96.273897 33.547519528392094",161.0
STARR_SOLAR - LAREDO 4 0 - 3271,"LINESTRING (-98.98 26.49, -99.339796 27.3671490151858",230.0
MINEOLA 0-YANTIS 0-i_3026,"LINESTRING (-95.415745 32.81038083324151, -95.55915400000002 32.91904924394449",115.0
ELMENDORF 2-SAN ANTONIO 22 1-i_1941,"LINESTRING (-98.3681 29.2491618504751, -98.470412 29.275767875508507",115.0
SAN ANTONIO 13 0-SAN ANTONIO 12 1-i_1712,"LINESTRING (-98.411598 29.5355682875071, -98.398171 29.58335747258072",115.0
SAN MARCOS 2-AUSTIN 39 0-i_1983,"LINESTRING (-97.96184400000001 29.875167555813093, -98.029973 30.10942363291159",115.0
DALLAS 43 0-DALLAS 2 1-i_1463,"LINESTRING (-96.932965 32.67381377099551, -96.92139999999999 32.72067704351759",161.0
NEW BRAUNFELS 1 0-SAN MARCOS 0-i_2068,"LINESTRING (-98.01560000000002 29.73469923703731, -97.96184400000001 29.877664809171414",500.0
CALDWELL 1-LEXINGTON 0-i_2010,"LINESTRING (-96.65463200000002 30.535363724672102, -96.83115800000002 30.348609833435408",115.0
DENTON 3 0-DENTON 1 1-i_1229,"LINESTRING (-97.092416 33.14705569573001, -97.09170000000002 33.1950900168082",161.0
DEPORT 0-ANNONA 0-i_175,"LINESTRING (-95.311088 33.476640610556494, -94.881845 33.4922166904937",161.0
LINDALE 0-TYLER 5 0-i_3056,"LINESTRING (-95.426716 32.5318269365666, -95.298879 32.46348032193621",115.0
CHINA SPRING 0 - ANGUS_SOLAR - 3280,"LINESTRING (-97.316271 31.687820558125996, -97.26 31.69",161.0
WESTORIA_SOLAR 1 - WAGYU_SOLAR 1 - 3243,"LINESTRING (-95.54 29.17, -95.66 29.17",230.0
SPRING 2 1-HOUSTON 42 0-i_2598,"LINESTRING (-95.37532599999999 30.059676379401296, -95.396607 29.996801797802405",115.0
CONVERSE 0-SAN ANTONIO 8 0-i_1592,"LINESTRING (-98.28787400000002 29.485267042022592, -98.38376100000002 29.444142025181716",115.0
SAN ANTONIO 50 2-ATASCOSA 0-i_1624,"LINESTRING (-98.72635399999999 29.394616121928106, -98.73366699999998 29.2805229924034",115.0
RICHARDSON 1 0-GARLAND 3 0-i_1510,"LINESTRING (-96.659463 32.9891413645929, -96.646086 32.962190627243515",161.0
TUSCOLA 0-NOLAN 0-i_356,"LINESTRING (-99.817041 32.267993170761585, -100.091 32.281713091443294",115.0
SEBASTIAN 2 0-SEBASTIAN 1 0-i_616,"LINESTRING (-97.57489999999999 26.3242668292268, -97.65780000000001 26.342467843903417",115.0
BIG SPRING 2 0-BIG SPRING 1 0-i_44,"LINESTRING (-101.2893 31.9299895992278, -101.10770000000001 31.9863933510534",115.0
WEBSTER 0-HOUSTON 8 0-i_2632,"LINESTRING (-95.1325 29.536134301532893, -95.12701300000002 29.571047167143806",115.0
BULVERDE 0-SAN ANTONIO 24 0-i_1769,"LINESTRING (-98.449625 29.766966041895195, -98.483128 29.694951246660096",115.0
ETOILE 0-ZAVALLA 0-i_3049,"LINESTRING (-94.35827700000002 31.459170512949704, -94.36621400000001 31.132219169508993",115.0
DANBURY 0-LIVERPOOL 0-i_2404,"LINESTRING (-95.310719 29.22901472709819, -95.27791000000002 29.282031029479104",115.0
HENDERSON 2 0-OVERTON 0-i_3059,"LINESTRING (-94.719328 32.23331884548082, -94.92753500000002 32.24424957826159",115.0
FRIENDSWOOD 0-ALVIN 2-i_2892,"LINESTRING (-95.188533 29.51256771776159, -95.17856 29.416219945331907",115.0
LUFKIN 1 0-LUFKIN 2 0-i_3052,"LINESTRING (-94.734611 31.3596849973202, -94.632414 31.2955538069836",115.0
AXTELL 0-HUBBARD 0-i_1219,"LINESTRING (-96.94612900000001 31.6549183871479, -96.798276 31.842389784064295",161.0
ALTO 0-POLLOK 0-i_3157,"LINESTRING (-95.05309 31.606818216999713, -95.11765300000002 31.3846276291541",115.0
DICKINSON 0-LEAGUE CITY 1-i_2372,"LINESTRING (-95.027451 29.454258275192284, -95.078667 29.501283438387105",115.0
PHARR 0-SAN JUAN 1-i_601,"LINESTRING (-98.180714 26.14322077167601, -98.099712 26.138075486785393",115.0
INDUSTRY 0-FAYETTEVILLE 0-i_1904,"LINESTRING (-96.442051 30.01801894553449, -96.690188 30.036783125572992",115.0
THOMPSONS 1-MISSOURI CITY 2 0-i_2662,"LINESTRING (-95.6167 29.480292918965713, -95.553828 29.47091068690631",230.0
ROSHARON 0-MISSOURI CITY 2 1-i_2665,"LINESTRING (-95.46636800000002 29.378892414497113, -95.549508 29.47091068690631",115.0
HOPKINS 1 - MOUNT PLEASANT 1 1 - 3247,"LINESTRING (-95.06 33.21, -95.00570000000002 33.085667648788416",230.0
TIOGA 0-AUBREY 0-i_284,"LINESTRING (-96.889124 33.4622403950709, -96.986519 33.27104110913171",161.0
MISSION 3 0-MISSION 2 0-i_679,"LINESTRING (-98.36105400000001 26.312459171317595, -98.29097700000001 26.289978919501213",115.0
HOUSTON 15 0-HOUSTON 2 0-i_2560,"LINESTRING (-95.25047600000002 29.849881113750886, -95.23860000000003 29.949704615048507",115.0
SUGAR LAND 1 0-STAFFORD 0-i_2423,"LINESTRING (-95.602093 29.617808327972007, -95.564368 29.621806427300708",115.0
KRUM 0-JUSTIN 0-i_1114,"LINESTRING (-97.298709 33.2764152573407, -97.33689900000002 33.09758033679089",161.0
DALLAS 5 0-DALLAS 3 1-i_1363,"LINESTRING (-96.68572100000002 32.7646972403154, -96.66990900000002 32.707882695939915",161.0
EAST BERNARD 0-EAGLE LAKE 0-i_2867,"LINESTRING (-96.209695 29.515952620336602, -96.375508 29.391173909614803",115.0
ODONNELL 0-O DONNELL 1 0-i_9,"LINESTRING (-101.75541400000002 32.92096637487951, -101.626178 32.9203453324632",115.0
RICHARDSON 1 0-PLANO 2 0-i_841,"LINESTRING (-96.659463 32.9891413645929, -96.669564 33.02914646008381",161.0
SAN ANTONIO 26 0-POTEET 0-i_506,"LINESTRING (-98.48910100000002 29.197548955137915, -98.638709 29.077332012799705",115.0
MESQUITE 3 0-MESQUITE 2 0-i_1209,"LINESTRING (-96.62667700000002 32.8148886066357, -96.613117 32.76928536513721",161.0
SAN ANTONIO 14 0-SAN ANTONIO 11 0-i_1817,"LINESTRING (-98.423468 29.624710499456985, -98.398212 29.6880120738843",115.0
AUSTIN 12 0-AUSTIN 5 0-i_1831,"LINESTRING (-97.703253 30.385495623362097, -97.641082 30.353171801902604",115.0
HOUSTON 16 0-HOUSTON 24 0-i_2405,"LINESTRING (-95.252651 29.7571647973307, -95.314675 29.719323853795196",115.0
HOUSTON 39 0-HOUSTON 45 0-i_2814,"LINESTRING (-95.387702 29.750972052268914, -95.427498 29.757900393431",115.0
ABILENE 6 0-TUSOCOLA 0-i_429,"LINESTRING (-99.80831400000001 32.35670112971529, -99.99826700000001 32.2978031716202",115.0
WALLIS 0-SEALY 0-i_2486,"LINESTRING (-96.05150500000002 29.630230636631513, -96.09871300000002 29.788899590674806",115.0
TEXAS CITY 2 0-GALVESTON 2 0-i_2840,"LINESTRING (-94.99365400000003 29.39669385360231, -94.82429 29.271907567337315",115.0
STAFFORD 0-HOUSTON 78 0-i_2564,"LINESTRING (-95.564368 29.621806427300708, -95.54263 29.649702120679894",115.0
SUGAR LAND 3 2-HOUSTON 88 0-i_2287,"LINESTRING (-95.703769 29.66374779180091, -95.64602700000002 29.691970172431013",115.0
SAVOY 1-BELLS 0-i_135,"LINESTRING (-96.331605 33.62214771628871, -96.41887400000002 33.6176494032933",161.0
WADSWORTH 2-PALACIOS 0-i_2454,"LINESTRING (-96.0121 28.779224529713215, -96.180925 28.617102741874014",115.0
WALLER 0-HOCKLEY 0-i_2770,"LINESTRING (-95.92866399999998 30.077100818241195, -95.830133 30.045126013122413",115.0
LAMESA 1 - EUNICE_SOLAR 0 - 3215,"LINESTRING (-102.124506 32.923604555071414, -102.58 32.45",500.0
TRINIDAD 2 0-TRINIDAD 1 2-i_3112,"LINESTRING (-96.10982000000001 32.16048896872899, -96.07967700000002 32.106224246732",115.0
ABILENE 1 3-ABILENE 5 0-i_449,"LINESTRING (-99.6204 32.49011093585722, -99.70689400000002 32.4561598281831",115.0
DENTON 2 0-AUBREY 0-i_1011,"LINESTRING (-97.051533 33.2064013281473, -96.986519 33.27104110913171",161.0
WICHITA FALLS 3 0-BURKBURNETT 0-i_177,"LINESTRING (-98.37975700000001 33.9988140558687, -98.61346700000001 34.09731098616751",161.0
KATY 2 0-MAGNOLIA 1 0-i_2985,"LINESTRING (-95.737823 29.743180448514394, -95.642894 30.214369283446914",230.0
SCHULENBURG 0-NEW ULM 0-i_1935,"LINESTRING (-96.924605 29.68002280429589, -96.67753700000002 29.8003093031578",115.0
THE COLONY 0-LEWISVILLE 1 0-i_1439,"LINESTRING (-96.908791 33.067878521835695, -96.96020600000001 33.066059471945906",161.0
MIAMI 0 - MISAE_SOLAR 1 0 - 3226,"LINESTRING (-100.527811 35.648038404923994, -100.18 34.37",500.0
DALLAS 39 0-GRAPEVINE 0-i_1231,"LINESTRING (-96.87251799999999 32.86611000291061, -97.067945 32.92334756547091",161.0
ROSCOE 5 2-BROWNWOOD 0-i_389,"LINESTRING (-100.51950000000001 32.3061147297888, -99.02209100000002 31.742180149350702",500.0
FIGHTING_JAYS - WHARTON 1 1 - 3321,"LINESTRING (-95.74 29.49, -96.0323 29.2815201581002",230.0
WACO 4 0-WACO 1 1-i_1012,"LINESTRING (-97.143983 31.50761769261729, -97.06225399999998 31.469530192503402",161.0
DALLAS 2 0-ARLINGTON 1 0-i_982,"LINESTRING (-96.92860000000002 32.72067704351759, -97.13488999999998 32.772671457267094",500.0
FORT HOOD 0-NOLANVILLE 0-i_1017,"LINESTRING (-97.752047 31.137479511318688, -97.595369 31.069788116793806",161.0
DALLAS 1 1-HUTCHINS 0-i_924,"LINESTRING (-96.630044 32.646186021553305, -96.69191600000002 32.6360947479536",161.0
ROGERS 0-HOLLAND 0-i_1545,"LINESTRING (-97.216223 30.93400732785931, -97.368009 30.878146722132",161.0
COOKVILLE 0-MOUNT PLEASANT 1 2-i_3146,"LINESTRING (-94.84884799999999 33.2359389784431, -95.00570000000002 33.0736017049237",115.0
ARLINGTON 9 0-ARLINGTON 11 0-i_1034,"LINESTRING (-97.151428 32.7169049410302, -97.21387600000001 32.63722377856069",161.0
ECTOR 0-SAVOY 1-i_134,"LINESTRING (-96.273897 33.547519528392094, -96.331605 33.62214771628871",161.0
SAN ANTONIO 49 0-SAN ANTONIO 42 0-i_1616,"LINESTRING (-98.70202799999998 29.338826427082093, -98.58981100000003 29.368926168767107",115.0
POLLOK 0-LUFKIN 3 1-i_3010,"LINESTRING (-95.11765300000002 31.3846276291541, -94.80457 31.334633359527395",115.0
ENNIS 1-WAXAHACHIE 1 0-i_1536,"LINESTRING (-96.66060000000002 32.317566150555116, -96.781344 32.369768554402505",161.0
HOUSTON 74 0-HOUSTON 71 0-i_2794,"LINESTRING (-95.519692 29.733794214473907, -95.51212500000001 29.685445009977308",115.0
LAMESA 0-STANTON 0-i_89,"LINESTRING (-102.124506 32.923604555071414, -101.745488 32.4837446892457",115.0
SAN ANTONIO 45 0-LACKLAND A F B 0-i_1966,"LINESTRING (-98.62670300000002 29.40411503673089, -98.61513400000001 29.388773658206212",115.0
WOODWAY 0-MC GREGOR 0-i_1389,"LINESTRING (-97.251442 31.523526737711208, -97.52213399999998 31.40337285629871",161.0
HOUSTON 40 0-HOUSTON 62 0-i_2571,"LINESTRING (-95.38892700000001 29.88786306457909, -95.47080900000002 29.827525554622007",115.0
GRULLA 0-ROMA 0-i_737,"LINESTRING (-98.645824 26.268370717181497, -99.103986 26.526108117951612",115.0
JOHNSON CITY 0-DRIPPING SPRINGS 0-i_1945,"LINESTRING (-98.350569 30.396050847912687, -98.131215 30.2216454675257",115.0
HOUSTON 70 0-HOUSTON 61 0-i_2781,"LINESTRING (-95.508151 29.76872508579531, -95.472548 29.745701511387093",115.0
SYNDER 0-SNYDER 2 3-i_473,"LINESTRING (-100.729949 32.733237585622604, -100.93666100000002 32.7258605959061",115.0
HUTCHINS 0-DALLAS 14 0-i_1326,"LINESTRING (-96.69191600000002 32.6360947479536, -96.755851 32.66302247819911",161.0
ANNA 0-FARMERSVILLE 0-i_1168,"LINESTRING (-96.37487900000002 33.31932744153831, -96.35240400000002 33.17180837628631",161.0
HOUSTON 73 0-HOUSTON 75 0-i_2232,"LINESTRING (-95.519364 29.81339420138271, -95.523499 29.8720776692792",115.0
PLANO 4 0-ALLEN 2 0-i_960,"LINESTRING (-96.736408 33.087672064856704, -96.690364 33.11191473032849",161.0
POINT COMFORT 2 0-WADSWORTH 0-i_2355,"LINESTRING (-96.52370000000002 28.68538385629629, -96.0301 28.788690098280515",500.0
CORSICANA 2 1-BLOOMING GROVE 0-i_1254,"LINESTRING (-96.610947 32.05183571151851, -96.71466100000002 32.116829049943306",161.0
ANDREWS 1 - EUNICE_SOLAR 0 - 3319,"LINESTRING (-102.66 32.37, -102.58 32.45",500.0
DALLAS 33 0-DALLAS 32 0-i_1145,"LINESTRING (-96.836013 32.750718860123705, -96.83499100000002 32.708981725792",161.0
SAN ANTONIO 32 1-SAN ANTONIO 39 0-i_2126,"LINESTRING (-98.517303 29.419895426275307, -98.567338 29.4186243948924",115.0
FORT WORTH 8 0-BURLESON 1-i_1085,"LINESTRING (-97.271334 32.61763224758379, -97.29790700000001 32.530237882444496",161.0
SAN ANTONIO 18 0-SAN ANTONIO 27 0-i_2025,"LINESTRING (-98.45511800000001 29.437421859144298, -98.490053 29.462103469130412",115.0
SAN ANTONIO 2 2-SAN ANTONIO 36 0-i_1750,"LINESTRING (-98.5995 29.5813864574687, -98.552964 29.542783466317005",115.0
ROSCOE 3 0-ROSCOE 5 1-i_386,"LINESTRING (-100.6391 32.392220519816696, -100.5087 32.290899766285506",115.0
HOUSTON 61 0-HOUSTON 60 0-i_2906,"LINESTRING (-95.472548 29.745701511387093, -95.457305 29.701517410182394",115.0
CORPUS CHRISTI 15 0-CORPUS CHRISTI 13 0-i_706,"LINESTRING (-97.47222 27.72051077002909, -97.43697400000003 27.767879321957103",115.0
HUNT 0-ROCKSPRINGS 0-i_394,"LINESTRING (-99.619211 30.088885405676905, -100.27707600000002 29.981855673190605",115.0
SAN ANTONIO 37 2-SAN ANTONIO 40 0-i_1629,"LINESTRING (-98.56513100000001 29.494187974427106, -98.567679 29.458138371104788",115.0
STAFFORD 0-HOUSTON 65 0-i_2915,"LINESTRING (-95.564368 29.621806427300708, -95.48255 29.618232338505507",115.0
ROSENBERG 0-BEASLEY 0-i_2762,"LINESTRING (-95.858106 29.545898543528608, -95.962634 29.461898464061903",115.0
FALFURRIAS 0-RIVIERA 0-i_724,"LINESTRING (-98.207213 26.8740947680303, -97.89237 27.132739526661698",115.0
MCALLEN 3 0-PHARR 0-i_552,"LINESTRING (-98.23970000000001 26.15588147291161, -98.180714 26.14322077167601",115.0
BAYTOWN 3 0-CHANNELVIEW 1 1-i_2857,"LINESTRING (-94.99007700000001 29.751016643956905, -95.09333 29.81360120655609",230.0
BACLIFF 0-HOUSTON 13 0-i_2247,"LINESTRING (-94.98364700000002 29.504655521862414, -95.222001 29.584454499805208",115.0
AUSTIN 5 0-PFLUGERVILLE 2-i_1700,"LINESTRING (-97.641082 30.353171801902604, -97.59026000000001 30.432326155775396",115.0
RICHMOND 2 0-WALLIS 0-i_2425,"LINESTRING (-95.790926 29.643586968630107, -96.05150500000002 29.630230636631513",115.0
O DONNELL 1 1-SNYDER 2 0-i_10,"LINESTRING (-101.636978 32.9203453324632, -100.93666100000002 32.7410021133028",230.0
HOUSTON 5 0-HOUSTON 90 0-i_2615,"LINESTRING (-95.5234 29.9392043515847, -95.6556 29.824987491167203",500.0
LEANDER 1 2-LIBERTY HILL 0-i_1660,"LINESTRING (-97.903577 30.5563510651253, -97.93782600000002 30.68840335967631",115.0
COLUMBUS 0-WHARTON 1 1-i_2007,"LINESTRING (-96.41466 29.689724408088615, -96.0323 29.2815201581002",230.0
MOUNT VERNON 0-DIKE 0-i_3114,"LINESTRING (-95.34960199999999 33.170505475447314, -95.46342 33.2552043057391",115.0
HENDERSON 1 0-MT. ENTERPRISE 2-i_3132,"LINESTRING (-94.69502900000002 31.919337891369405, -94.583743 31.999509893109302",115.0
BERTRAM 0-LIBERTY HILL 0-i_1779,"LINESTRING (-98.04158 30.770820476611213, -97.93782600000002 30.68840335967631",115.0
SAN ANTONIO 30 0-SAN ANTONIO 37 2-i_2024,"LINESTRING (-98.51943000000001 29.51389475062251, -98.56513100000001 29.494187974427106",115.0
BAY CITY 1-SWEENY 0-i_2826,"LINESTRING (-95.81765000000001 28.7821687036371, -95.72594800000002 28.926791474694994",115.0
HOUSTON 48 0-HOUSTON 45 0-i_2653,"LINESTRING (-95.41333300000002 29.79574976054061, -95.427498 29.757900393431",115.0
WALLIS 0-EAST BERNARD 0-i_2487,"LINESTRING (-96.05150500000002 29.630230636631513, -96.209695 29.515952620336602",115.0
TRENTON 0-ANNA 0-i_289,"LINESTRING (-96.302485 33.43311659525639, -96.37487900000002 33.31932744153831",161.0
KERRVILLE 1-INGRAM 0-i_297,"LINESTRING (-99.141439 30.0304677283368, -99.336011 30.15291044343269",115.0
COPPERAS COVE 1-GATESVILLE 4 0-i_884,"LINESTRING (-97.94662399999999 31.212887416926495, -97.74660400000002 31.4111113630871",161.0
DALLAS 3 1-BALCH SPRINGS 0-i_1526,"LINESTRING (-96.66990900000002 32.707882695939915, -96.616485 32.71417786694259",161.0
HOUSTON 51 0-HOUSTON 45 0-i_2584,"LINESTRING (-95.429746 29.7312761516989, -95.427498 29.757900393431",115.0
AUSTIN 38 0-AUSTIN 33 0-i_1999,"LINESTRING (-97.955835 30.258596402960016, -97.881151 30.318538922639696",115.0
ALLEN 2 0-MCKINNEY 3 1-i_1027,"LINESTRING (-96.690364 33.11191473032849, -96.68763 33.1696223161641",161.0
NORTH RICHLAND HILLS 1 0-KELLER 1 0-i_1385,"LINESTRING (-97.20478399999999 32.884171495720814, -97.22154800000001 32.921591517495706",161.0
HOUSTON 12 0-PASADENA 5 0-i_2369,"LINESTRING (-95.187592 29.6168613044459, -95.18617999999998 29.64541301403071",115.0
ABILENE 2 0-ALBANY 1 1-i_349,"LINESTRING (-99.4748 32.6195358711552, -99.3868 32.76224555758349",230.0
HOUSTON 14 0-HOUSTON 25 0-i_2549,"LINESTRING (-95.24879300000002 29.687322056705803, -95.320621 29.616210288273706",115.0
CUSHING 2 0-CUSHING 1 1-i_3106,"LINESTRING (-94.84534000000001 31.79012932165039, -94.86464000000001 31.82601469861781",115.0
SAN ANTONIO 37 1-SAN ANTONIO 2 1-i_1747,"LINESTRING (-98.560811 29.499201386850604, -98.5995 29.586395547977702",230.0
DALLAS 42 0-CARROLLTON 3 0-i_1164,"LINESTRING (-96.888121 32.92077149509339, -96.89457000000002 32.96005656888039",161.0
RICHARDSON 2 1-PLANO 5 0-i_1080,"LINESTRING (-96.73344 32.97364694061329, -96.737958 33.018853178102304",161.0
ALEDO 2 0-WEATHERFORD 1 0-i_1236,"LINESTRING (-97.627882 32.69328429949999, -97.778698 32.680308947268315",161.0
STERLING CITY 1 1-STERLING CITY 2 0-i_409,"LINESTRING (-100.8921 31.91998893462841, -100.78238900000001 31.94583465260022",115.0
MABANK 1 0-KEMP 0-i_1320,"LINESTRING (-96.070558 32.4305991049394, -96.236039 32.3606043922518",161.0
SABINAL 1 - GLOVE_SOLAR - 3344,"LINESTRING (-100.02 29.17, -99.7 29.21",230.0
WILMER 0-BALCH SPRINGS 0-i_1402,"LINESTRING (-96.670733 32.60276584485829, -96.616485 32.71417786694259",161.0
PINEHURST 0-MAGNOLIA 1 1-i_2431,"LINESTRING (-95.66555400000001 30.1580438598384, -95.638574 30.214369283446914",115.0
JACKSBORO 1 1-GRAFORD 0-i_869,"LINESTRING (-98.30165200000002 33.0619360212675, -98.31527400000002 32.89894887154901",161.0
GREGORY 1-PORTLAND 0-i_641,"LINESTRING (-97.222417 27.882926070783, -97.375238 27.88576823783399",115.0
MUENSTER 1 0-SAINT JO 0-i_245,"LINESTRING (-97.41940600000001 33.727018023699195, -97.526329 33.73537960720182",161.0
MCKINNEY 1 1-MCKINNEY 2 0-i_1436,"LINESTRING (-96.587266 33.164533176213496, -96.627695 33.243470349114816",161.0
SAN ANTONIO 12 0-SAN ANTONIO 1 1-i_1706,"LINESTRING (-98.40249100000001 29.58335747258072, -98.32889999999999 29.426391586690492",230.0
THOMPSONS 0-HOUSTON 4 0-i_2679,"LINESTRING (-95.6239 29.480292918965713, -95.38816 29.718546834432193",500.0
JEWETT 2 0-JEWETT 1 2-i_3120,"LINESTRING (-96.143778 31.32336962352489, -96.2165 31.406538413602306",115.0
WAELDER 0-LULING 0-i_1620,"LINESTRING (-97.29232800000001 29.694490704791296, -97.46166300000002 29.68985541624332",115.0
HOUSTON 88 0-HOUSTON 77 0-i_2463,"LINESTRING (-95.64602700000002 29.691970172431013, -95.53093700000001 29.699345356086404",115.0
AUSTIN 34 0-AUSTIN 31 0-i_1675,"LINESTRING (-97.885062 30.1759293116273, -97.852406 30.213679265992294",115.0
SAN ANTONIO 2 2-SAN ANTONIO 36 0-i_1749,"LINESTRING (-98.5995 29.5813864574687, -98.552964 29.542783466317005",115.0
TERRELL 2 0-TERRELL 1 0-i_1009,"LINESTRING (-96.297723 32.7559860033655, -96.158366 32.732414529694005",161.0
SAN ANGELO 3 0-BIG LAKE 0-i_76,"LINESTRING (-101.046625 31.79662875198021, -101.16378300000001 31.266396904417704",115.0
BRYAN 3 0-BRYAN 5 0-i_3177,"LINESTRING (-96.30308399999998 30.7915511441138, -96.539436 30.736815625633806",115.0
HOUSTON 66 0-SPRING 7 2-i_2642,"LINESTRING (-95.484762 30.00456899302221, -95.52459900000001 30.03464299095081",115.0
SAN ANTONIO 19 0-SAN ANTONIO 29 0-i_1733,"LINESTRING (-98.455523 29.412591245945418, -98.501428 29.401894981943396",115.0
HOUSTON 78 0-HOUSTON 72 0-i_2256,"LINESTRING (-95.54263 29.649702120679894, -95.51758300000002 29.649890125355",115.0
STERLING CITY 2 0-SILVER 1-i_379,"LINESTRING (-100.78238900000001 31.94583465260022, -100.65570000000001 32.043897182145",115.0
DALLAS 1 1-HUTCHINS 0-i_923,"LINESTRING (-96.630044 32.646186021553305, -96.69191600000002 32.6360947479536",161.0
AUSTIN 37 0-LEANDER 2 0-i_1686,"LINESTRING (-97.954624 30.317261890235603, -97.968206 30.447513201655685",115.0
SAN ANTONIO 50 2-SAN ANTONIO 52 2-i_1973,"LINESTRING (-98.72635399999999 29.394616121928106, -98.882335 29.35223057642779",115.0
MAYPEARL 0-MIDLOTHIAN 1 1-i_1508,"LINESTRING (-97.033619 32.29993267680521, -97.04506000000002 32.42776911654429",161.0
HOUSTON 28 0-HOUSTON 54 0-i_2360,"LINESTRING (-95.337582 29.9086745860335, -95.43539600000001 30.00574602260961",115.0
GRAND PRAIRIE 3 1-DALLAS 44 0-i_1098,"LINESTRING (-97.016052 32.662528464797305, -96.961022 32.63365168172731",161.0
ARLINGTON 9 0-BEDFORD 2 0-i_1033,"LINESTRING (-97.151428 32.7169049410302, -97.14155700000002 32.828237970347814",161.0
SWEETWATER 1 0-MERKEL 2 0-i_451,"LINESTRING (-100.1196 32.4020211797149, -100.04538900000001 32.305470686533006",115.0
CONVERSE 0-UNIVERSAL CITY 0-i_1590,"LINESTRING (-98.28787400000002 29.485267042022592, -98.273899 29.523462987597203",115.0
MOUNT CALM 0-COOLIDGE 0-i_1289,"LINESTRING (-96.882872 31.7450693403771, -96.751043 31.654967390379788",161.0
SAN ANTONIO 18 0-SAN ANTONIO 20 0-i_2026,"LINESTRING (-98.45511800000001 29.437421859144298, -98.46080100000002 29.393266769048108",115.0
SAMSON SOLAR 1 0 - PARIS 2 0 - 3299,"LINESTRING (-95.5 33.65, -95.5397 33.69080949840439",500.0
MISSOURI CITY 1 0-RICHMOND 1 0-i_2323,"LINESTRING (-95.51194900000002 29.59792983429211, -95.67658600000001 29.480170915947696",115.0
HOUSTON 18 0-HOUSTON 24 0-i_2461,"LINESTRING (-95.27053700000002 29.716023771561908, -95.314675 29.719323853795196",115.0
LIVERPOOL 0-MANVEL 0-i_2401,"LINESTRING (-95.27791000000002 29.282031029479104, -95.357802 29.47895388584201",115.0
HOUSTON 91 0-KATY 2 1-i_2969,"LINESTRING (-95.67769200000001 29.766785037377996, -95.73350300000001 29.743180448514394",115.0
AUSTIN 25 0-AUSTIN 33 0-i_1650,"LINESTRING (-97.76245000000002 30.290781218580197, -97.881151 30.318538922639696",115.0
AUSTIN 8 0-AUSTIN 4 0-i_1953,"LINESTRING (-97.67995700000002 30.2674816280489, -97.61416700000001 30.294612315719196",115.0
FORT WORTH 14 0-FORT WORTH 8 0-i_889,"LINESTRING (-97.331506 32.63660376175239, -97.271334 32.61763224758379",161.0
MONAHANS 1 0-ODESSA 4 0-i_35,"LINESTRING (-102.92730000000002 31.57776630436199, -102.40460700000001 31.71904662037811",115.0
BRUNI 2 0-HEBBRONVILLE 0-i_500,"LINESTRING (-98.987708 27.358735529199304, -98.780966 27.094038310002514",115.0
BACLIFF 0-DICKINSON 0-i_2246,"LINESTRING (-94.98364700000002 29.504655521862414, -95.027451 29.454258275192284",115.0
HOUSTON 55 0-HOUSTON 67 0-i_2488,"LINESTRING (-95.437594 29.91609877213401, -95.48639300000002 29.915198749571104",115.0
SUGAR LAND 3 2-HOUSTON 88 0-i_2286,"LINESTRING (-95.703769 29.66374779180091, -95.64602700000002 29.691970172431013",115.0
WILMER 0-LANCASTER 1 0-i_1101,"LINESTRING (-96.670733 32.60276584485829, -96.74856100000001 32.56031669582519",161.0
ELECTRA 0-VERNON 1 0-i_208,"LINESTRING (-99.09762400000001 34.12572798887899, -99.355722 34.28405117365721",161.0
ARLINGTON 5 0-ARLINGTON 9 0-i_1020,"LINESTRING (-97.08291700000001 32.6896812016771, -97.151428 32.7169049410302",161.0
AUSTIN 24 0-AUSTIN 9 0-i_2066,"LINESTRING (-97.76148100000002 30.240543945822285, -97.68067500000001 30.1813084475524",115.0
GATESVILLE 1 0-GATESVILLE 3 0-i_1167,"LINESTRING (-97.69788400000002 31.480275897590996, -97.740672 31.48640451826432",161.0
HOUSTON 38 0-ROSHARON 0-i_2888,"LINESTRING (-95.38326299999999 29.608146087973797, -95.46636800000002 29.378892414497113",115.0
SAN ANTONIO 20 0-SAN ANTONIO 7 0-i_2118,"LINESTRING (-98.46080100000002 29.393266769048108, -98.368289 29.352429762194802",115.0
HOUSTON 32 0-HOUSTON 36 0-i_2802,"LINESTRING (-95.35621 29.751123646625995, -95.37595300000001 29.82909159377739",115.0
PASADENA 1 2-HOUSTON 14 0-i_2552,"LINESTRING (-95.203078 29.713328191541795, -95.24879300000002 29.687322056705803",115.0
HEWITT 0-RIESEL 2 0-i_1466,"LINESTRING (-97.18633900000002 31.447358738389287, -97.003872 31.348585271512007",161.0
NURSERY 2-CUERO 2 1-i_1976,"LINESTRING (-97.099 28.878939637895215, -97.26081300000003 29.090743466577308",115.0
CORPUS CHRISTI 17 0-CORPUS CHRISTI 2 0-i_643,"LINESTRING (-97.50979100000002 27.764866145544396, -97.51909999999998 27.825832718387318",115.0
KINGWOOD 1 0-HUFFMAN 0-i_2602,"LINESTRING (-95.154343 30.050612151206995, -95.09525800000002 30.060675404555806",115.0
SAN ANTONIO 11 0-SAN ANTONIO 3 0-i_1818,"LINESTRING (-98.398212 29.6880120738843, -98.33552000000002 29.653697220031198",115.0
SPRING 8 0-MAGNOLIA 1 0-i_2345,"LINESTRING (-95.543891 30.192495730313592, -95.642894 30.214369283446914",230.0
HOUSTON 14 0-SOUTH HOUSTON 0-i_2497,"LINESTRING (-95.24879300000002 29.687322056705803, -95.226184 29.65852934021411",115.0
LAPORTE 1-MONT BELVIEU 0-i_2539,"LINESTRING (-95.04542700000002 29.724273977160806, -94.9125 29.822201421517615",230.0
MUENSTER 2 0-LINDSAY 0-i_194,"LINESTRING (-97.37385500000002 33.67608947246801, -97.30183400000003 33.609858861309796",161.0
HOUSTON 3 0-HOUSTON 91 0-i_2504,"LINESTRING (-95.63464900000001 29.723515958268486, -95.67769200000001 29.766785037377996",115.0
ROXTON 0-SUMNER 0-i_223,"LINESTRING (-95.800701 33.57082414735701, -95.735327 33.7392488772572",161.0
AUSTIN 7 0-PFLUGERVILLE 2-i_1697,"LINESTRING (-97.669867 30.379996483554205, -97.59026000000001 30.432326155775396",115.0
BEEVILLE 0-PETTUS 0-i_580,"LINESTRING (-97.70162 28.401378801973113, -97.94800100000002 28.534574780958206",115.0
SAN PERLITA 1-SEBASTIAN 1 0-i_809,"LINESTRING (-97.669511 26.46883290649291, -97.65780000000001 26.342467843903417",115.0
SAN ANTONIO 19 0-SAN ANTONIO 29 0-i_1732,"LINESTRING (-98.455523 29.412591245945418, -98.501428 29.401894981943396",115.0
HOUSTON 18 0-HOUSTON 14 0-i_2459,"LINESTRING (-95.27053700000002 29.716023771561908, -95.24879300000002 29.687322056705803",115.0
NORTH RICHLAND HILLS 1 0-KELLER 1 0-i_1386,"LINESTRING (-97.20478399999999 32.884171495720814, -97.22154800000001 32.921591517495706",161.0
TIOGA 0-PILOT POINT 0-i_285,"LINESTRING (-96.889124 33.4622403950709, -96.92964200000002 33.36884080957842",161.0
GORDON 0-WEATHERFORD 2 0-i_1273,"LINESTRING (-98.32460400000001 32.58153629827119, -97.787485 32.7525419096998",161.0
SAN ANTONIO 1 0-SEGUIN 1 0-i_1919,"LINESTRING (-98.3361 29.426391586690492, -97.96601500000001 29.5905516511325",500.0
VAN ALSTYNE 0-WHITEWRIGHT 0-i_267,"LINESTRING (-96.546313 33.43325659205611, -96.38711500000001 33.48857243778679",161.0
MONAHANS 1 6-ODESSA 1 10-i_87,"LINESTRING (-102.94530000000002 31.57776630436199, -102.2904 31.834183240019108",230.0
JOURDANTON 0-PLEASANTON 0-i_734,"LINESTRING (-98.47696 28.758224255335705, -98.419996 28.929477637984895",115.0
BEN WHEELER 0-CANTON 0-i_3044,"LINESTRING (-95.652983 32.42190051877701, -95.879865 32.51207460203982",115.0
HOUSTON 55 0-HOUSTON 66 0-i_2784,"LINESTRING (-95.437594 29.91609877213401, -95.484762 30.00456899302221",115.0
HOUSTON 73 0-HOUSTON 70 0-i_2231,"LINESTRING (-95.519364 29.81339420138271, -95.508151 29.76872508579531",115.0
SANGER 0-KRUM 0-i_1115,"LINESTRING (-97.20975899999999 33.3706458594854, -97.298709 33.2764152573407",161.0
KOPPERL 0-WALNUT SPRINGS 0-i_1299,"LINESTRING (-97.566601 32.11143968989531, -97.727712 32.07742141847481",161.0
NOLANVILLE 0-BELTON 1-i_1155,"LINESTRING (-97.595369 31.069788116793806, -97.47830900000001 31.04551954337379",161.0
HAMLIN 0-ANSON 0-i_303,"LINESTRING (-100.115032 32.85095559771551, -99.896394 32.741807168021005",115.0
DENISON 1 0-BELLS 0-i_206,"LINESTRING (-96.461794 33.7211376134185, -96.41887400000002 33.6176494032933",161.0
IRVING 4 0-IRVING 3 0-i_1586,"LINESTRING (-96.96331500000001 32.82348684088511, -96.951303 32.7941870428682",161.0
PLANO 6 0-CARROLLTON 1 0-i_1187,"LINESTRING (-96.799086 33.073008662549604, -96.87094 33.047749969919295",161.0
JEWETT 1 1 - ROSELAND_SOLAR - 3264,"LINESTRING (-96.2165 31.41575566729249, -96.14 31.37",230.0
ODESSA 5 1 - ODESSA 1 8 - 3301,"LINESTRING (-102.5 31.81, -102.3084 31.834183240019108",500.0
WOODSBORO 0-SINTON 0-i_532,"LINESTRING (-97.37325100000001 28.1807396601043, -97.544013 28.115246777273097",115.0
MIDLAND 3 0-LENORAH 0-i_55,"LINESTRING (-102.072464 31.98627734333081, -101.8277 32.2292095700582",115.0
HOUSTON 64 0-HOUSTON 65 0-i_2989,"LINESTRING (-95.47577200000002 29.6728366961662, -95.48255 29.618232338505507",115.0
GRAPEVINE 0-SOUTHLAKE 0-i_1353,"LINESTRING (-97.067945 32.92334756547091, -97.144982 32.957505499117",161.0
CHICO 0-BOWIE 0-i_213,"LINESTRING (-97.848678 33.3098660753984, -97.94712000000001 33.5145692410395",161.0
DENTON 1 0-FRISCO 2 0-i_1226,"LINESTRING (-97.0989 33.1950900168082, -96.85202699999999 33.143924609675196",500.0
ABILENE 3 0-ABILENE 1 3-i_448,"LINESTRING (-99.656323 32.5704215462153, -99.6204 32.49011093585722",115.0
AUSTIN 12 0-AUSTIN 15 0-i_1833,"LINESTRING (-97.703253 30.385495623362097, -97.714196 30.427453690840206",115.0
TEAGUE 0-BUFFALO 0-i_3093,"LINESTRING (-96.22075700000002 31.4727594043679, -96.00017500000001 31.46758706502669",115.0
GREGORY 0-TAFT 1 0-i_637,"LINESTRING (-97.240417 27.882926070783, -97.2859 27.989442342071293",230.0
PORT BOLIVAR 0-GALVESTON 2 0-i_2861,"LINESTRING (-94.511121 29.500599669994603, -94.82429 29.271907567337315",115.0
POINT COMFORT 2 0-VICTORIA 2 0-i_2300,"LINESTRING (-96.52370000000002 28.68538385629629, -96.992 28.78198969280541",500.0
DALLAS 22 0-DALLAS 18 0-i_1367,"LINESTRING (-96.789793 32.9002609349257, -96.78389599999998 32.92187712750321",161.0
MERCEDES 0-SANTA MARIA 0-i_536,"LINESTRING (-97.822112 26.1423677244398, -97.731451 26.046244410934804",115.0
AUSTIN 3 2-AUSTIN 25 0-i_1643,"LINESTRING (-97.784408 30.285963478461994, -97.76245000000002 30.290781218580197",115.0
MANSFIELD 0-MIDLOTHIAN 1 0-i_941,"LINESTRING (-97.184054 32.50154410714119, -97.04938 32.42776911654429",500.0
CORPUS CHRISTI 11 0-CORPUS CHRISTI 6 0-i_721,"LINESTRING (-97.39728900000001 27.676901003208105, -97.32884499999999 27.697198188423815",115.0
AUSTIN 4 0-AUSTIN 5 0-i_1880,"LINESTRING (-97.61416700000001 30.294612315719196, -97.641082 30.353171801902604",115.0
FORT WORTH 14 0-FORT WORTH 13 0-i_891,"LINESTRING (-97.331506 32.63660376175239, -97.326911 32.6760758323821",161.0
DAYTON 0-CONROE 5 0-i_2269,"LINESTRING (-94.91767400000002 30.0519431847122, -95.434228 30.304888576333003",230.0
HOUSTON 32 0-HOUSTON 33 0-i_2341,"LINESTRING (-95.35621 29.751123646625995, -95.360152 29.722391930254705",115.0
NURSERY 1-VICTORIA 3 0-i_2244,"LINESTRING (-97.099 28.888396142184707, -97.18788200000002 28.664095525985708",230.0
PASADENA 2 2-HOUSTON 19 0-i_2200,"LINESTRING (-95.162079 29.715995970726297, -95.27303000000002 29.644508991553792",115.0
PANHANDLE 4 0-RALLS 1 0-i_160,"LINESTRING (-101.235056 35.42163286871961, -101.37200000000001 33.6551180115106",500.0
HOUSTON 47 0-HOUSTON 46 0-i_2436,"LINESTRING (-95.412498 29.732312177526314, -95.407483 29.7690450937819",115.0
BRYAN 4 0-BRYAN 5 0-i_3031,"LINESTRING (-96.313612 30.6550583806754, -96.539436 30.736815625633806",115.0
SAMSON SOLAR 3 0 - PARIS 1 0 - 3297,"LINESTRING (-95.7 33.65, -95.57199999999999 33.62480490119471",500.0
MOUNT PLEASANT 1 2-SCROGGINS 0-i_3162,"LINESTRING (-95.00570000000002 33.0736017049237, -95.18809800000001 33.01840503859282",115.0
FORT WORTH 22 0-ALEDO 2 0-i_1350,"LINESTRING (-97.38336499999998 32.69822643369301, -97.627882 32.69328429949999",161.0
GOLDSBORO 0-COLEMAN 0-i_309,"LINESTRING (-99.68565000000001 32.04597232051239, -99.558791 31.730778395645785",115.0
PRICKLY_PEAR - CHRISTOVAL 1 - 3309,"LINESTRING (-100.54 31.01, -100.64282000000001 31.07926873175702",115.0
AZLE 0-SPRINGTOWN 0-i_902,"LINESTRING (-97.557579 32.897777867131175, -97.69300000000001 32.8506485812347",161.0
HUNGERFORD 0-FULSHEAR 0-i_2734,"LINESTRING (-96.07641800000002 29.410175081876318, -95.951677 29.58992263551939",115.0
VICTORIA 2 2-VICTORIA 1 2-i_2302,"LINESTRING (-96.97399999999999 28.772523516131912, -96.934414 28.65929442196951",115.0
WINTERS 0 - NORTON_SOLAR - 3306,"LINESTRING (-100.156338 31.852400447881788, -100.26 31.97",115.0
MABANK 2 1-TRINIDAD 2 0-i_972,"LINESTRING (-96.083732 32.2716714175578, -96.10982000000001 32.16048896872899",115.0
UVALDE 0-BRACKETTVILLE 2 0-i_424,"LINESTRING (-100.00687000000002 29.144723767626097, -100.200167 29.2284388980824",115.0
GONZALES 0-NIXON 0-i_1816,"LINESTRING (-97.439924 29.4706858196306, -97.72683400000001 29.422645851624893",115.0
MARBLE FALLS 2 2-MARBLE FALLS 1 0-i_1804,"LINESTRING (-98.2952 30.54049837392111, -98.248593 30.549087601116593",115.0
LAREDO 1 0-LAREDO 7 0-i_497,"LINESTRING (-99.49090000000001 27.56031721101819, -99.674682 27.8271417951826",230.0
HOUSTON 87 0-HOUSTON 3 0-i_2506,"LINESTRING (-95.611784 29.747732562043016, -95.63464900000001 29.723515958268486",115.0
SAN ANTONIO 24 0-BOERNE 1 0-i_1768,"LINESTRING (-98.483128 29.694951246660096, -98.64667000000001 29.7451824984431",115.0
HOUSTON 32 0-HOUSTON 36 0-i_2801,"LINESTRING (-95.35621 29.751123646625995, -95.37595300000001 29.82909159377739",115.0
WHARTON 1 2-WHARTON 2 0-i_2882,"LINESTRING (-96.0323 29.26581886477861, -96.182821 29.342819929568304",115.0
SARITA 1 1-KINGSVILLE 0-i_567,"LINESTRING (-97.753167 27.21665334296649, -97.85659700000001 27.43781410243951",115.0
SAN ANTONIO 2 0-SAN ANTONIO 50 0-i_1744,"LINESTRING (-98.6067 29.586395547977702, -98.72635399999999 29.398379895204194",500.0
CYPRESS 1 0-HOUSTON 5 0-i_2614,"LINESTRING (-95.66512399999999 29.995280759578108, -95.5234 29.9392043515847",500.0
THOMPSONS 1-MISSOURI CITY 2 0-i_2664,"LINESTRING (-95.6167 29.480292918965713, -95.553828 29.47091068690631",230.0
HOUSTON 48 0-HOUSTON 62 0-i_2649,"LINESTRING (-95.41333300000002 29.79574976054061, -95.47080900000002 29.827525554622007",115.0
BRECKENRIDGE 0-ALBANY 2 0-i_833,"LINESTRING (-98.883466 32.79822000528059, -99.23283999999998 32.784078042778596",161.0
ROCKDALE 1 1-CALDWELL 0-i_1854,"LINESTRING (-97.028032 30.55967127726221, -96.665432 30.535363724672102",230.0
LORENA 0-RIESEL 2 0-i_1016,"LINESTRING (-97.193495 31.262489649579898, -97.003872 31.348585271512007",161.0
HOUSTON 83 0-HOUSTON 84 0-i_2738,"LINESTRING (-95.581217 29.697186302317807, -95.58239 29.66836658493781",115.0
COLLEGE STATION 1 1-COLLEGE STATION 2 1-i_3150,"LINESTRING (-96.25098300000002 30.555184990626806, -96.30438399999998 30.6028960409023",115.0
HOUSTON 52 0-HOUSTON 38 0-i_2590,"LINESTRING (-95.431164 29.6832039541903, -95.38326299999999 29.608146087973797",115.0
SAN ANTONIO 32 1-SAN ANTONIO 39 0-i_2127,"LINESTRING (-98.517303 29.419895426275307, -98.567338 29.4186243948924",115.0
GOLDSMITH 0-KERMIT 0-i_122,"LINESTRING (-102.819333 31.988893517494812, -103.129992 31.6901247102362",115.0
CORSICANA 2 0-FAIRFIELD 1 0-i_1252,"LINESTRING (-96.62174700000001 32.05183571151851, -96.09510000000002 31.884586583442704",500.0
SEALY 0-BELLVILLE 0-i_2887,"LINESTRING (-96.09871300000002 29.788899590674806, -96.243942 29.98088061195642",115.0
ANGLETON 1-DANBURY 0-i_2808,"LINESTRING (-95.42848800000002 29.16863423160271, -95.310719 29.22901472709819",115.0
GARRISON 0-HENDERSON 1 0-i_3048,"LINESTRING (-94.511617 31.813201849647793, -94.69502900000002 31.919337891369405",115.0
CHANNELVIEW 2 0-CROSBY 0-i_2785,"LINESTRING (-95.047291 29.830040617506594, -95.053587 29.930376130139194",115.0
LOS FRESNOS 0-SAN BENITO 0-i_722,"LINESTRING (-97.262778 26.22854150341792, -97.620292 26.09962035920391",115.0
FORT WORTH 25 0-FORT WORTH 17 0-i_1420,"LINESTRING (-97.430235 32.91110423103041, -97.350985 32.77867862073289",161.0
SILVER 1-ROSCOE 4 0-i_378,"LINESTRING (-100.65570000000001 32.043897182145, -100.47430000000001 32.230853680250306",115.0
ARLINGTON 1 1-ARLINGTON 6 0-i_985,"LINESTRING (-97.12769 32.772671457267094, -97.09645200000001 32.782530725569714",161.0
TYLER 7 0-TRINIDAD 1 0-i_3191,"LINESTRING (-95.310228 32.228975554374315, -96.090477 32.1184211563178",230.0
NORTH RICHLAND HILLS 2 0-FORT WORTH 4 0-i_1313,"LINESTRING (-97.221695 32.8375912252615, -97.248532 32.86600199996451",161.0
HOUSTON 9 0-HOUSTON 20 0-i_2220,"LINESTRING (-95.14544 29.8304296272335, -95.29638 29.860034367816805",115.0
BIG SPRING 7 0-BIG SPRING 4 0-i_64,"LINESTRING (-101.356434 32.0968117129129, -101.29363699999999 31.985335280619005",115.0
LEWISVILLE 2 0-FLOWER MOUND 1 0-i_1369,"LINESTRING (-97.057417 33.07895382564289, -97.05647000000002 33.030295491566",161.0
SUGAR LAND 2 1-SUGAR LAND 3 1-i_2282,"LINESTRING (-95.627376 29.564491004522885, -95.69944900000002 29.667501563415392",230.0
LAREDO 6 0-LAREDO 4 1-i_570,"LINESTRING (-99.493143 27.50742513822979, -99.328996 27.3671490151858",115.0
SAN ANTONIO 38 0-SAN ANTONIO 33 0-i_1994,"LINESTRING (-98.566452 29.340024456589408, -98.522419 29.38547657687929",115.0
FRENCH_G_SOLAR 1 - GRAHAM 1 - 3361,"LINESTRING (-98.62 33.13, -98.5757 33.128370579972",161.0
HOUSTON 35 0-HOUSTON 21 0-i_2755,"LINESTRING (-95.375096 29.6536102178675, -95.30055900000002 29.68311895207441",115.0
HOUSTON 34 0-HOUSTON 48 0-i_2509,"LINESTRING (-95.36399000000002 29.792844687980903, -95.41333300000002 29.79574976054061",115.0
DALLAS 36 0-DALLAS 23 0-i_1492,"LINESTRING (-96.86073900000001 32.89087667873379, -96.791914 32.83347311301839",161.0
HOUSTON 40 0-HOUSTON 20 0-i_2573,"LINESTRING (-95.38892700000001 29.88786306457909, -95.29638 29.860034367816805",115.0
BLOOMING GROVE 0-BARDWELL 0-i_1054,"LINESTRING (-96.71466100000002 32.116829049943306, -96.74382700000001 32.20503095012969",161.0
HOUSTON 10 0-HUMBLE 1 0-i_2379,"LINESTRING (-95.16952100000002 29.761429903746293, -95.17389900000002 29.992004677254894",115.0
ALEDO 2 0-ALEDO 1 1-i_879,"LINESTRING (-97.627882 32.69328429949999, -97.49980000000001 32.718176975589984",161.0
SAN ANTONIO 31 0-SAN ANTONIO 30 0-i_1668,"LINESTRING (-98.521662 29.587523575974096, -98.51943000000001 29.51389475062251",115.0
GARRISON 0-NACOGDOCHES 2 0-i_3047,"LINESTRING (-94.511617 31.813201849647793, -94.619596 31.717204498668977",115.0
HOUSTON 71 0-HOUSTON 78 0-i_2566,"LINESTRING (-95.51212500000001 29.685445009977308, -95.54263 29.649702120679894",115.0
AUSTIN 13 0-AUSTIN 14 0-i_2080,"LINESTRING (-97.71048199999998 30.2279866279823, -97.71109600000001 30.293693179602993",115.0
HURST 0-FORT WORTH 2 0-i_1171,"LINESTRING (-97.176986 32.814779603666416, -97.177363 32.773493479634304",161.0
HOUSTON 79 0-HOUSTON 81 0-i_2443,"LINESTRING (-95.55665400000001 29.738824339888897, -95.577168 29.856102269414208",115.0
NEWARK 0-RHOME 0-i_1260,"LINESTRING (-97.440809 32.998434618972404, -97.45919300000001 33.09095215487141",161.0
JACKSONVILLE 1 1-TYLER 7 0-i_3174,"LINESTRING (-94.953834 31.933739848500522, -95.310228 32.228975554374315",230.0
HOUSTON 18 0-HOUSTON 22 0-i_2455,"LINESTRING (-95.27053700000002 29.716023771561908, -95.30531 29.741063395721014",115.0
ODESSA 2 0-ODESSA 1 0-i_3,"LINESTRING (-102.25334800000002 31.90062364822749, -102.3084 31.82500733984199",115.0
ZEPHYR 0-GOLDTHWAITE 2 0-i_1147,"LINESTRING (-98.767277 31.680550078225306, -98.53771700000001 31.62122616613418",161.0
FORT WORTH 23 0-FORT WORTH 28 0-i_895,"LINESTRING (-97.41301500000002 32.66488052860689, -97.499881 32.633444676116014",161.0
SAN ANTONIO 19 0-SAN ANTONIO 17 0-i_1729,"LINESTRING (-98.455523 29.412591245945418, -98.452635 29.486399070030906",115.0
BURLESON 1-MANSFIELD 1-i_942,"LINESTRING (-97.29790700000001 32.530237882444496, -97.17973400000001 32.50154410714119",161.0
HOUSTON 55 0-HOUSTON 67 0-i_2489,"LINESTRING (-95.437594 29.91609877213401, -95.48639300000002 29.915198749571104",115.0
TRINIDAD 2 0-TRINIDAD 1 2-i_3111,"LINESTRING (-96.10982000000001 32.16048896872899, -96.07967700000002 32.106224246732",115.0
JACKSBORO 1 0-OLNEY 1 0-i_867,"LINESTRING (-98.31965200000002 33.0619360212675, -98.693944 33.377598754067705",500.0
AUSTIN 20 0-AUSTIN 16 0-i_1857,"LINESTRING (-97.73898900000002 30.268081643251207, -97.720203 30.279685937317403",115.0
BROWNSVILLE 2 0-BROWNSVILLE 1 0-i_662,"LINESTRING (-97.30714400000001 25.937448418873302, -97.51060000000001 25.906623725411485",230.0
MIAMI 1-WHEELER 0-i_174,"LINESTRING (-100.517011 35.648038404923994, -100.756905 35.82492538796749",161.0
PONDER 0-DENTON 6 0-i_862,"LINESTRING (-97.30802799999998 33.19629404994419, -97.18024400000002 33.22528584814511",161.0
ALLEN 2 0-RICHARDSON 1 0-i_1512,"LINESTRING (-96.690364 33.11191473032849, -96.659463 32.9891413645929",161.0
LENORAH 0-MIDLAND 2 0-i_53,"LINESTRING (-101.8277 32.2292095700582, -102.03329800000002 32.31558836615381",115.0
HOUSTON 4 2-HOUSTON 39 0-i_2691,"LINESTRING (-95.38095999999999 29.709792264146415, -95.387702 29.750972052268914",115.0
HASKELL 0-ROCHESTER 0-i_270,"LINESTRING (-99.639589 33.1166547754508, -99.633126 33.31681955532651",161.0
MISSION 1 1-MISSION 4 1-i_589,"LINESTRING (-98.36320000000002 26.175696438298097, -98.354566 26.222276155465096",115.0
HAMILTON 0-COMANCHE 0-i_1074,"LINESTRING (-98.178029 31.68068708726791, -98.60555300000001 31.88498761006321",161.0
RED OAK 0-DESOTO 0-i_1208,"LINESTRING (-96.803715 32.51934458803692, -96.860475 32.5970006887262",161.0
MOODY 0-GATESVILLE 3 0-i_1169,"LINESTRING (-97.38106100000002 31.2789327222181, -97.740672 31.48640451826432",161.0
KINGWOOD 2 0-KINGWOOD 1 0-i_2599,"LINESTRING (-95.217422 30.04428399193101, -95.154343 30.050612151206995",115.0
ODESSA 2 0-ODESSA 3 0-i_1,"LINESTRING (-102.25334800000002 31.90062364822749, -102.30342300000001 31.995022925591492",115.0
PROSPER 0-CELINA 0-i_1005,"LINESTRING (-96.804389 33.2394932395275, -96.749377 33.336492915612006",161.0
KILLEEN 3 1-SALADO 0-i_1340,"LINESTRING (-97.72481700000003 31.00346981975701, -97.58965000000002 30.91955939470162",161.0
BIG SPRING 1 0-STERLING CITY 1 1-i_45,"LINESTRING (-101.10770000000001 31.9863933510534, -100.8921 31.91998893462841",115.0
RICHARDSON 2 1-PLANO 5 0-i_1081,"LINESTRING (-96.73344 32.97364694061329, -96.737958 33.018853178102304",161.0
MEMPHIS 0-PANHANDLE 6 0-i_139,"LINESTRING (-100.503868 34.85134962291401, -100.985549 34.89485474885791",161.0
VICTORIA 1 0-POINT COMFORT 1 0-i_2980,"LINESTRING (-96.94521399999999 28.668770854419012, -96.549197 28.633752374787612",500.0
SAN ANTONIO 28 0-SAN ANTONIO 31 0-i_1669,"LINESTRING (-98.493826 29.631593670506195, -98.521662 29.587523575974096",115.0
RICHARDSON 2 1-DALLAS 19 0-i_995,"LINESTRING (-96.73344 32.97364694061329, -96.784613 32.994957523788216",161.0
CUMBY 0-POINT 0-i_3166,"LINESTRING (-95.794234 33.09206408763481, -95.903936 32.983221630427",115.0
CLIFTON 1 0 - MARKUM_SOLAR - 3282,"LINESTRING (-97.35770000000001 31.863285169870892, -97.38 31.69",161.0
SOUTH HOUSTON 0-HOUSTON 17 0-i_2500,"LINESTRING (-95.226184 29.65852934021411, -95.26533899999998 29.617916330655007",115.0
LUFKIN 2 0-HUNTINGTON 0-i_3029,"LINESTRING (-94.632414 31.2955538069836, -94.50098600000001 31.224354163821896",115.0
DALLAS 1 0-MANSFIELD 0-i_920,"LINESTRING (-96.63724400000001 32.646186021553305, -97.184054 32.50154410714119",500.0
HOUSTON 64 0-HOUSTON 65 0-i_2988,"LINESTRING (-95.47577200000002 29.6728366961662, -95.48255 29.618232338505507",115.0
SCHERTZ 0-SAN ANTONIO 5 0-i_1861,"LINESTRING (-98.25904200000001 29.544562510412298, -98.356683 29.553532732784014",115.0
DEER PARK 1-BAYTOWN 1 1-i_2484,"LINESTRING (-95.114456 29.720683887687706, -94.8995 29.6718976727995",230.0
TRINIDAD 1 2-MALAKOFF 0-i_3181,"LINESTRING (-96.07967700000002 32.106224246732, -96.00523 32.12137235351071",115.0
PANHANDLE 4 0-MIAMI 0-i_161,"LINESTRING (-101.235056 35.42163286871961, -100.527811 35.648038404923994",500.0
GIDDINGS 0-LEXINGTON 0-i_1995,"LINESTRING (-96.914038 30.16139897934819, -96.83115800000002 30.348609833435408",115.0
DALLAS 39 0-DALLAS 30 0-i_1232,"LINESTRING (-96.87251799999999 32.86611000291061, -96.82187400000001 32.845890451502704",161.0
ROCKDALE 1 0-PFLUGERVILLE 0-i_1689,"LINESTRING (-97.04603200000001 30.55967127726221, -97.59026000000001 30.4360509097312",500.0
DALLAS 3 1-BALCH SPRINGS 0-i_1525,"LINESTRING (-96.66990900000002 32.707882695939915, -96.616485 32.71417786694259",161.0
SUGAR LAND 1 0-STAFFORD 0-i_2424,"LINESTRING (-95.602093 29.617808327972007, -95.564368 29.621806427300708",115.0
ANGUS_SOLAR - WACO 2 1 - 3281,"LINESTRING (-97.26 31.69, -97.07691 31.61482274425611",161.0
NEW BRAUNFELS 2 2-NEW BRAUNFELS 3 0-i_1764,"LINESTRING (-98.066406 29.689372510142487, -98.186862 29.75632277632369",115.0
GLOVE_SOLAR - UVALDE 1 - 3345,"LINESTRING (-99.7 29.21, -100.00687000000002 29.144723767626097",230.0
DALLAS 24 0-DALLAS 12 0-i_830,"LINESTRING (-96.793734 32.9672827665192, -96.74393899999998 32.87106613811552",161.0
PLANO 2 0-PLANO 1 0-i_840,"LINESTRING (-96.669564 33.02914646008381, -96.611882 33.019378192483",161.0
GARLAND 2 0-SACHSE 0-i_1199,"LINESTRING (-96.61618200000001 32.9264846511817, -96.577283 32.96659174761798",161.0
MC GREGOR 0-GATESVILLE 3 0-i_1388,"LINESTRING (-97.52213399999998 31.40337285629871, -97.740672 31.48640451826432",161.0
BAY CITY 0 - THICKGRASS SOLAR - 3333,"LINESTRING (-95.82845 28.7821687036371, -95.94 28.85",230.0
BIG SPRING 7 0-BIG SPRING 5 0-i_14,"LINESTRING (-101.356434 32.0968117129129, -101.37933299999999 32.201407707471816",115.0
KNOX CITY 0-ASPERMONT 0-i_189,"LINESTRING (-99.844667 33.42582809065491, -100.236133 33.17703792464359",161.0
SPRING 3 0-SPRING 5 0-i_2725,"LINESTRING (-95.46475999999998 30.134481265014582, -95.49736000000001 30.17575830730649",115.0
DEVINE 0-PEARSALL 1-i_761,"LINESTRING (-99.159888 29.129547839010886, -99.0559 28.92119813472441",115.0
DALLAS 44 0-CEDAR HILL 0-i_1094,"LINESTRING (-96.961022 32.63365168172731, -96.96107500000001 32.577754167669504",161.0
EDGEWOOD 0 - GSE_ELEVEN - 3274,"LINESTRING (-95.845461 32.70895493608249, -95.86 32.57",115.0
WEST 0-WACO 2 1-i_1394,"LINESTRING (-97.234292 31.810072642355312, -97.07691 31.61482274425611",161.0
RIVIERA 0-SARITA 1 1-i_727,"LINESTRING (-97.89237 27.132739526661698, -97.753167 27.21665334296649",115.0
LEANDER 1 2-LIBERTY HILL 0-i_1661,"LINESTRING (-97.903577 30.5563510651253, -97.93782600000002 30.68840335967631",115.0
MARION 2 0-MARION 1 2-i_1612,"LINESTRING (-98.043976 29.597948834763802, -98.1275 29.616889102008297",115.0
POOLVILLE 0-PALO PINTO 1 0-i_1297,"LINESTRING (-97.89230000000002 33.05226535834791, -98.29230000000001 32.65203807393819",500.0
SPRING 7 0-WILLIS 1 0-i_2635,"LINESTRING (-95.52459900000001 30.038382843429996, -95.51059999999998 30.429391969007707",500.0
FORT WORTH 2 0-FORT WORTH 6 0-i_1170,"LINESTRING (-97.177363 32.773493479634304, -97.265832 32.72162406924979",161.0
SPRING BRANCH 0-CANYON LAKE 0-i_1898,"LINESTRING (-98.387367 29.892263174801005, -98.22463099999999 29.96864409047391",115.0
HOUSTON 86 0-HOUSTON 89 0-i_2791,"LINESTRING (-95.59964200000002 29.92405997174221, -95.64763400000001 29.90671853700871",115.0
THREE RIVERS 0-GEORGE WEST 0-i_736,"LINESTRING (-98.56418600000002 28.304007990713806, -98.13405100000001 28.251132842701317",115.0
SAN ANTONIO 22 1-SAN ANTONIO 7 0-i_1942,"LINESTRING (-98.470412 29.275767875508507, -98.368289 29.352429762194802",115.0
LITTLE ELM 0-LAKE DALLAS 0-i_1055,"LINESTRING (-96.94695100000001 33.1740844388876, -97.00186900000001 33.107938621153",161.0
HOUSTON 48 0-HOUSTON 62 0-i_2650,"LINESTRING (-95.41333300000002 29.79574976054061, -95.47080900000002 29.827525554622007",115.0
HOUSTON 69 0-HOUSTON 76 0-i_2744,"LINESTRING (-95.49245800000001 29.954738741390297, -95.527601 29.985951525169504",115.0
TEMPLE 3 0-TROY 0-i_901,"LINESTRING (-97.36462600000002 31.1317221372152, -97.256253 31.189745910337493",161.0
EDEN 0-MASON 0-i_426,"LINESTRING (-99.88721200000002 31.2166066591552, -99.561053 30.836940066061498",115.0
GRAND PRAIRIE 2 0-IRVING 3 0-i_1364,"LINESTRING (-97.005789 32.77424950020599, -96.951303 32.7941870428682",161.0
NEW BRAUNFELS 2 0-MARION 1 0-i_1756,"LINESTRING (-98.066406 29.694376232341686, -98.13470000000001 29.621896429536815",500.0
ALPINE 0-FORT STOCKTON 1 0-i_56,"LINESTRING (-103.21336000000001 29.795846024417514, -102.49680800000002 30.766388525922405",115.0
MARBLE FALLS 2 1-BURNET 0-i_2048,"LINESTRING (-98.2952 30.549799646599485, -98.272225 30.79453333597571",230.0
MERKEL 3 0-ABILENE 4 0-i_305,"LINESTRING (-100.02372300000002 32.46754659624139, -99.658488 32.329593307201094",115.0
ABILENE 5 0-HAWLEY 0-i_459,"LINESTRING (-99.70689400000002 32.4561598281831, -99.82164200000001 32.62440920131271",115.0
DALLAS 44 0-CEDAR HILL 0-i_1095,"LINESTRING (-96.961022 32.63365168172731, -96.96107500000001 32.577754167669504",161.0
DUBLIN 2 0-STEPHENVILLE 1-i_937,"LINESTRING (-98.33962000000001 32.06919986983959, -98.175117 32.2761477179342",161.0
DALLAS 36 0-DALLAS 42 0-i_1166,"LINESTRING (-96.86073900000001 32.89087667873379, -96.888121 32.92077149509339",161.0
MUENSTER 1 0-MUENSTER 2 0-i_244,"LINESTRING (-97.41940600000001 33.727018023699195, -97.37385500000002 33.67608947246801",161.0
ANNONA 0-BAGWELL 0-i_253,"LINESTRING (-94.881845 33.4922166904937, -95.14296600000002 33.795884833282116",161.0
SEBASTIAN 1 0-HARLINGEN 1 0-i_653,"LINESTRING (-97.65780000000001 26.342467843903417, -97.658502 26.249065643788807",115.0
BREMOND 0-RIESEL 1 0-i_1515,"LINESTRING (-96.68423 31.085759152857804, -96.93914900000001 31.468237107671296",500.0
CHANNELVIEW 1 2-CHANNELVIEW 2 0-i_2822,"LINESTRING (-95.09333 29.8061044515485, -95.047291 29.830040617506594",115.0
PLEASANTON 0-LEMING 0-i_796,"LINESTRING (-98.419996 28.929477637984895, -98.47821 29.068029785587207",115.0
HOUSTON 4 1-HOUSTON 5 1-i_2619,"LINESTRING (-95.38095999999999 29.718546834432193, -95.5162 29.9392043515847",230.0
BAYTOWN 3 0-BAYTOWN 1 1-i_2716,"LINESTRING (-94.99007700000001 29.751016643956905, -94.8995 29.6718976727995",230.0
PEARLAND 2 0-HOUSTON 13 0-i_2434,"LINESTRING (-95.346468 29.542819467209306, -95.222001 29.584454499805208",115.0
BAYTOWN 3 0-PASADENA 1 1-i_2856,"LINESTRING (-94.99007700000001 29.751016643956905, -95.19587800000001 29.72083189137611",230.0
SANDIA 0-GEORGE WEST 0-i_735,"LINESTRING (-97.953915 28.086809093890796, -98.13405100000001 28.251132842701317",115.0
HOUSTON 6 0-PASADENA 1 0-i_2910,"LINESTRING (-95.215109 29.819702359047994, -95.203078 29.72083189137611",500.0
SUGAR LAND 1 0-STAFFORD 0-i_2420,"LINESTRING (-95.602093 29.617808327972007, -95.564368 29.621806427300708",115.0
NAVASOTA 0-ANDERSON 0-i_3023,"LINESTRING (-96.04576600000003 30.363081752552706, -96.002435 30.521784857838508",115.0
HOUSTON 55 0-HOUSTON 66 0-i_2783,"LINESTRING (-95.437594 29.91609877213401, -95.484762 30.00456899302221",115.0
ROSCOE 5 1-ROSCOE 4 0-i_385,"LINESTRING (-100.5087 32.290899766285506, -100.47430000000001 32.230853680250306",115.0
WACO 1 1-WACO 3 0-i_993,"LINESTRING (-97.06225399999998 31.469530192503402, -97.118249 31.57068983872051",161.0
PRINCETON 0-MCKINNEY 1 1-i_904,"LINESTRING (-96.479557 33.14933575839979, -96.587266 33.164533176213496",161.0
ELSA 0-EDINBURG 1 0-i_655,"LINESTRING (-98.030361 26.301376554056098, -98.083002 26.445030573774606",115.0
TOLAR 0-LIPAN 0-i_823,"LINESTRING (-97.91535399999998 32.356567120702316, -97.999849 32.520944201207215",161.0
AXTELL 0-ELM MOTT 0-i_1220,"LINESTRING (-96.94612900000001 31.6549183871479, -97.064707 31.690492734532512",161.0
FORT WORTH 18 0-FORT WORTH 16 0-i_1470,"LINESTRING (-97.355932 32.81408258467941, -97.34235500000001 32.879388365189115",161.0
WILLIS 1 2-CONROE 7 0-i_2521,"LINESTRING (-95.51059999999998 30.420079181671394, -95.501408 30.322060011992008",115.0
MIAMI 0 - SHORTON 2 - 3230,"LINESTRING (-100.527811 35.648038404923994, -100.06 34.25",500.0
TUSCOLA 0-GOLDSBORO 0-i_357,"LINESTRING (-99.817041 32.267993170761585, -99.68565000000001 32.04597232051239",115.0
HOWE 0-PROSPER 0-i_232,"LINESTRING (-96.73864500000002 33.448365010567784, -96.804389 33.2394932395275",161.0
MERKEL 3 0-TRENT 2 0-i_307,"LINESTRING (-100.02372300000002 32.46754659624139, -100.20387499999998 32.658797532294294",115.0
LUFKIN 2 0-DIBOLL 0-i_3075,"LINESTRING (-94.632414 31.2955538069836, -94.749734 31.18077332646279",115.0
FORT WORTH 6 0-FORT WORTH 11 0-i_1311,"LINESTRING (-97.265832 32.72162406924979, -97.314201 32.72626519536611",161.0
SAN ANTONIO 44 0-SAN ANTONIO 2 2-i_1752,"LINESTRING (-98.620448 29.622221437611895, -98.5995 29.5813864574687",115.0
LAMPASAS 0-LOMETA 0-i_351,"LINESTRING (-98.25034000000001 31.096211831197405, -98.36774199999999 31.25106890486369",115.0
TEMPLE 1 0-RIESEL 1 0-i_1412,"LINESTRING (-97.306422 31.049664812048306, -96.93914900000001 31.468237107671296",500.0
MAYPEARL 0-MIDLOTHIAN 1 1-i_1509,"LINESTRING (-97.033619 32.29993267680521, -97.04506000000002 32.42776911654429",161.0
MERCEDES 0-HARLINGEN 1 0-i_534,"LINESTRING (-97.822112 26.1423677244398, -97.658502 26.249065643788807",115.0
FORT WORTH 10 0-KELLER 2 1-i_859,"LINESTRING (-97.30688600000002 32.9729449214079, -97.27527399999998 32.925619627546986",161.0
PIPE CREEK 0-BOERNE 2 1-i_1909,"LINESTRING (-98.907616 29.687190053419496, -98.697635 29.856719284854496",115.0
LEAGUE CITY 0-TEXAS CITY 1 0-i_2397,"LINESTRING (-95.082987 29.501283438387105, -94.91582900000002 29.3888876610184",230.0
MAGNOLIA 1 0-CYPRESS 1 1-i_2701,"LINESTRING (-95.642894 30.214369283446914, -95.66080400000001 29.995280759578108",230.0
BROWNSVILLE 2 0-BROWNSVILLE 1 0-i_661,"LINESTRING (-97.30714400000001 25.937448418873302, -97.51060000000001 25.906623725411485",230.0
CORSICANA 2 0-FAIRFIELD 2 0-i_1253,"LINESTRING (-96.62174700000001 32.05183571151851, -96.03640000000001 31.814481934451507",500.0
WHITESBORO 0-SHERMAN 1 1-i_204,"LINESTRING (-96.92712100000001 33.737905783513, -96.58189300000001 33.57657454698819",161.0
ALEDO 1 1-FORT WORTH 20 0-i_880,"LINESTRING (-97.49980000000001 32.718176975589984, -97.375938 32.6504931383529",161.0
SAN ANTONIO 7 0-SAN ANTONIO 9 0-i_2155,"LINESTRING (-98.368289 29.352429762194802, -98.390714 29.41564232126721",115.0
GREENVILLE 2 0-GREENVILLE 1 1-i_953,"LINESTRING (-96.075274 33.062420054452296, -96.0904 33.1646730744551",161.0
ARP 0-TYLER 2 0-i_3004,"LINESTRING (-95.068715 32.261451731918214, -95.16896400000002 32.295437012742504",115.0
HOUSTON 39 0-HOUSTON 45 0-i_2813,"LINESTRING (-95.387702 29.750972052268914, -95.427498 29.757900393431",115.0
SAN YGNACIO 0-FALCON HEIGHTS 2 0-i_564,"LINESTRING (-99.32183000000002 27.12182490121719, -99.094088 26.671762313868392",115.0
FORT WORTH 4 0-SOUTHLAKE 0-i_1442,"LINESTRING (-97.248532 32.86600199996451, -97.144982 32.957505499117",161.0
KNOX CITY 0-SEYMOUR 0-i_190,"LINESTRING (-99.844667 33.42582809065491, -99.234765 33.61514922934559",161.0
DECATUR 0-FORESTBURG 0-i_155,"LINESTRING (-97.505178 33.2702993461964, -97.436189 33.46561084609758",161.0
LA PORTE 0-LAPORTE 2-i_2543,"LINESTRING (-95.037022 29.69233618154429, -95.04542700000002 29.719271744484594",115.0
PFLUGERVILLE_SOLAR 2 - AUSTIN 2 1 - 3258,"LINESTRING (-97.58 30.41, -97.5985 30.207311104921697",230.0
RICHMOND 1 0-THOMPSONS 2-i_2330,"LINESTRING (-95.67658600000001 29.480170915947696, -95.6167 29.474024945058016",115.0
IRVING 5 0-IRVING 2 0-i_1189,"LINESTRING (-96.993135 32.872414174893514, -96.938508 32.882840459395084",161.0
RHOME 0-JUSTIN 0-i_1259,"LINESTRING (-97.45919300000001 33.09095215487141, -97.33689900000002 33.09758033679089",161.0
DALLAS 2 1-DALLAS 40 0-i_1464,"LINESTRING (-96.92139999999999 32.72067704351759, -96.874436 32.8111555049485",161.0
HOUSTON 66 0-SPRING 7 2-i_2641,"LINESTRING (-95.484762 30.00456899302221, -95.52459900000001 30.03464299095081",115.0
MOODY 0-LORENA 0-i_1015,"LINESTRING (-97.38106100000002 31.2789327222181, -97.193495 31.262489649579898",161.0
SAN ANTONIO 40 0-SAN ANTONIO 45 0-i_1626,"LINESTRING (-98.567679 29.458138371104788, -98.62670300000002 29.40411503673089",115.0
DONNA 0-EDINBURG 2 0-i_520,"LINESTRING (-98.049657 26.155437448313194, -98.17429500000003 26.27423304328131",115.0
TEMPLE 1 1 - SPANISH CROWN 1 - 3294,"LINESTRING (-97.288422 31.049664812048306, -97.26 31.13",161.0
GEORGETOWN 1 0-GEORGETOWN 2 0-i_1905,"LINESTRING (-97.614595 30.65664454529892, -97.749577 30.645446258327613",115.0
BEEVILLE 0-GOLIAD 0-i_581,"LINESTRING (-97.70162 28.401378801973113, -97.570237 28.561954425347704",115.0
VENUS 0-MAYPEARL 0-i_1263,"LINESTRING (-97.086728 32.4238910120167, -97.033619 32.29993267680521",161.0
HOUSTON 2 0-HOUSTON 57 0-i_2561,"LINESTRING (-95.23860000000003 29.949704615048507, -95.443009 29.950133625814704",115.0
SULLIVAN CITY 0-MISSION 1 1-i_675,"LINESTRING (-98.558191 26.247269543960094, -98.36320000000002 26.175696438298097",115.0
FORT WORTH 4 0-FORT WORTH 9 0-i_1443,"LINESTRING (-97.248532 32.86600199996451, -97.287923 32.857265761682",161.0
DUNCANVILLE 1 0-DALLAS 34 0-i_1280,"LINESTRING (-96.908282 32.658235348339204, -96.837348 32.6584373538186",161.0
AUSTIN 27 0-ROUND ROCK 4 0-i_2059,"LINESTRING (-97.79310000000001 30.20435503016379, -97.72129800000002 30.5318743532431",230.0
OVERTON 0-ARP 0-i_3003,"LINESTRING (-94.92753500000002 32.24424957826159, -95.068715 32.261451731918214",115.0
SEADRIFT 0-PALACIOS 0-i_2508,"LINESTRING (-96.565173 28.423294112439002, -96.180925 28.617102741874014",115.0
WINCHESTER 2-SMITHVILLE 0-i_1846,"LINESTRING (-96.95150000000001 30.022516305786304, -97.173148 30.00766429463919",115.0
PFLUGERVILLE 1-CEDAR PARK 1-i_1694,"LINESTRING (-97.58594 30.4360509097312, -97.81556 30.50146757711399",230.0
NEMO 0-GRANBURY 1 1-i_1453,"LINESTRING (-97.64614100000001 32.26013364350169, -97.695686 32.34030338183329",161.0
HOUSTON 26 0-HOUSTON 23 0-i_2729,"LINESTRING (-95.325288 29.797687808950695, -95.310727 29.7706791345648",115.0
IRAAN 3 0-SHEFFIELD 0-i_98,"LINESTRING (-101.9118 30.878520746255205, -101.77553 30.590800267185404",115.0
DICKINSON 0-LEAGUE CITY 1-i_2373,"LINESTRING (-95.027451 29.454258275192284, -95.078667 29.501283438387105",115.0
CUERO 2 1-CUERO 1 0-i_1975,"LINESTRING (-97.26081300000003 29.090743466577308, -97.316636 29.123424464446497",115.0
BRYAN 3 0-COLLEGE STATION 2 1-i_3178,"LINESTRING (-96.30308399999998 30.7915511441138, -96.30438399999998 30.6028960409023",115.0
WORTHAM 0-ATHENS 2 0-i_3144,"LINESTRING (-96.424735 31.8873667679995, -95.897047 32.08824814114829",115.0
MISSOURI CITY 1 0-HOUSTON 83 0-i_2325,"LINESTRING (-95.51194900000002 29.59792983429211, -95.581217 29.697186302317807",115.0
DALLAS 4 0-GARLAND 3 0-i_1218,"LINESTRING (-96.675838 32.8225038141009, -96.646086 32.962190627243515",161.0
FANNIN 0-VICTORIA 2 1-i_559,"LINESTRING (-97.20336700000001 28.706485129612496, -96.97399999999999 28.78198969280541",230.0
CHILDRESS 0-MEMPHIS 0-i_138,"LINESTRING (-100.800848 34.44128832666441, -100.503868 34.85134962291401",161.0
FORT WORTH 16 0-HASLET 0-i_1050,"LINESTRING (-97.34235500000001 32.879388365189115, -97.373655 32.98420822958651",161.0
IRAAN 3 0-SHEFFIELD 0-i_99,"LINESTRING (-101.9118 30.878520746255205, -101.77553 30.590800267185404",115.0
LAREDO 1 1-LAREDO 7 1-i_499,"LINESTRING (-99.4729 27.56031721101819, -99.66388200000002 27.8271417951826",115.0
CADDO MILLS 0-JOSEPHINE 0-i_1119,"LINESTRING (-96.21853400000002 33.0638704119112, -96.305404 33.063805410128595",161.0
GARLAND 1 1-SUNNYVALE 0-i_1441,"LINESTRING (-96.56768500000001 32.85519770528371, -96.543963 32.798089149110396",161.0
PLANO 6 0-CARROLLTON 2 0-i_1188,"LINESTRING (-96.799086 33.073008662549604, -96.893142 33.0028467397653",161.0
GROESBECK 0-MEXIA 0-i_961,"LINESTRING (-96.51101300000002 31.496916989935094, -96.45913700000001 31.648789983001805",161.0
LA JOYA 0-PENITAS 0-i_610,"LINESTRING (-98.485493 26.236354937453513, -98.46716400000001 26.315153321408395",115.0
RIVIERA 0-SARITA 1 1-i_726,"LINESTRING (-97.89237 27.132739526661698, -97.753167 27.21665334296649",115.0
CORPUS CHRISTI 2 0-CORPUS CHRISTI 18 0-i_573,"LINESTRING (-97.51909999999998 27.825832718387318, -97.587306 27.831880073175398",115.0
VALLEY VIEW 0-GAINESVILLE 0-i_227,"LINESTRING (-97.12495200000001 33.45562521173879, -97.16735 33.655590044385484",161.0
ANSON 0-LUEDERS 0-i_337,"LINESTRING (-99.896394 32.741807168021005, -99.68549199999998 32.8625713896909",115.0
GEORGETOWN 3 1-KILLEEN 3 1-i_1564,"LINESTRING (-97.788099 30.83561298057422, -97.72481700000003 31.00346981975701",161.0
ANSON 0-STAMFORD 0-i_341,"LINESTRING (-99.896394 32.741807168021005, -99.841964 32.9348683245488",115.0
QUEEN_SOLAR - ODESSA 1 10 - 3326,"LINESTRING (-102.26 31.41, -102.2904 31.834183240019108",230.0
NORDHEIM 0-RUNGE 0-i_1680,"LINESTRING (-97.62362300000001 28.907835322758107, -97.878161 28.94593663881801",115.0
SAN ANTONIO 15 0-SAN ANTONIO 23 0-i_1835,"LINESTRING (-98.434954 29.458089369893397, -98.476915 29.438721891262013",115.0
PLANO 3 0-PLANO 5 0-i_1150,"LINESTRING (-96.72723100000002 33.05434215064129, -96.737958 33.018853178102304",161.0
LEANDER 2 0-AUSTIN 33 0-i_2036,"LINESTRING (-97.968206 30.447513201655685, -97.881151 30.318538922639696",115.0
SUGAR LAND 3 2-ROSENBERG 0-i_2289,"LINESTRING (-95.703769 29.66374779180091, -95.858106 29.545898543528608",115.0
ANGLETON 1-DANBURY 0-i_2809,"LINESTRING (-95.42848800000002 29.16863423160271, -95.310719 29.22901472709819",115.0
OLNEY 1 0-ALBANY 1 0-i_1343,"LINESTRING (-98.693944 33.377598754067705, -99.4048 32.76224555758349",500.0
MATADOR 0-CROSBYTON 0-i_181,"LINESTRING (-100.375217 33.70469446650242, -100.98111399999999 33.768493919295004",161.0
SAN ANTONIO 35 0-VON ORMY 0-i_1893,"LINESTRING (-98.52753600000001 29.30295554409579, -98.618842 29.241402031207986",115.0
MAGNOLIA 2 0-PINEHURST 0-i_2314,"LINESTRING (-95.74566 30.1537667518341, -95.66555400000001 30.1580438598384",115.0
HOUSTON 60 0-HOUSTON 51 0-i_2581,"LINESTRING (-95.457305 29.701517410182394, -95.429746 29.7312761516989",115.0
HOUSTON 83 0-HOUSTON 85 0-i_2740,"LINESTRING (-95.581217 29.697186302317807, -95.59943699999998 29.77359320730029",115.0
SAN ANGELO 2 0-CHRISTOVAL 1-i_335,"LINESTRING (-100.55452499999998 31.262688662559217, -100.64282000000001 31.07926873175702",115.0
KENEDY 0-VICTORIA 3 0-i_2107,"LINESTRING (-97.884158 28.72709737424611, -97.18788200000002 28.664095525985708",230.0
HOUSTON 60 0-HOUSTON 51 0-i_2582,"LINESTRING (-95.457305 29.701517410182394, -95.429746 29.7312761516989",115.0
FALLS CITY 0-FLORESVILLE 1-i_2052,"LINESTRING (-98.23142500000002 28.860727463071694, -98.058806 29.067153025708105",115.0
SAN ANTONIO 8 0-SAN ANTONIO 1 2-i_1931,"LINESTRING (-98.38376100000002 29.444142025181716, -98.32889999999999 29.41886597508869",115.0
HOUSTON 35 0-HOUSTON 25 0-i_2754,"LINESTRING (-95.375096 29.6536102178675, -95.320621 29.616210288273706",115.0
MINGUS 0-DUBLIN 1 0-i_1234,"LINESTRING (-98.409168 32.449332367773415, -98.46711100000002 32.3325275044075",161.0
MCKINNEY 3 0-MCKINNEY 1 0-i_1024,"LINESTRING (-96.69195 33.1696223161641, -96.594466 33.164533176213496",500.0
BEDFORD 1 0-HURST 0-i_1355,"LINESTRING (-97.126843 32.85055157858969, -97.176986 32.814779603666416",161.0
ALVIN 2-SANTA FE 2 0-i_2860,"LINESTRING (-95.17856 29.416219945331907, -95.12747800000001 29.361957997003397",115.0
AUSTIN 30 0-AUSTIN 1 2-i_2003,"LINESTRING (-97.836485 30.428265711512395, -97.833946 30.389898395465885",115.0
HOUSTON 62 0-HOUSTON 53 0-i_2866,"LINESTRING (-95.47080900000002 29.827525554622007, -95.43236600000002 29.85056913096469",115.0
FORT WORTH 1 0-EULESS 1 0-i_898,"LINESTRING (-97.045081 32.8215577883255, -97.08242800000001 32.857865778045806",161.0
PLANO 3 0-DALLAS 35 0-i_1238,"LINESTRING (-96.72723100000002 33.05434215064129, -96.838088 32.996893576785816",161.0
HOUSTON 51 0-HOUSTON 45 0-i_2583,"LINESTRING (-95.429746 29.7312761516989, -95.427498 29.757900393431",115.0
GARLAND 3 0-ROCKWALL 2 0-i_1511,"LINESTRING (-96.646086 32.962190627243515, -96.449275 32.94148406109261",161.0
GARLAND 4 0-GARLAND 5 0-i_819,"LINESTRING (-96.647955 32.8777773212275, -96.671238 32.90928418132309",161.0
AUSTIN 34 0-MANCHACA 0-i_1886,"LINESTRING (-97.885062 30.1759293116273, -97.87108700000002 30.13031515988761",115.0
GREGORY 1-PORTLAND 0-i_640,"LINESTRING (-97.222417 27.882926070783, -97.375238 27.88576823783399",115.0
HOUSTON 47 0-HOUSTON 32 0-i_2437,"LINESTRING (-95.412498 29.732312177526314, -95.35621 29.751123646625995",115.0
LA JOYA 0-SULLIVAN CITY 0-i_612,"LINESTRING (-98.485493 26.236354937453513, -98.558191 26.247269543960094",115.0
MOUNT PLEASANT 1 0-GREENVILLE 1 0-i_952,"LINESTRING (-95.0237 33.085667648788416, -96.10840000000002 33.1646730744551",500.0
LAKE JACKSON 1-FREEPORT 2 2-i_2886,"LINESTRING (-95.45424300000002 29.0441696229416, -95.38588100000001 28.97554332016889",115.0
AUSTIN 32 0-AUSTIN 38 0-i_1996,"LINESTRING (-97.86559 30.265650581658207, -97.955835 30.258596402960016",115.0
CAMERON 0-CALVERT 0-i_1892,"LINESTRING (-96.89860100000001 30.884950160970885, -96.679981 30.9969373969415",115.0
HOUSTON 39 0-HOUSTON 45 0-i_2815,"LINESTRING (-95.387702 29.750972052268914, -95.427498 29.757900393431",115.0
HOUSTON 76 0-HOUSTON 86 0-i_2746,"LINESTRING (-95.527601 29.985951525169504, -95.59964200000002 29.92405997174221",115.0
MERTENS 0-MALONE 0-i_1235,"LINESTRING (-96.90558000000001 32.0378727804915, -96.895503 31.918492835220285",161.0
PINE_FOREST_SOLAR 1 - MOUNT VERNON 1 - 3250,"LINESTRING (-95.34 33.21, -95.34960199999999 33.170505475447314",230.0
WAKE_SOLAR - FLUVANNA 2 0 - 3225,"LINESTRING (-101.18 33.45, -101.12978400000001 32.9418878041982",230.0
GATESVILLE 1 0-GATESVILLE 4 0-i_882,"LINESTRING (-97.69788400000002 31.480275897590996, -97.74660400000002 31.4111113630871",161.0
HOUSTON 83 0-HOUSTON 84 0-i_2737,"LINESTRING (-95.581217 29.697186302317807, -95.58239 29.66836658493781",115.0
KATY 4 0-BROOKSHIRE 0-i_2837,"LINESTRING (-95.82785600000001 29.8507171346678, -95.973502 29.845965015779",115.0
TYLER 4 1-TYLER 6 0-i_3041,"LINESTRING (-95.280623 32.31585238389079, -95.306262 32.356352106241104",115.0
BRACKETTVILLE 2 0-LAUGHLIN A F B 0-i_425,"LINESTRING (-100.200167 29.2284388980824, -100.768486 29.352247510237593",115.0
SCURRY 0-SEAGOVILLE 0-i_1317,"LINESTRING (-96.43591999999998 32.46232604845791, -96.53870800000001 32.60337386132599",161.0
SAN ANTONIO 33 0-SAN ANTONIO 17 0-i_2028,"LINESTRING (-98.522419 29.38547657687929, -98.452635 29.486399070030906",115.0
CHARLOTTE 0-MOORE 0-i_526,"LINESTRING (-98.70863400000002 28.7846048510515, -98.84229799999999 28.93543500017811",115.0
CEDAR PARK 0-AUSTIN 1 0-i_1868,"LINESTRING (-97.81988 30.50146757711399, -97.838266 30.394866861665406",500.0
HOUSTON 55 0-HOUSTON 42 0-i_2782,"LINESTRING (-95.437594 29.91609877213401, -95.396607 29.996801797802405",115.0
WAELDER 0-RED ROCK 0-i_1622,"LINESTRING (-97.29232800000001 29.694490704791296, -97.34899600000001 29.837767643997417",115.0
JOURDANTON 0-CHARLOTTE 0-i_527,"LINESTRING (-98.47696 28.758224255335705, -98.70863400000002 28.7846048510515",115.0
SUN_VALLEY 2 - WACO 3 0 - 3279,"LINESTRING (-96.98 31.57, -97.118249 31.57068983872051",161.0
FORT WORTH 28 0-GRANBURY 3 0-i_1479,"LINESTRING (-97.499881 32.633444676116014, -97.627411 32.55964267759129",161.0
SPRING 7 1-CYPRESS 1 1-i_2639,"LINESTRING (-95.52027900000002 30.038382843429996, -95.66080400000001 29.995280759578108",230.0
YORKTOWN 0-NORDHEIM 0-i_2095,"LINESTRING (-97.419562 28.851427899044594, -97.62362300000001 28.907835322758107",115.0
AUSTIN 28 0-AUSTIN 26 0-i_2005,"LINESTRING (-97.79894500000002 30.416073401176394, -97.764536 30.345750613416303",115.0
KERRVILLE 0-SAN ANTONIO 51 0-i_295,"LINESTRING (-99.152239 30.0304677283368, -98.730432 29.535276280271308",230.0
WINGATE 0 - BLUE_BELL 2 0 - 3310,"LINESTRING (-100.03912000000001 32.20793214444782, -100.78 31.89",230.0
KATY 4 0-KATY 1 2-i_2312,"LINESTRING (-95.82785600000001 29.8507171346678, -95.72943600000002 29.831315240584683",115.0
ROSCOE 5 2-ODESSA 1 8-i_118,"LINESTRING (-100.51950000000001 32.3061147297888, -102.3084 31.834183240019108",500.0
HOUSTON 49 0-HOUSTON 68 0-i_2447,"LINESTRING (-95.422667 29.823949465216693, -95.48805 29.794371726120797",115.0
SPRING 2 0-CHANNELVIEW 1 1-i_2595,"LINESTRING (-95.379646 30.059676379401296, -95.09333 29.81360120655609",230.0
SUGAR LAND 2 0-PASADENA 1 0-i_2512,"LINESTRING (-95.63169600000002 29.564491004522885, -95.203078 29.72083189137611",500.0
MARBLE FALLS 3 0-SPICEWOOD 0-i_1947,"LINESTRING (-98.199732 30.57501725802662, -98.109055 30.427560693564203",115.0
LA PORTE 0-LAPORTE 2-i_2544,"LINESTRING (-95.037022 29.69233618154429, -95.04542700000002 29.719271744484594",115.0
IOLA 0 - BLUE_JAY_SOLAR - 3337,"LINESTRING (-96.08742800000002 30.7198975392566, -95.98 30.65",115.0
UNIVERSAL CITY 0-SCHERTZ 0-i_1950,"LINESTRING (-98.273899 29.523462987597203, -98.25904200000001 29.544562510412298",115.0
SAN ANTONIO 15 0-SAN ANTONIO 27 0-i_1836,"LINESTRING (-98.434954 29.458089369893397, -98.490053 29.462103469130412",115.0
RAYMONDVILLE 0-SAN PERLITA 1-i_808,"LINESTRING (-97.43333100000001 26.562868182504012, -97.669511 26.46883290649291",115.0
SUGAR LAND 2 1 - FIGHTING_JAYS - 3320,"LINESTRING (-95.627376 29.564491004522885, -95.74 29.49",230.0
MASON 0-MENARD 0-i_427,"LINESTRING (-99.561053 30.836940066061498, -100.098479 30.891365574860888",115.0
LEWISVILLE 1 0-LAKE DALLAS 0-i_1056,"LINESTRING (-96.96020600000001 33.066059471945906, -97.00186900000001 33.107938621153",161.0
HUMBLE 2 0-HOUSTON 42 0-i_2859,"LINESTRING (-95.282617 30.014807250419512, -95.396607 29.996801797802405",115.0
CYPRESS 1 0-PASADENA 1 0-i_2697,"LINESTRING (-95.66512399999999 29.995280759578108, -95.203078 29.72083189137611",500.0
SEBASTIAN 1 0-HARLINGEN 1 0-i_652,"LINESTRING (-97.65780000000001 26.342467843903417, -97.658502 26.249065643788807",115.0
SPRING 2 1-HOUSTON 42 0-i_2597,"LINESTRING (-95.37532599999999 30.059676379401296, -95.396607 29.996801797802405",115.0
ODESSA 1 0-MIDLAND 4 0-i_39,"LINESTRING (-102.3084 31.82500733984199, -102.12336600000002 31.973319480887792",115.0
GALVESTON 2 0-GALVESTON 1 1-i_2377,"LINESTRING (-94.82429 29.271907567337315, -94.75416800000002 29.304256556118613",115.0
GREENVILLE 1 3-SULPHUR SPRINGS 0-i_955,"LINESTRING (-96.0904 33.15563190928269, -95.59921899999999 33.16195188738809",115.0
BOERNE 1 0-PIPE CREEK 0-i_1908,"LINESTRING (-98.64667000000001 29.7451824984431, -98.907616 29.687190053419496",115.0
SEGUIN 2 0-MARION 1 1-i_1789,"LINESTRING (-97.92627800000001 29.536505893280808, -98.1275 29.621896429536815",230.0
SAN ANTONIO 32 0-SAN ANTONIO 37 1-i_2022,"LINESTRING (-98.521623 29.419895426275307, -98.560811 29.499201386850604",230.0
RALLS 1 1 - WAKE_SOLAR - 3224,"LINESTRING (-101.35400000000001 33.6551180115106, -101.18 33.45",230.0
FRISCO 2 0-RICHARDSON 2 0-i_1079,"LINESTRING (-96.85202699999999 33.143924609675196, -96.73776 32.97364694061329",500.0
CROWDED_STAR_SOLAR - HAMLIN 1 - 3353,"LINESTRING (-100.18 32.85, -100.1 32.85",230.0
ARMSTRONG 1 0-CORPUS CHRISTI 1 0-i_779,"LINESTRING (-97.5814 26.994684632791703, -97.4463 27.813899999999997",230.0
HOUSTON 4 2-HOUSTON 39 0-i_2689,"LINESTRING (-95.38095999999999 29.709792264146415, -95.387702 29.750972052268914",115.0
RICHLAND SPRINGS 0-BRADY 0-i_363,"LINESTRING (-99.126467 31.511774965670405, -99.607412 31.170790677037413",115.0
COLLINSVILLE 0-SHERMAN 1 1-i_236,"LINESTRING (-96.897575 33.531704430287384, -96.58189300000001 33.57657454698819",161.0
RICHMOND 1 0-THOMPSONS 2-i_2328,"LINESTRING (-95.67658600000001 29.480170915947696, -95.6167 29.474024945058016",115.0
SHORTON 2 - WICHITA FALLS 1 0 - 3231,"LINESTRING (-100.06 34.25, -98.4751 33.90732463442219",500.0
DALLAS 22 0-DALLAS 29 0-i_1366,"LINESTRING (-96.789793 32.9002609349257, -96.816371 32.7843747757602",161.0
FORT WORTH 27 0-FORT WORTH 29 0-i_1359,"LINESTRING (-97.47857800000001 32.84490642467502, -97.520256 32.78458778155779",161.0
LA GRANGE 2-NEW ULM 0-i_1800,"LINESTRING (-96.71460000000002 29.901597330682904, -96.67753700000002 29.8003093031578",115.0
BAYTOWN 2 1-BAYTOWN 3 0-i_2390,"LINESTRING (-94.8875 29.770600132592996, -94.99007700000001 29.751016643956905",230.0
MERTENS 0-FROST 0-i_1044,"LINESTRING (-96.90558000000001 32.0378727804915, -96.798932 32.0325834279002",161.0
SAN ANTONIO 46 0-SAN ANTONIO 44 0-i_1594,"LINESTRING (-98.652613 29.649847124285706, -98.620448 29.622221437611895",115.0
DALLAS 5 0-DALLAS 3 1-i_1360,"LINESTRING (-96.68572100000002 32.7646972403154, -96.66990900000002 32.707882695939915",161.0
HOUSTON 73 0-HOUSTON 90 2-i_2229,"LINESTRING (-95.519364 29.81339420138271, -95.6556 29.81999028611692",115.0
BLUE_BELL - BLUE_BELL 2 1 - 3313,"LINESTRING (-100.66 31.89, -100.78 31.89",115.0
BASTROP 2-SMITHVILLE 0-i_1611,"LINESTRING (-97.2348 30.1269195886573, -97.173148 30.00766429463919",115.0
HOUSTON 69 0-HOUSTON 76 0-i_2743,"LINESTRING (-95.49245800000001 29.954738741390297, -95.527601 29.985951525169504",115.0
BAYTOWN 1 2-PORT BOLIVAR 0-i_2717,"LINESTRING (-94.8995 29.666892831602905, -94.511121 29.500599669994603",115.0
GRAPEVINE 0-ROANOKE 0-i_1352,"LINESTRING (-97.067945 32.92334756547091, -97.22311999999998 33.006919851289794",161.0
DALLAS 37 0-DALLAS 32 0-i_1308,"LINESTRING (-96.86828900000002 32.701489522304996, -96.83499100000002 32.708981725792",161.0
RICHARDSON 2 1-DALLAS 19 0-i_998,"LINESTRING (-96.73344 32.97364694061329, -96.784613 32.994957523788216",161.0
LANCASTER 2 0-DALLAS 34 0-i_1499,"LINESTRING (-96.77445800000001 32.61523718269132, -96.837348 32.6584373538186",161.0
POINT COMFORT 1 0-POINT COMFORT 2 0-i_2356,"LINESTRING (-96.549197 28.633752374787612, -96.52370000000002 28.68538385629629",500.0
EAGLE PASS 0-PEARSALL 0-i_524,"LINESTRING (-100.26608800000001 28.47006691240151, -99.0739 28.92119813472441",230.0
AUSTIN 3 2-AUSTIN 23 0-i_1724,"LINESTRING (-97.784408 30.285963478461994, -97.757464 30.400169996549405",115.0
SUGAR LAND 1 0-SUGAR LAND 2 2-i_2413,"LINESTRING (-95.602093 29.617808327972007, -95.63169600000002 29.560733394819216",115.0
RAMSEY_SOLAR - WHARTON 1 0 - 3324,"LINESTRING (-96.14 29.01, -96.0503 29.2815201581002",500.0
HOUSTON 1 0-HOUSTON 18 0-i_2214,"LINESTRING (-95.25029999999998 29.808301074107792, -95.27053700000002 29.716023771561908",115.0
NAVASOTA 0-WASHINGTON 0-i_1949,"LINESTRING (-96.04576600000003 30.363081752552706, -96.18036500000001 30.280718526923806",115.0
SAN ANTONIO 48 0-SAN ANTONIO 50 2-i_1725,"LINESTRING (-98.67318500000002 29.45949840472629, -98.72635399999999 29.394616121928106",115.0
ARLINGTON 5 0-ARLINGTON 3 0-i_1022,"LINESTRING (-97.08291700000001 32.6896812016771, -97.076639 32.72042103656161",161.0
PEARLAND 2 0-HOUSTON 13 0-i_2433,"LINESTRING (-95.346468 29.542819467209306, -95.222001 29.584454499805208",115.0
HOUSTON 78 0-HOUSTON 72 0-i_2255,"LINESTRING (-95.54263 29.649702120679894, -95.51758300000002 29.649890125355",115.0
TYLER 4 1-TYLER 8 0-i_3038,"LINESTRING (-95.280623 32.31585238389079, -95.38181400000002 32.298149194855114",115.0
ELMENDORF 0-SAN ANTONIO 1 0-i_1921,"LINESTRING (-98.37530000000001 29.254187345212085, -98.3361 29.426391586690492",500.0
GREENVILLE 2 0-GREENVILLE 1 1-i_954,"LINESTRING (-96.075274 33.062420054452296, -96.0904 33.1646730744551",161.0
MANCHACA 0-BUDA 0-i_1897,"LINESTRING (-97.87108700000002 30.13031515988761, -97.834412 30.076021791058913",115.0
HOUSTON 17 0-HOUSTON 31 0-i_2894,"LINESTRING (-95.26533899999998 29.617916330655007, -95.3533 29.695928270989704",115.0
SANTA ROSA 2 0-HARGILL 0-i_793,"LINESTRING (-97.785892 26.338804639633505, -97.91249600000002 26.470990027327403",115.0
MCCAMEY 2 0-MIDLAND 1 0-i_104,"LINESTRING (-102.2163 31.13303722266159, -101.909007 31.511489946949194",115.0
THOMPSONS 0-SUGAR LAND 2 0-i_2513,"LINESTRING (-95.6239 29.480292918965713, -95.63169600000002 29.564491004522885",500.0
BROWNSVILLE 1 0-MISSION 1 0-i_674,"LINESTRING (-97.51060000000001 25.906623725411485, -98.38120000000002 26.175696438298097",230.0
WHITEHOUSE 0-TYLER 7 1-i_3058,"LINESTRING (-95.21164399999999 32.21548565044459, -95.29942799999999 32.228975554374315",115.0
PRAIRIE VIEW 0-HEMPSTEAD 0-i_2203,"LINESTRING (-95.98689300000001 30.084342000680408, -96.056554 30.093701709147908",115.0
MIDLAND 1 0-GARDEN CITY 0-i_31,"LINESTRING (-101.909007 31.511489946949194, -101.49277500000001 31.756953126268595",115.0
DENTON 3 0-DENTON 1 1-i_1227,"LINESTRING (-97.092416 33.14705569573001, -97.09170000000002 33.1950900168082",161.0
CORPUS CHRISTI 6 0-CORPUS CHRISTI 5 0-i_692,"LINESTRING (-97.32884499999999 27.697198188423815, -97.26044300000001 27.688775696511193",115.0
SAN ANTONIO 5 0-SAN ANTONIO 27 0-i_1864,"LINESTRING (-98.356683 29.553532732784014, -98.490053 29.462103469130412",115.0
SAN ANTONIO 42 0-SAN ANTONIO 45 0-i_1618,"LINESTRING (-98.58981100000003 29.368926168767107, -98.62670300000002 29.40411503673089",115.0
IRVING 1 0-IRVING 5 0-i_1091,"LINESTRING (-96.98580000000001 32.916782386121895, -96.993135 32.872414174893514",161.0
HOUSTON 4 1-HOUSTON 6 1-i_2684,"LINESTRING (-95.38095999999999 29.718546834432193, -95.210789 29.819702359047994",230.0
VICTORIA 2 0-NURSERY 0-i_2240,"LINESTRING (-96.992 28.78198969280541, -97.117 28.888396142184707",500.0
POINT COMFORT 2 1-POINT COMFORT 1 1-i_2358,"LINESTRING (-96.50570000000002 28.68538385629629, -96.53839700000002 28.633752374787612",230.0
SAN ANTONIO 23 0-SAN ANTONIO 19 0-i_1730,"LINESTRING (-98.476915 29.438721891262013, -98.455523 29.412591245945418",115.0
OILTON 1 - DOVE_RUN - 3262,"LINESTRING (-98.983678 27.48166864386469, -98.14 27.25",230.0
RICHARDSON 2 1-DALLAS 19 0-i_996,"LINESTRING (-96.73344 32.97364694061329, -96.784613 32.994957523788216",161.0
CHEROKEE 0-BRADY 0-i_362,"LINESTRING (-99.07089299999998 30.93364430440759, -99.607412 31.170790677037413",115.0
MIDLAND 2 0-MIDLAND 5 0-i_52,"LINESTRING (-102.03329800000002 32.31558836615381, -102.19266 32.04750142247591",115.0
NEW BRAUNFELS 3 0-BULVERDE 0-i_1883,"LINESTRING (-98.186862 29.75632277632369, -98.449625 29.766966041895195",115.0
JOSHUA 0-GRANBURY 2 1-i_1424,"LINESTRING (-97.53627400000002 32.4235050016131, -97.686156 32.40062438513922",161.0
PALO PINTO 1 0-STEPHENVILLE 0-i_936,"LINESTRING (-98.29230000000001 32.65203807393819, -98.18591700000002 32.2761477179342",500.0
KEMPNER 0-BERTRAM 0-i_466,"LINESTRING (-98.00169 31.081991908427998, -98.04158 30.770820476611213",115.0
HAWLEY 0-ABILENE 3 0-i_458,"LINESTRING (-99.82164200000001 32.62440920131271, -99.656323 32.5704215462153",115.0
WEIMAR 0-SCHULENBURG 0-i_1936,"LINESTRING (-96.643467 29.48235654133661, -96.924605 29.68002280429589",115.0
DENTON 4 0-DENTON 5 0-i_831,"LINESTRING (-97.106282 33.2291599548535, -97.142438 33.21856466304279",161.0
FANNIN 0-VICTORIA 3 0-i_560,"LINESTRING (-97.20336700000001 28.706485129612496, -97.18788200000002 28.664095525985708",230.0
HOUSTON 89 0-KATY 2 1-i_2790,"LINESTRING (-95.64763400000001 29.90671853700871, -95.73350300000001 29.743180448514394",115.0
WINGATE 0-ABILENE 1 0-i_402,"LINESTRING (-100.03912000000001 32.20793214444782, -99.6384 32.5083283490131",230.0
ROCKDALE 2 0-ROCKDALE 1 2-i_1855,"LINESTRING (-96.82155 30.694193889756196, -97.028032 30.5503709504365",115.0
FAIRFIELD 1 2-STREETMAN 0-i_3088,"LINESTRING (-96.07709999999999 31.875415697740298, -96.32092199999998 31.7591182694809",115.0
FORT WORTH 15 0-FORT WORTH 20 0-i_1494,"LINESTRING (-97.33466499999999 32.7054076287149, -97.375938 32.6504931383529",161.0
DALLAS 31 0-DALLAS 36 0-i_1491,"LINESTRING (-96.83320000000002 32.922865552302085, -96.86073900000001 32.89087667873379",161.0
DALLAS 20 0-DALLAS 9 0-i_1269,"LINESTRING (-96.785252 32.799711193277005, -96.740403 32.78982292405999",161.0
PINEHURST 0-MAGNOLIA 1 1-i_2430,"LINESTRING (-95.66555400000001 30.1580438598384, -95.638574 30.214369283446914",115.0
SAN ANTONIO 10 0-SAN ANTONIO 17 0-i_1977,"LINESTRING (-98.39352699999998 29.4891231374331, -98.452635 29.486399070030906",115.0
TAYLOR 0-HUTTO 0-i_1821,"LINESTRING (-97.380511 30.462971595511416, -97.542524 30.557562009461595",115.0
HOUSTON 9 0-HOUSTON 20 0-i_2217,"LINESTRING (-95.14544 29.8304296272335, -95.29638 29.860034367816805",115.0
LAKE JACKSON 1-ANGLETON 1-i_2807,"LINESTRING (-95.45424300000002 29.0441696229416, -95.42848800000002 29.16863423160271",115.0
CIBOLO 0-SCHERTZ 0-i_1636,"LINESTRING (-98.21695199999999 29.572499203165, -98.25904200000001 29.544562510412298",115.0
FANNIN 0-VICTORIA 3 0-i_561,"LINESTRING (-97.20336700000001 28.706485129612496, -97.18788200000002 28.664095525985708",230.0
LA MARQUE 0-TEXAS CITY 1 1-i_2626,"LINESTRING (-94.976507 29.3606519648142, -94.911509 29.3888876610184",115.0
LAREDO 4 0-MISSION 1 0-i_672,"LINESTRING (-99.339796 27.3671490151858, -98.38120000000002 26.175696438298097",230.0
BIG SPRINGS 0-BIG SPRING 1 0-i_43,"LINESTRING (-101.21100000000001 32.03289644876491, -101.10770000000001 31.9863933510534",115.0
SAN ANTONIO 10 0-SAN ANTONIO 9 0-i_1979,"LINESTRING (-98.39352699999998 29.4891231374331, -98.390714 29.41564232126721",115.0
PREMONT 0-FREER 0-i_748,"LINESTRING (-98.487692 27.628040153352597, -98.61997 27.829550936520505",115.0
TEXAS CITY 1 0-ANGLETON 0-i_2625,"LINESTRING (-94.91582900000002 29.3888876610184, -95.43928800000002 29.16863423160271",230.0
SAN ANTONIO 10 0-SAN ANTONIO 9 0-i_1980,"LINESTRING (-98.39352699999998 29.4891231374331, -98.390714 29.41564232126721",115.0
DALLAS 44 0-DUNCANVILLE 2 0-i_1096,"LINESTRING (-96.961022 32.63365168172731, -96.912868 32.640786875159606",161.0
CLYDE 0-BAIRD 0-i_1125,"LINESTRING (-99.50987900000003 32.26031165544239, -99.18927200000002 32.33506867521152",161.0
BOYD 0-PARADISE 0-i_930,"LINESTRING (-97.59348300000003 33.03952774455499, -97.71442200000003 33.09269513093341",161.0
SAN ANTONIO 19 0-SAN ANTONIO 16 0-i_1731,"LINESTRING (-98.455523 29.412591245945418, -98.44027400000002 29.342735523366617",115.0
LEANDER 1 0-MARBLE FALLS 2 0-i_1655,"LINESTRING (-97.903577 30.560071073585085, -98.3132 30.549799646599485",500.0
HEBBRONVILLE 0-ZAPATA 0-i_514,"LINESTRING (-98.780966 27.094038310002514, -99.153765 26.924509634514596",115.0
HASLET 0-NEWARK 0-i_1051,"LINESTRING (-97.373655 32.98420822958651, -97.440809 32.998434618972404",161.0
PREMONT 0-BRUNI 1 0-i_749,"LINESTRING (-98.487692 27.628040153352597, -98.89447800000002 27.569728758356298",115.0
CORPUS CHRISTI 13 0-CORPUS CHRISTI 12 0-i_705,"LINESTRING (-97.43697400000003 27.767879321957103, -97.42750100000002 27.720142372574408",115.0
GOODRANCH_SOLAR - ROSCOE 5 2 - 3316,"LINESTRING (-101.34 32.65, -100.51950000000001 32.3061147297888",500.0
HOUSTON 59 0-MISSOURI CITY 1 0-i_2326,"LINESTRING (-95.45709299999999 29.581037415007795, -95.51194900000002 29.59792983429211",115.0
PLANO 7 0-DALLAS 19 0-i_1001,"LINESTRING (-96.808007 33.031810533078, -96.784613 32.994957523788216",161.0
DALLAS 24 0-DALLAS 19 0-i_827,"LINESTRING (-96.793734 32.9672827665192, -96.784613 32.994957523788216",161.0
HOUSTON 39 0-HOUSTON 45 0-i_2812,"LINESTRING (-95.387702 29.750972052268914, -95.427498 29.757900393431",115.0
WICHITA FALLS 1 1-WICHITA FALLS 6 0-i_164,"LINESTRING (-98.4571 33.90732463442219, -98.514064 33.93781077248741",161.0
BELTON 0-TEMPLE 1 0-i_1152,"LINESTRING (-97.489109 31.04551954337379, -97.306422 31.049664812048306",500.0
CHANNELVIEW 1 0-HOUSTON 6 0-i_2959,"LINESTRING (-95.10053000000002 29.81360120655609, -95.215109 29.819702359047994",500.0
CHANNELVIEW 1 2-HOUSTON 9 0-i_2222,"LINESTRING (-95.09333 29.8061044515485, -95.14544 29.8304296272335",115.0
CRYSTAL CITY 0-CARRIZO SPRINGS 0-i_576,"LINESTRING (-99.55365200000001 28.88244378083309, -99.49948000000002 28.518576820807805",115.0
JOSHUA 0-GRANBURY 3 0-i_1422,"LINESTRING (-97.53627400000002 32.4235050016131, -97.627411 32.55964267759129",161.0
CORPUS CHRISTI 3 1-CORPUS CHRISTI 4 0-i_528,"LINESTRING (-97.2757 27.58087585581529, -97.260242 27.620741728063198",115.0
LENORAH 0-BIG SPRING 3 0-i_93,"LINESTRING (-101.8277 32.2292095700582, -101.442385 32.094723573481396",115.0
WINGATE 0-ABILENE 1 0-i_403,"LINESTRING (-100.03912000000001 32.20793214444782, -99.6384 32.5083283490131",230.0
BROWNSVILLE 1 1-BROWNSVILLE 3 0-i_744,"LINESTRING (-97.49980000000001 25.906623725411485, -97.43458200000003 25.982469895651803",115.0
SAN ANTONIO 2 1-BOERNE 2 0-i_1748,"LINESTRING (-98.5995 29.586395547977702, -98.70195500000001 29.856719284854496",230.0
CAMERON 0-BURLINGTON 0-i_1890,"LINESTRING (-96.89860100000001 30.884950160970885, -97.11169 31.0146615443355",115.0
VERNON 1 0-VERNON 2 0-i_143,"LINESTRING (-99.355722 34.28405117365721, -99.76449700000002 33.893836689020304",161.0
KENEDY 0-CHRISTINE 0-i_550,"LINESTRING (-97.884158 28.72709737424611, -98.46670000000002 28.698084622597193",230.0
PORT LAVACA 0-POINT COMFORT 1 1-i_2266,"LINESTRING (-96.81530000000001 28.5643765708885, -96.53839700000002 28.633752374787612",230.0
BURLESON 1-MANSFIELD 1-i_944,"LINESTRING (-97.29790700000001 32.530237882444496, -97.17973400000001 32.50154410714119",161.0
FORT WORTH 8 0-BURLESON 1-i_1088,"LINESTRING (-97.271334 32.61763224758379, -97.29790700000001 32.530237882444496",161.0
SUNNYVALE 0-FORNEY 0-i_1377,"LINESTRING (-96.543963 32.798089149110396, -96.4513 32.74075558922512",161.0
PERRIN 0-POOLVILLE 1-i_1128,"LINESTRING (-98.04465400000001 33.0089453908934, -97.8743 33.05226535834791",161.0
SANDINE_SOLAR - PADUCAH 0 - 3289,"LINESTRING (-100.3 34.01, -100.27824700000001 33.988352320811096",161.0
ROCHESTER 1 - OLNEY 1 3 - 3360,"LINESTRING (-99.62 33.29, -98.675944 33.377598754067705",230.0
BROWNSVILLE 3 0-OLMITO 0-i_713,"LINESTRING (-97.43458200000003 25.982469895651803, -97.51710900000002 26.0152897036948",115.0
CARROLLTON 1 0-FLOWER MOUND 1 0-i_1266,"LINESTRING (-96.87094 33.047749969919295, -97.05647000000002 33.030295491566",161.0
HOUSTON 19 0-HOUSTON 31 0-i_2926,"LINESTRING (-95.27303000000002 29.644508991553792, -95.3533 29.695928270989704",115.0
HOUSTON 9 0-HOUSTON 6 2-i_2225,"LINESTRING (-95.14544 29.8304296272335, -95.210789 29.813455483430392",115.0
WHARTON 1 1-EL CAMPO 0-i_2364,"LINESTRING (-96.0323 29.2815201581002, -96.26978500000003 29.206043524274207",230.0
COOLIDGE 0 - SUN_VALLEY 1 - 3276,"LINESTRING (-96.751043 31.654967390379788, -96.86 31.57",161.0
POTTSBORO 0-GORDONVILLE 0-i_188,"LINESTRING (-96.716989 33.794733752820896, -96.830764 33.824950865816305",161.0
WINTERS 0-BALLINGER 0-i_371,"LINESTRING (-100.156338 31.852400447881788, -99.92516199999999 31.732452506296504",115.0
HOLSTEIN 2 - HOLSTEIN 1 - 3331,"LINESTRING (-100.38 32.49, -100.3 32.49",230.0
HOUSTON 8 0-PEARLAND 1 0-i_2631,"LINESTRING (-95.12701300000002 29.571047167143806, -95.276139 29.55904886955949",115.0
SAN ANGELO 1 1 - LEANDER 1 0 - 3238,"LINESTRING (-100.31307500000001 31.503581427543097, -97.903577 30.560071073585085",500.0
SAN ANTONIO 14 0-SAN ANTONIO 28 0-i_1819,"LINESTRING (-98.423468 29.624710499456985, -98.493826 29.631593670506195",115.0
ARLINGTON 1 1-ARLINGTON 6 0-i_984,"LINESTRING (-97.12769 32.772671457267094, -97.09645200000001 32.782530725569714",161.0
DALLAS 5 0-DALLAS 11 0-i_1071,"LINESTRING (-96.68572100000002 32.7646972403154, -96.74276200000001 32.76821333597079",161.0
CONROE 2 0-NEW CANEY 0-i_2548,"LINESTRING (-95.335211 30.21936440981331, -95.18616100000001 30.15872887713761",115.0
MISSION 4 0-ARMSTRONG 1 0-i_586,"LINESTRING (-98.365366 26.222276155465096, -97.5814 26.994684632791703",230.0
SILVER 0-ROSCOE 5 0-i_376,"LINESTRING (-100.6737 32.043897182145, -100.5087 32.3061147297888",230.0
CYPRESS 2 0-KATY 4 0-i_2772,"LINESTRING (-95.74403 29.931834166708203, -95.82785600000001 29.8507171346678",115.0
FRESNO 0-PEARLAND 1 0-i_2646,"LINESTRING (-95.471015 29.534795268352198, -95.276139 29.55904886955949",115.0
MADISONVILLE 0-MIDWAY 0-i_2999,"LINESTRING (-95.89634399999998 30.947497199492407, -95.70650900000001 30.953346577549894",115.0
DALLAS 40 0-DALLAS 41 0-i_992,"LINESTRING (-96.874436 32.8111555049485, -96.875231 32.7788246247063",161.0
KILLEEN 1 0-FORT HOOD 0-i_1018,"LINESTRING (-97.62419600000001 31.143045873069685, -97.752047 31.137479511318688",161.0
SWEETWATER 1 0-MERKEL 1 1-i_437,"LINESTRING (-100.1196 32.4020211797149, -100.140986 32.3121361342405",115.0
LEWSIVILLE 0-LEWISVILLE 1 0-i_1485,"LINESTRING (-96.958386 33.017231133674, -96.96020600000001 33.066059471945906",161.0
AUSTIN 22 0-AUSTIN 15 0-i_2038,"LINESTRING (-97.751744 30.455913415657587, -97.714196 30.427453690840206",115.0
GRANDFALLS 0-MONAHANS 1 0-i_28,"LINESTRING (-103.076134 31.163362193895697, -102.92730000000002 31.57776630436199",115.0
HOUSTON 91 0-KATY 2 1-i_2968,"LINESTRING (-95.67769200000001 29.766785037377996, -95.73350300000001 29.743180448514394",115.0
NEW BRAUNFELS 2 2-NEW BRAUNFELS 3 0-i_1763,"LINESTRING (-98.066406 29.689372510142487, -98.186862 29.75632277632369",115.0
BEASLEY 0-HUNGERFORD 0-i_2733,"LINESTRING (-95.962634 29.461898464061903, -96.07641800000002 29.410175081876318",115.0
HOUSTON 83 0-HOUSTON 79 0-i_2441,"LINESTRING (-95.581217 29.697186302317807, -95.55665400000001 29.738824339888897",115.0
ELMENDORF 0-VICTORIA 1 0-i_2090,"LINESTRING (-98.37530000000001 29.254187345212085, -96.94521399999999 28.668770854419012",500.0
LEANDER 1 1-AUSTIN 1 1-i_1658,"LINESTRING (-97.899257 30.560071073585085, -97.833946 30.394866861665406",230.0
MONTGOMERY 0-PLANTERSVILLE 0-i_2732,"LINESTRING (-95.68279 30.303676545590804, -95.84639000000001 30.31391080520941",115.0
LAVON 0-WYLIE 0-i_1378,"LINESTRING (-96.450483 33.01023694212291, -96.53133600000001 33.0097199279648",161.0
NEW BRAUNFELS 1 2-NEW BRAUNFELS 2 2-i_1766,"LINESTRING (-98.0084 29.730947975693397, -98.066406 29.689372510142487",115.0
ENNIS 1-WAXAHACHIE 1 0-i_1535,"LINESTRING (-96.66060000000002 32.317566150555116, -96.781344 32.369768554402505",161.0
HOUSTON 26 0-HOUSTON 37 0-i_2799,"LINESTRING (-95.325288 29.797687808950695, -95.378584 29.85752330497492",115.0
HOUSTON 11 0-HUMBLE 1 0-i_2333,"LINESTRING (-95.176995 29.9041224719474, -95.17389900000002 29.992004677254894",115.0
DALLAS 4 0-GARLAND 2 0-i_1215,"LINESTRING (-96.675838 32.8225038141009, -96.61618200000001 32.9264846511817",161.0
ROSCOE 6 0-ROSCOE 1 0-i_321,"LINESTRING (-100.564539 32.40913365872381, -100.5707 32.49082716730502",115.0
TOMBALL 2 0-CYPRESS 1 2-i_2693,"LINESTRING (-95.677904 30.059234368272115, -95.66512399999999 29.989044884309898",115.0
KELLER 2 0-BURLESON 0-i_855,"LINESTRING (-97.279594 32.925619627546986, -97.302227 32.530237882444496",500.0
SHEPPARD AFB 0-WICHITA FALLS 6 0-i_163,"LINESTRING (-98.50001600000002 33.96952299999999, -98.514064 33.93781077248741",161.0
LAPORTE 1-HOUSTON 6 1-i_2540,"LINESTRING (-95.04542700000002 29.724273977160806, -95.210789 29.819702359047994",230.0
TOMBALL 1 0-SPRING 7 2-i_2466,"LINESTRING (-95.582226 30.092394203599802, -95.52459900000001 30.03464299095081",115.0
SANTA ROSA 1 0-EDCOUCH 0-i_542,"LINESTRING (-97.85801200000002 26.263226431079403, -97.97128 26.368090273415003",115.0
MARBLE FALLS 1 0-MARBLE FALLS 3 0-i_1803,"LINESTRING (-98.248593 30.549087601116593, -98.199732 30.57501725802662",115.0
SAN ANTONIO 52 0-ELMENDORF 0-i_1968,"LINESTRING (-98.882335 29.35474081914091, -98.37530000000001 29.254187345212085",500.0
HONEY GROVE 0-PARIS 1 1-i_136,"LINESTRING (-95.891109 33.609170813447996, -95.554 33.62480490119471",161.0
MILFORD 0-ITASCA 0-i_1037,"LINESTRING (-96.98347000000001 32.131416024729006, -97.1513 32.1602009308573",161.0
CONVERSE 0-SAINT HEDWIG 0-i_1591,"LINESTRING (-98.28787400000002 29.485267042022592, -98.201516 29.434081776632606",115.0
VICTORIA 3 0-TAFT 1 0-i_805,"LINESTRING (-97.18788200000002 28.664095525985708, -97.2859 27.989442342071293",230.0
SAN ANTONIO 32 1-SAN ANTONIO 29 0-i_2129,"LINESTRING (-98.517303 29.419895426275307, -98.501428 29.401894981943396",115.0
DALLAS 15 0-DALLAS 28 0-i_1042,"LINESTRING (-96.76759100000001 32.8288589872709, -96.809303 32.80942645785392",161.0
BURLESON 1-MANSFIELD 1-i_943,"LINESTRING (-97.29790700000001 32.530237882444496, -97.17973400000001 32.50154410714119",161.0
WHITE DEER 0-WHEELER 0-i_173,"LINESTRING (-101.2349 35.47303661511711, -100.756905 35.82492538796749",161.0
PATTISON 0-FULSHEAR 0-i_2657,"LINESTRING (-96.00861500000002 29.7901876216211, -95.951677 29.58992263551939",115.0
HALLMARK_SOLAR - GREENVILLE 1 3 - 3327,"LINESTRING (-96.02 33.21, -96.0904 33.15563190928269",115.0
SPRING 7 2-SPRING 4 0-i_2494,"LINESTRING (-95.52459900000001 30.03464299095081, -95.467089 30.0568143073412",115.0
GRANBURY 2 0-GRANBURY 1 0-i_1451,"LINESTRING (-97.693356 32.40062438513922, -97.713686 32.34030338183329",500.0
GRAND PRAIRIE 3 0-DALLAS 2 0-i_1461,"LINESTRING (-97.02037200000001 32.662528464797305, -96.92860000000002 32.72067704351759",500.0
HOUSTON 50 0-HOUSTON 44 0-i_2864,"LINESTRING (-95.429289 29.63328971265901, -95.40131300000002 29.677747818385797",115.0
MISSION 1 0-SAN PERLITA 0-i_673,"LINESTRING (-98.38120000000002 26.175696438298097, -97.68031099999999 26.46883290649291",230.0
MERIDIAN 0-JONESBORO 0-i_1142,"LINESTRING (-97.70112300000001 31.910103277854905, -97.795426 31.762881518419913",161.0
HOUSTON 11 0-HOUSTON 16 0-i_2331,"LINESTRING (-95.176995 29.9041224719474, -95.252651 29.7571647973307",115.0
MEDINA 0-BANDERA 0-i_1895,"LINESTRING (-99.307592 29.672035307317696, -99.086171 29.70096810808",115.0
SEGUIN 2 0-NEW BRAUNFELS 1 1-i_2121,"LINESTRING (-97.92627800000001 29.536505893280808, -98.0084 29.73469923703731",230.0
HOUSTON 4 2-HOUSTON 33 0-i_2338,"LINESTRING (-95.38095999999999 29.709792264146415, -95.360152 29.722391930254705",115.0
HOUSTON 14 0-SOUTH HOUSTON 0-i_2498,"LINESTRING (-95.24879300000002 29.687322056705803, -95.226184 29.65852934021411",115.0
HOUSTON 73 0-HOUSTON 90 2-i_2230,"LINESTRING (-95.519364 29.81339420138271, -95.6556 29.81999028611692",115.0
SEGUIN 1 1-KYLE 0-i_1962,"LINESTRING (-97.958815 29.5905516511325, -97.802976 29.90226142531001",230.0
ABILENE 4 0-ABILENE 6 0-i_318,"LINESTRING (-99.658488 32.329593307201094, -99.80831400000001 32.35670112971529",115.0
COMO 0-SCROGGINS 0-i_3163,"LINESTRING (-95.451935 33.0081523366007, -95.18809800000001 33.01840503859282",115.0
OZONA 0-SONORA 0-i_79,"LINESTRING (-101.322239 30.569418900182985, -100.55162 30.435206339121493",115.0
HOUSTON 42 0-HOUSTON 41 0-i_2643,"LINESTRING (-95.396607 29.996801797802405, -95.391272 29.932199175863314",115.0
SEGUIN 2 0-SEGUIN 1 1-i_1963,"LINESTRING (-97.92627800000001 29.536505893280808, -97.958815 29.5905516511325",230.0
HOUSTON 61 0-HOUSTON 74 0-i_2793,"LINESTRING (-95.472548 29.745701511387093, -95.519692 29.733794214473907",115.0
NURSERY 0-LA GRANGE 0-i_1795,"LINESTRING (-97.117 28.888396142184707, -96.73260000000002 29.91095922557381",500.0
PLANO 2 0-PLANO 1 0-i_839,"LINESTRING (-96.669564 33.02914646008381, -96.611882 33.019378192483",161.0
GARLAND 5 0-DALLAS 18 0-i_820,"LINESTRING (-96.671238 32.90928418132309, -96.78389599999998 32.92187712750321",161.0
FRYE_SOLAR 0 - ANDREWS 1 - 3210,"LINESTRING (-102.02 34.41, -102.66 32.37",500.0
NOLAN 0-TUSOCOLA 0-i_420,"LINESTRING (-100.091 32.281713091443294, -99.99826700000001 32.2978031716202",115.0
AUSTIN 3 0-MARION 1 0-i_1718,"LINESTRING (-97.791608 30.29093722253551, -98.13470000000001 29.621896429536815",500.0
AUSTIN 22 0-AUSTIN 15 0-i_2037,"LINESTRING (-97.751744 30.455913415657587, -97.714196 30.427453690840206",115.0
SAN ANTONIO 37 2-SAN ANTONIO 40 0-i_1627,"LINESTRING (-98.56513100000001 29.494187974427106, -98.567679 29.458138371104788",115.0
HOUSTON 13 0-PASADENA 4 0-i_2819,"LINESTRING (-95.222001 29.584454499805208, -95.136715 29.643140957541416",115.0
WAGYU_SOLAR 1 - WEST COLUMBIA 1 - 3244,"LINESTRING (-95.66 29.17, -95.674469 29.149328049449416",230.0
FAIRFIELD 3 0-FAIRFIELD 2 2-i_3105,"LINESTRING (-96.08462100000001 31.77643841542781, -96.0184 31.805304076182104",115.0
HOUSTON 7 0-PASADENA 4 0-i_2768,"LINESTRING (-95.11577 29.611098161292116, -95.136715 29.643140957541416",115.0
SAN ANTONIO 52 1-SAN ANTONIO 47 1-i_1972,"LINESTRING (-98.878015 29.35474081914091, -98.65599600000002 29.50094643004501",230.0
MISSION 1 1-MISSION 4 1-i_591,"LINESTRING (-98.36320000000002 26.175696438298097, -98.354566 26.222276155465096",115.0
DUNCANVILLE 2 0-DALLAS 37 0-i_1507,"LINESTRING (-96.912868 32.640786875159606, -96.86828900000002 32.701489522304996",161.0
LEAGUE CITY 0-PASADENA 3 1-i_2399,"LINESTRING (-95.082987 29.501283438387105, -95.03140000000002 29.619996382330505",230.0
PFLUGERVILLE 1-ROUND ROCK 3 1-i_1696,"LINESTRING (-97.58594 30.4360509097312, -97.63856600000001 30.499265520933893",230.0
SWEENY 0-BRAZORIA 0-i_2870,"LINESTRING (-95.72594800000002 28.926791474694994, -95.54927700000003 28.954272145878807",115.0
BAYTOWN 1 0-FREEPORT 2 0-i_2714,"LINESTRING (-94.90670000000001 29.6718976727995, -95.396681 28.98499101570269",500.0
CEDAR PARK 0-LEANDER 1 0-i_1654,"LINESTRING (-97.81988 30.50146757711399, -97.903577 30.560071073585085",500.0
KATY 3 1-KATY 2 0-i_2922,"LINESTRING (-95.820931 29.738129322559097, -95.737823 29.743180448514394",230.0
LAREDO 2 0-LAREDO 3 0-i_711,"LINESTRING (-99.11708500000002 27.745375004820406, -99.25816099999999 27.550605646412894",115.0
HERMLEIGH 0-SNYDER 2 0-i_432,"LINESTRING (-100.6548 32.58253336574679, -100.93666100000002 32.7410021133028",230.0
BIG SPRING 3 0-FORSAN 0-i_73,"LINESTRING (-101.442385 32.094723573481396, -101.38960000000002 32.134703244454506",115.0
LEWISVILLE 1 0-FRISCO 2 1-i_1488,"LINESTRING (-96.96020600000001 33.066059471945906, -96.847707 33.143924609675196",161.0
SAN ANTONIO 47 1-SAN ANTONIO 51 0-i_1990,"LINESTRING (-98.65599600000002 29.50094643004501, -98.730432 29.535276280271308",230.0
NORTH RICHLAND HILLS 2 0-FORT WORTH 4 0-i_1312,"LINESTRING (-97.221695 32.8375912252615, -97.248532 32.86600199996451",161.0
SUGAR LAND 1 0-SUGAR LAND 2 2-i_2411,"LINESTRING (-95.602093 29.617808327972007, -95.63169600000002 29.560733394819216",115.0
SPRING 8 0-SPRING 2 0-i_2343,"LINESTRING (-95.543891 30.192495730313592, -95.379646 30.059676379401296",230.0
BOYD 0-PARADISE 0-i_929,"LINESTRING (-97.59348300000003 33.03952774455499, -97.71442200000003 33.09269513093341",161.0
SAN ANTONIO 26 0-SAN ANTONIO 16 0-i_1946,"LINESTRING (-98.48910100000002 29.197548955137915, -98.44027400000002 29.342735523366617",115.0
MISSION 1 0 - FRONTON_SOLAR - 3269,"LINESTRING (-98.38120000000002 26.175696438298097, -98.9 26.49",230.0
SEADRIFT 0-PORT O CONNOR 0-i_2370,"LINESTRING (-96.565173 28.423294112439002, -96.482788 28.4383130110563",115.0
FLUVANNA 1 0-FLUVANNA 2 1-i_456,"LINESTRING (-101.21039700000001 32.91939626764481, -101.111784 32.9418878041982",115.0
RICHARDSON 2 0-ALLEN 1 0-i_1077,"LINESTRING (-96.73776 32.97364694061329, -96.603447 33.08717405119059",500.0
CORPUS CHRISTI 9 0-PORTLAND 0-i_628,"LINESTRING (-97.383456 27.813050968737212, -97.375238 27.88576823783399",115.0
HOUSTON 19 0-HOUSTON 27 0-i_2724,"LINESTRING (-95.27303000000002 29.644508991553792, -95.331533 29.66437748569099",115.0
COLUMBUS 0-LA GRANGE 1-i_1798,"LINESTRING (-96.41466 29.689724408088615, -96.71460000000002 29.91095922557381",230.0
FRESNO 0-STAFFORD 0-i_2647,"LINESTRING (-95.471015 29.534795268352198, -95.564368 29.621806427300708",115.0
WOODWAY 0-WACO 5 0-i_1529,"LINESTRING (-97.251442 31.523526737711208, -97.18600900000001 31.533586398792707",161.0
COTULLA 0-CARRIZO SPRINGS 0-i_811,"LINESTRING (-99.205344 28.286832967577315, -99.49948000000002 28.518576820807805",115.0
SPRING 1 0-PORTER 0-i_2252,"LINESTRING (-95.35277700000002 30.097902342435898, -95.29352100000001 30.104193501036587",115.0
CARROLLTON 1 0-FRISCO 1 0-i_1265,"LINESTRING (-96.87094 33.047749969919295, -96.786592 33.16071807131109",161.0
HOUSTON 89 0-KATY 2 1-i_2789,"LINESTRING (-95.64763400000001 29.90671853700871, -95.73350300000001 29.743180448514394",115.0
BULLARD 0-FRANKSTON 0-i_3013,"LINESTRING (-95.33850300000002 32.1066413693783, -95.409796 32.02983524472521",115.0
FORT WORTH 27 0-FORT WORTH 29 0-i_1358,"LINESTRING (-97.47857800000001 32.84490642467502, -97.520256 32.78458778155779",161.0
ODESSA 5 1 - NOTREES 1 - 3303,"LINESTRING (-102.5 31.81, -102.54 31.81",500.0
DALLAS 5 0-DALLAS 11 0-i_1070,"LINESTRING (-96.68572100000002 32.7646972403154, -96.74276200000001 32.76821333597079",161.0
HOUSTON 85 0-HOUSTON 87 0-i_2862,"LINESTRING (-95.59943699999998 29.77359320730029, -95.611784 29.747732562043016",115.0
AUSTIN 34 0-AUSTIN 33 0-i_1889,"LINESTRING (-97.885062 30.1759293116273, -97.881151 30.318538922639696",115.0
BEDFORD 1 0-NORTH RICHLAND HILLS 1 0-i_1357,"LINESTRING (-97.126843 32.85055157858969, -97.20478399999999 32.884171495720814",161.0
BROOKSHIRE 0-SEALY 0-i_2838,"LINESTRING (-95.973502 29.845965015779, -96.09871300000002 29.788899590674806",115.0
SAN ANTONIO 14 0-SAN ANTONIO 28 0-i_1820,"LINESTRING (-98.423468 29.624710499456985, -98.493826 29.631593670506195",115.0
PASADENA 2 2-DEER PARK 2-i_2198,"LINESTRING (-95.162079 29.715995970726297, -95.114456 29.71443083422439",115.0
LAREDO 5 0-LAREDO 1 1-i_732,"LINESTRING (-99.431389 27.539019973091495, -99.4729 27.56031721101819",115.0
NEMO 0-GRANBURY 1 1-i_1454,"LINESTRING (-97.64614100000001 32.26013364350169, -97.695686 32.34030338183329",161.0
MCALLEN 2 0-HIDALGO 0-i_503,"LINESTRING (-98.230592 26.209356438198604, -98.232746 26.104723641382215",115.0
HONDO 0-SAN ANTONIO 52 1-i_1971,"LINESTRING (-99.130334 29.4211037564241, -98.878015 29.35474081914091",230.0
DALLAS 15 0-DALLAS 6 0-i_1041,"LINESTRING (-96.76759100000001 32.8288589872709, -96.698974 32.839567279125205",161.0
SAN ANTONIO 37 0-SAN ANTONIO 47 0-i_2018,"LINESTRING (-98.56513100000001 29.499201386850604, -98.660316 29.50094643004501",500.0
SAN ANTONIO 51 0-SAN ANTONIO 32 0-i_1987,"LINESTRING (-98.730432 29.535276280271308, -98.521623 29.419895426275307",230.0
ARLINGTON 2 0-CEDAR HILL 0-i_1387,"LINESTRING (-97.035829 32.58878346622971, -96.96107500000001 32.577754167669504",161.0
AUSTIN 27 0-SAN MARCOS 1-i_2056,"LINESTRING (-97.79310000000001 30.20435503016379, -97.957524 29.877664809171414",230.0
SPRING 7 2-SPRING 4 0-i_2495,"LINESTRING (-95.52459900000001 30.03464299095081, -95.467089 30.0568143073412",115.0
FRISCO 1 0-MCKINNEY 1 1-i_1338,"LINESTRING (-96.786592 33.16071807131109, -96.587266 33.164533176213496",161.0
MIDLAND 5 0-ODESSA 3 0-i_77,"LINESTRING (-102.19266 32.04750142247591, -102.30342300000001 31.995022925591492",115.0
CORPUS CHRISTI 15 0-CORPUS CHRISTI 13 0-i_707,"LINESTRING (-97.47222 27.72051077002909, -97.43697400000003 27.767879321957103",115.0
SONORA 0-ELDORADO 0-i_311,"LINESTRING (-100.55162 30.435206339121493, -100.58646400000003 30.8773596713709",115.0
MARQUEZ 0-NORMANGEE 0-i_3002,"LINESTRING (-96.22028000000002 31.2297255137738, -96.13019 31.126278783573497",115.0
PASADENA 2 0-HOUSTON 90 0-i_2186,"LINESTRING (-95.169279 29.722248926690806, -95.6556 29.824987491167203",500.0
TRENT 1 0-NOLAN 0-i_414,"LINESTRING (-100.22665200000002 32.4240226617666, -100.091 32.281713091443294",115.0
HOUSTON 12 0-FRIENDSWOOD 0-i_2368,"LINESTRING (-95.187592 29.6168613044459, -95.188533 29.51256771776159",115.0
PORT ISABEL 0-BROWNSVILLE 2 1-i_663,"LINESTRING (-97.30376700000001 26.045156350893205, -97.296344 25.937448418873302",115.0
PALESTINE 1 0-RUSK 0-i_3053,"LINESTRING (-95.475612 31.8571107602921, -95.18367000000002 31.773204201401093",115.0
NORTH RICHLAND HILLS 1 0-KELLER 1 0-i_1384,"LINESTRING (-97.20478399999999 32.884171495720814, -97.22154800000001 32.921591517495706",161.0
INGLESIDE 0-GREGORY 1-i_638,"LINESTRING (-97.179571 27.861571816168503, -97.222417 27.882926070783",115.0
HOUSTON 87 0-HOUSTON 3 0-i_2507,"LINESTRING (-95.611784 29.747732562043016, -95.63464900000001 29.723515958268486",115.0
HORSESHOE BAY 0-MARBLE FALLS 2 2-i_1651,"LINESTRING (-98.368752 30.524698043778102, -98.2952 30.54049837392111",115.0
CHRISTOVAL 0-DEL RIO 0-i_332,"LINESTRING (-100.66082000000002 31.07926873175702, -101.201636 29.83097421926579",230.0
MUSTANG_CREEK - BLESSING 0 - 3363,"LINESTRING (-96.34 28.77, -96.344868 28.851573907898892",115.0
PEARSALL 0-CHRISTINE 0-i_549,"LINESTRING (-99.0739 28.92119813472441, -98.46670000000002 28.698084622597193",230.0
PADUCAH 0-CROSBYTON 0-i_207,"LINESTRING (-100.27824700000001 33.988352320811096, -100.98111399999999 33.768493919295004",161.0
SADLER 0-SHERMAN 3 0-i_156,"LINESTRING (-96.83054299999999 33.73198637039371, -96.758394 33.62162768010239",161.0
DALLAS 6 0-DALLAS 22 0-i_1132,"LINESTRING (-96.698974 32.839567279125205, -96.789793 32.9002609349257",161.0
FORT WORTH 29 0-ALEDO 1 1-i_877,"LINESTRING (-97.520256 32.78458778155779, -97.49980000000001 32.718176975589984",161.0
FLINT 0-BULLARD 0-i_3011,"LINESTRING (-95.40441500000001 32.21223343257098, -95.33850300000002 32.1066413693783",115.0
HOUSTON 68 0-HOUSTON 48 0-i_2652,"LINESTRING (-95.48805 29.794371726120797, -95.41333300000002 29.79574976054061",115.0
BRYSON 1 1-GRAHAM 1-i_967,"LINESTRING (-98.32906900000002 33.19977648884561, -98.5757 33.128370579972",161.0
DALLAS 7 0-DALLAS 10 0-i_1193,"LINESTRING (-96.704219 32.87607827486651, -96.74235100000001 32.82623091565592",161.0
DAWSON 0-CORSICANA 1 0-i_1403,"LINESTRING (-96.646804 31.860838007530113, -96.341943 32.0370897282895",161.0
DALLAS 1 0-GARLAND 1 0-i_921,"LINESTRING (-96.63724400000001 32.646186021553305, -96.57200500000002 32.85519770528371",500.0
BANDERA 0-COMFORT 0-i_2158,"LINESTRING (-99.086171 29.70096810808, -98.895706 29.966074682359803",115.0
BLOOMINGTON 0-POINT COMFORT 1 2-i_2574,"LINESTRING (-96.78515700000001 28.689246089291387, -96.53839700000002 28.6242727777279",115.0
O DONNELL 2 0-O DONNELL 1 0-i_8,"LINESTRING (-101.56961700000001 32.92297051176409, -101.626178 32.9203453324632",115.0
WAXAHACHIE 2 0-MIDLOTHIAN 2 0-i_1391,"LINESTRING (-96.91192300000002 32.358396248402, -96.98711 32.46683717017669",161.0
HARLINGEN 2 0-HARLINGEN 1 0-i_651,"LINESTRING (-97.734596 26.24637449421479, -97.658502 26.249065643788807",115.0
GAINESVILLE 0-WHITESBORO 0-i_203,"LINESTRING (-97.16735 33.655590044385484, -96.92712100000001 33.737905783513",161.0
MCKINNEY 1 0-MIDLOTHIAN 1 0-i_1435,"LINESTRING (-96.594466 33.164533176213496, -97.04938 32.42776911654429",500.0
CHANNELVIEW 1 2-HOUSTON 9 0-i_2221,"LINESTRING (-95.09333 29.8061044515485, -95.14544 29.8304296272335",115.0
BROWNWOOD 1-BANGS 0-i_1002,"LINESTRING (-99.011291 31.742180149350702, -99.142374 31.700078367447404",161.0
DALLAS 39 0-DALLAS 35 0-i_1230,"LINESTRING (-96.87251799999999 32.86611000291061, -96.838088 32.996893576785816",161.0
ARLINGTON 5 0-ARLINGTON 4 0-i_1021,"LINESTRING (-97.08291700000001 32.6896812016771, -97.079596 32.7518498908807",161.0
IRVING 2 0-DALLAS 40 0-i_1475,"LINESTRING (-96.938508 32.882840459395084, -96.874436 32.8111555049485",161.0
OVALO 0-ABILENE 6 0-i_417,"LINESTRING (-99.744027 32.11415087101501, -99.80831400000001 32.35670112971529",115.0
EDINBURG 1 0-EDINBURG 3 0-i_493,"LINESTRING (-98.083002 26.445030573774606, -98.267935 26.4439225117601",115.0
SANTA FE 1 0-GALVESTON 3 0-i_2720,"LINESTRING (-95.02872700000002 29.301043497056988, -94.91565200000001 29.246884030290204",115.0
ROWLETT 1 0-ROWLETT 2 0-i_1185,"LINESTRING (-96.546785 32.89542780297219, -96.55276700000002 32.93565990190759",161.0
AUSTIN 34 0-AUSTIN 39 0-i_1888,"LINESTRING (-97.885062 30.1759293116273, -98.029973 30.10942363291159",115.0
FORT WORTH 23 0-FORT WORTH 19 0-i_893,"LINESTRING (-97.41301500000002 32.66488052860689, -97.359895 32.70621565066099",161.0
SAN ANTONIO 9 0-SAN ANTONIO 8 0-i_2149,"LINESTRING (-98.390714 29.41564232126721, -98.38376100000002 29.444142025181716",115.0
SUGAR LAND 1 0-SUGAR LAND 2 2-i_2408,"LINESTRING (-95.602093 29.617808327972007, -95.63169600000002 29.560733394819216",115.0
MISAE_SOLAR 1 0 - DENTON 1 0 - 3227,"LINESTRING (-100.18 34.37, -97.0989 33.1950900168082",500.0
TEMPLE 1 1-TEMPLE 2 0-i_1406,"LINESTRING (-97.288422 31.049664812048306, -97.24343300000001 31.069136074504993",161.0
GRAND PRAIRIE 3 0-BURLESON 0-i_1580,"LINESTRING (-97.02037200000001 32.662528464797305, -97.302227 32.530237882444496",500.0
SPRING 1 0-HOUSTON 54 0-i_2253,"LINESTRING (-95.35277700000002 30.097902342435898, -95.43539600000001 30.00574602260961",115.0
PASADENA 1 2-HOUSTON 14 0-i_2555,"LINESTRING (-95.203078 29.713328191541795, -95.24879300000002 29.687322056705803",115.0
CANTON 0-WILLS POINT 0-i_3164,"LINESTRING (-95.879865 32.51207460203982, -95.98566600000001 32.69721013863919",115.0
MAGNOLIA 1 1-MONTGOMERY 0-i_2731,"LINESTRING (-95.638574 30.214369283446914, -95.68279 30.303676545590804",115.0
BLUE_JAY_SOLAR - SHIRO 2 - 3338,"LINESTRING (-95.98 30.65, -95.8818 30.576904189711893",115.0
CORPUS CHRISTI 1 1-CORPUS CHRISTI 14 0-i_788,"LINESTRING (-97.4283 27.813899999999997, -97.436795 27.8463549371006",115.0
BASALT_SOLAR - FLUORITE_SOLAR - 3347,"LINESTRING (-99.78 29.21, -99.66 29.25",115.0
LAREDO 4 0-LAREDO 1 0-i_731,"LINESTRING (-99.339796 27.3671490151858, -99.49090000000001 27.56031721101819",230.0
NEW CANEY 0-LIBERTY 0-i_2547,"LINESTRING (-95.18616100000001 30.15872887713761, -94.72444100000001 30.069427180079813",115.0
BAYTOWN 1 0-BAYTOWN 2 0-i_2387,"LINESTRING (-94.90670000000001 29.6718976727995, -94.8947 29.770600132592996",500.0
FRIENDSWOOD 0-ALVIN 2-i_2891,"LINESTRING (-95.188533 29.51256771776159, -95.17856 29.416219945331907",115.0
PALESTINE 2 0-TENNESSEE COLONY 0-i_3021,"LINESTRING (-95.80446800000001 31.939893257563998, -95.97174300000002 31.9258993273841",115.0
DEL RIO 0 - AMISTAD_HYDRO 0 - 3364,"LINESTRING (-101.201636 29.83097421926579, -101.05602 29.44952",230.0
HOUSTON 43 0-HOUSTON 74 0-i_2747,"LINESTRING (-95.41254800000002 29.704285479127485, -95.519692 29.733794214473907",115.0
NEW CANEY 0-KINGWOOD 2 0-i_2545,"LINESTRING (-95.18616100000001 30.15872887713761, -95.217422 30.04428399193101",115.0
VICTORIA 2 1-NURSERY 1-i_2243,"LINESTRING (-96.97399999999999 28.78198969280541, -97.099 28.888396142184707",230.0
ATHENS 1 0-TRINIDAD 2 0-i_3090,"LINESTRING (-95.798608 32.2379181537849, -96.10982000000001 32.16048896872899",115.0
SAN ANTONIO 47 2-SAN ANTONIO 48 0-i_1728,"LINESTRING (-98.660316 29.49843979804509, -98.67318500000002 29.45949840472629",115.0
LEWSIVILLE 0-LEWISVILLE 1 0-i_1486,"LINESTRING (-96.958386 33.017231133674, -96.96020600000001 33.066059471945906",161.0
KATY 3 1-KATY 2 0-i_2923,"LINESTRING (-95.820931 29.738129322559097, -95.737823 29.743180448514394",230.0
ROCKWALL 1 0-MESQUITE 1 0-i_1248,"LINESTRING (-96.43257000000001 32.84926154341491, -96.555388 32.7232401131618",161.0
HOUSTON 75 0-HOUSTON 57 0-i_2963,"LINESTRING (-95.523499 29.8720776692792, -95.443009 29.950133625814704",115.0
ATHENS 1 0-CANTON 0-i_3091,"LINESTRING (-95.798608 32.2379181537849, -95.879865 32.51207460203982",115.0
GRAHAM 0-BRYSON 1 0-i_965,"LINESTRING (-98.59369999999998 33.128370579972, -98.34706899999999 33.19977648884561",500.0
HOUSTON 59 0-HOUSTON 50 0-i_2816,"LINESTRING (-95.45709299999999 29.581037415007795, -95.429289 29.63328971265901",115.0
RUSK 0-CUSHING 1 1-i_3094,"LINESTRING (-95.18367000000002 31.773204201401093, -94.86464000000001 31.82601469861781",115.0
EAGLE PASS 0-LAREDO 7 0-i_496,"LINESTRING (-100.26608800000001 28.47006691240151, -99.674682 27.8271417951826",230.0
WINCHESTER 2-GIDDINGS 0-i_1848,"LINESTRING (-96.95150000000001 30.022516305786304, -96.914038 30.16139897934819",115.0
DALLAS 41 0-DALLAS 33 0-i_991,"LINESTRING (-96.875231 32.7788246247063, -96.836013 32.750718860123705",161.0
CONROE 2 0-CONROE 4 0-i_2587,"LINESTRING (-95.335211 30.21936440981331, -95.41269100000001 30.185704558653804",115.0
DALLAS 13 0-DALLAS 10 0-i_1330,"LINESTRING (-96.753246 32.7481797910802, -96.74235100000001 32.82623091565592",161.0
HUNTINGTON 0-ZAVALLA 0-i_3030,"LINESTRING (-94.50098600000001 31.224354163821896, -94.36621400000001 31.132219169508993",115.0
ADDISON 0-DALLAS 26 0-i_1107,"LINESTRING (-96.834922 32.95763050253531, -96.798192 32.9422050808012",161.0
BRYAN 1 0-SHIRO 0-i_3066,"LINESTRING (-96.45 30.71551025762, -95.8998 30.586201973123906",500.0
OXBOW_SOLAR - GOODRANCH_SOLAR - 3315,"LINESTRING (-101.46 32.65, -101.34 32.65",500.0
PHARR 0-SAN JUAN 1-i_600,"LINESTRING (-98.180714 26.14322077167601, -98.099712 26.138075486785393",115.0
DYESS AFB 0-ABILENE 7 0-i_359,"LINESTRING (-99.89723 32.4097446998803, -99.918724 32.32746716431369",115.0
HOUSTON 70 0-HOUSTON 79 0-i_2444,"LINESTRING (-95.508151 29.76872508579531, -95.55665400000001 29.738824339888897",115.0
BRUNI 2 0-OILTON 2-i_501,"LINESTRING (-98.987708 27.358735529199304, -98.99447800000002 27.472086915162006",115.0
KATY 2 0-SUGAR LAND 3 1-i_2284,"LINESTRING (-95.737823 29.743180448514394, -95.69944900000002 29.667501563415392",230.0
ARLINGTON 6 0-ARLINGTON 4 0-i_1137,"LINESTRING (-97.09645200000001 32.782530725569714, -97.079596 32.7518498908807",161.0
BRYAN 2 0-BRYAN 1 2-i_3200,"LINESTRING (-96.36331600000001 30.64121549386309, -96.45 30.706224899113298",115.0
BROWNSVILLE 1 1-BROWNSVILLE 3 0-i_746,"LINESTRING (-97.49980000000001 25.906623725411485, -97.43458200000003 25.982469895651803",115.0
SAN ANTONIO 22 1-SAN ANTONIO 7 0-i_1943,"LINESTRING (-98.470412 29.275767875508507, -98.368289 29.352429762194802",115.0
WINONA 0-TYLER 1 0-i_3097,"LINESTRING (-95.09735300000001 32.47616417767251, -95.077688 32.35654911949158",115.0
KELLER 2 0-DENTON 1 0-i_853,"LINESTRING (-97.279594 32.925619627546986, -97.0989 33.1950900168082",500.0
BAGWELL 0-CLARKSVILLE 0-i_200,"LINESTRING (-95.14296600000002 33.795884833282116, -94.988258 33.6570701474704",161.0
CROSBY 0-HOUSTON 11 0-i_2332,"LINESTRING (-95.053587 29.930376130139194, -95.176995 29.9041224719474",115.0
HOUSTON 28 0-HUMBLE 2 0-i_2361,"LINESTRING (-95.337582 29.9086745860335, -95.282617 30.014807250419512",115.0
HOUSTON 81 0-HOUSTON 53 0-i_2751,"LINESTRING (-95.577168 29.856102269414208, -95.43236600000002 29.85056913096469",115.0
LA VERNIA 0-ADKINS 0-i_1839,"LINESTRING (-98.10343 29.34788265016281, -98.234708 29.3510427280193",115.0
OLNEY 2 0-GRAHAM 1-i_966,"LINESTRING (-98.916556 33.244181546236305, -98.5757 33.128370579972",161.0
LA JOYA 0-SULLIVAN CITY 0-i_611,"LINESTRING (-98.485493 26.236354937453513, -98.558191 26.247269543960094",115.0
MATHIS 0-ODEM 0-i_703,"LINESTRING (-97.799031 28.0968956907926, -97.670027 27.956564403993408",115.0
LEANDER 2 0-SPICEWOOD 0-i_2035,"LINESTRING (-97.968206 30.447513201655685, -98.109055 30.427560693564203",115.0
DALLAS 35 0-ADDISON 0-i_1105,"LINESTRING (-96.838088 32.996893576785816, -96.834922 32.95763050253531",161.0
HOUSTON 6 1-KATY 2 0-i_2976,"LINESTRING (-95.210789 29.819702359047994, -95.737823 29.743180448514394",230.0
GOLDTHWAITE 1 0-MARBLE FALLS 2 0-i_1347,"LINESTRING (-98.448667 31.377186142184094, -98.3132 30.549799646599485",500.0
IOWA PARK 0-ELECTRA 0-i_140,"LINESTRING (-98.712096 33.96732584406029, -99.09762400000001 34.12572798887899",161.0
PLANO 7 0-CARROLLTON 2 0-i_1121,"LINESTRING (-96.808007 33.031810533078, -96.893142 33.0028467397653",161.0
ABILENE 6 0-DYESS AFB 0-i_428,"LINESTRING (-99.80831400000001 32.35670112971529, -99.89723 32.4097446998803",115.0
HELOTES 0-SAN ANTONIO 51 1-i_1992,"LINESTRING (-98.743164 29.607410069694907, -98.726112 29.535276280271308",115.0
PASADENA 3 2-HOUSTON 7 0-i_2764,"LINESTRING (-95.03140000000002 29.613737066041498, -95.11577 29.611098161292116",115.0
AUSTIN 28 0-AUSTIN 17 0-i_2004,"LINESTRING (-97.79894500000002 30.416073401176394, -97.72897100000002 30.349052697278807",115.0
FORT STOCKTON 1 0-MCCAMEY 1 0-i_60,"LINESTRING (-102.49680800000002 30.766388525922405, -102.2201 31.20304177581981",115.0
PEARLAND 1 0-FRIENDSWOOD 0-i_2817,"LINESTRING (-95.276139 29.55904886955949, -95.188533 29.51256771776159",115.0
HOUSTON 38 0-HOUSTON 50 0-i_2863,"LINESTRING (-95.38326299999999 29.608146087973797, -95.429289 29.63328971265901",115.0
DALLAS 5 0-DALLAS 3 1-i_1362,"LINESTRING (-96.68572100000002 32.7646972403154, -96.66990900000002 32.707882695939915",161.0
SAINT HEDWIG 0-ADKINS 0-i_1840,"LINESTRING (-98.201516 29.434081776632606, -98.234708 29.3510427280193",115.0
FAIRFIELD 1 2-TENNESSEE COLONY 0-i_3019,"LINESTRING (-96.07709999999999 31.875415697740298, -95.97174300000002 31.9258993273841",115.0
DALLAS 42 0-EULESS 1 0-i_1165,"LINESTRING (-96.888121 32.92077149509339, -97.08242800000001 32.857865778045806",161.0
HOWE 0-COLLINSVILLE 0-i_231,"LINESTRING (-96.73864500000002 33.448365010567784, -96.897575 33.531704430287384",161.0
MISSION 1 0-SAN JUAN 0-i_598,"LINESTRING (-98.38120000000002 26.175696438298097, -98.110512 26.138075486785393",230.0
SAN ANTONIO 31 0-SAN ANTONIO 24 0-i_1665,"LINESTRING (-98.521662 29.587523575974096, -98.483128 29.694951246660096",115.0
SEGUIN 2 1-MARTINDALE 0-i_2030,"LINESTRING (-97.915478 29.536505893280808, -97.776202 29.653338144464406",115.0
HUTTO 0-GEORGETOWN 1 0-i_1824,"LINESTRING (-97.542524 30.557562009461595, -97.614595 30.65664454529892",115.0
CORPUS CHRISTI 9 0-CORPUS CHRISTI 8 0-i_624,"LINESTRING (-97.383456 27.813050968737212, -97.376247 27.72352072667011",115.0
HOUSTON 35 0-HOUSTON 32 0-i_2753,"LINESTRING (-95.375096 29.6536102178675, -95.35621 29.751123646625995",115.0
SAN ANTONIO 12 0-MARION 1 1-i_1705,"LINESTRING (-98.40249100000001 29.58335747258072, -98.1275 29.621896429536815",230.0
HUBBARD 0-MOUNT CALM 0-i_1303,"LINESTRING (-96.798276 31.842389784064295, -96.882872 31.7450693403771",161.0
BERGHEIM 0-BOERNE 2 1-i_1754,"LINESTRING (-98.55284600000002 29.900765387821515, -98.697635 29.856719284854496",115.0
ARLINGTON 9 0-ARLINGTON 8 0-i_1032,"LINESTRING (-97.151428 32.7169049410302, -97.145229 32.633137667794",161.0
HOUSTON 35 0-HOUSTON 63 0-i_2752,"LINESTRING (-95.375096 29.6536102178675, -95.471696 29.650915150844583",115.0
DALLAS 8 0-DALLAS 10 0-i_1140,"LINESTRING (-96.73303700000001 32.910215206749996, -96.74235100000001 32.82623091565592",161.0
PORT ARANSAS 0-ARANSAS PASS 0-i_794,"LINESTRING (-97.105983 27.771066508576816, -97.083196 27.8666631152145",115.0
FORT WORTH 12 0-FORT WORTH 13 0-i_1285,"LINESTRING (-97.326156 32.75668202229541, -97.326911 32.6760758323821",161.0
LAKE JACKSON 0-FREEPORT 2 1-i_2885,"LINESTRING (-95.465043 29.0441696229416, -95.38588100000001 28.98499101570269",230.0
PRESIDIO 1 0-PRESIDIO 2 0-i_6,"LINESTRING (-104.29100000000001 29.593739442223804, -104.51013900000001 29.881803399284703",115.0
ANNONA 0-PATTONVILLE 0-i_209,"LINESTRING (-94.881845 33.4922166904937, -95.474203 33.39623904312958",161.0
PANHANDLE 4 1-PANHANDLE 5 0-i_162,"LINESTRING (-101.217056 35.42163286871961, -101.53099999999999 35.34442725070819",161.0
ODESSA 1 0-MIDLAND 4 0-i_40,"LINESTRING (-102.3084 31.82500733984199, -102.12336600000002 31.973319480887792",115.0
CALDWELL 1-SOMERVILLE 0-i_2011,"LINESTRING (-96.65463200000002 30.535363724672102, -96.429114 30.4650952427088",115.0
STAFFORD 0-HOUSTON 78 0-i_2563,"LINESTRING (-95.564368 29.621806427300708, -95.54263 29.649702120679894",115.0
FAIRFIELD 2 0-JACKSONVILLE 1 0-i_3101,"LINESTRING (-96.03640000000001 31.814481934451507, -94.971834 31.933739848500522",500.0
HOUSTON 76 0-HOUSTON 57 0-i_2745,"LINESTRING (-95.527601 29.985951525169504, -95.443009 29.950133625814704",115.0
TEXAS CITY 1 0-GALVESTON 1 0-i_2375,"LINESTRING (-94.91582900000002 29.3888876610184, -94.76496800000001 29.304256556118613",230.0
PORTLAND 0-TAFT 2 0-i_719,"LINESTRING (-97.375238 27.88576823783399, -97.45427999999998 27.936055633502797",115.0
ARLINGTON 10 0-ARLINGTON 11 0-i_1560,"LINESTRING (-97.18553 32.6867981234093, -97.21387600000001 32.63722377856069",161.0
WILLIS 2 0-WILLIS 1 1-i_2577,"LINESTRING (-95.353072 30.46516824736051, -95.4998 30.429391969007707",230.0
SAN ANTONIO 5 0-SAN ANTONIO 3 0-i_1863,"LINESTRING (-98.356683 29.553532732784014, -98.33552000000002 29.653697220031198",115.0
HOUSTON 13 0-PASADENA 4 0-i_2820,"LINESTRING (-95.222001 29.584454499805208, -95.136715 29.643140957541416",115.0
NACOGDOCHES 3 0-NACOGDOCHES 1 0-i_3109,"LINESTRING (-94.731721 31.625611455095406, -94.518216 31.5029123836078",115.0
WIMBERLEY 0-AUSTIN 39 0-i_1813,"LINESTRING (-98.13917600000002 30.031955681722, -98.029973 30.10942363291159",115.0
CARRIZO SPRINGS 0-DILLEY 0-i_769,"LINESTRING (-99.49948000000002 28.518576820807805, -99.182188 28.697080562005993",115.0
TERRELL 2 0-KAUFMAN 0-i_1118,"LINESTRING (-96.297723 32.7559860033655, -96.246103 32.562733026121585",161.0
FORT WORTH 12 0-FORT WORTH 17 0-i_1286,"LINESTRING (-97.326156 32.75668202229541, -97.350985 32.77867862073289",161.0
LAPORTE 1-HOUSTON 5 1-i_2538,"LINESTRING (-95.04542700000002 29.724273977160806, -95.5162 29.9392043515847",230.0
HOUSTON 3 0-HOUSTON 74 0-i_2503,"LINESTRING (-95.63464900000001 29.723515958268486, -95.519692 29.733794214473907",115.0
WESLACO 0-ELSA 0-i_648,"LINESTRING (-97.98015500000002 26.15215926671779, -98.030361 26.301376554056098",115.0
ELMENDORF 1-SAN ANTONIO 32 0-i_2093,"LINESTRING (-98.3681 29.254187345212085, -98.521623 29.419895426275307",230.0
EAGLE PASS 0-DEL RIO 0-i_393,"LINESTRING (-100.26608800000001 28.47006691240151, -101.201636 29.83097421926579",230.0
WHARTON 2 0-EAGLE LAKE 0-i_2868,"LINESTRING (-96.182821 29.342819929568304, -96.375508 29.391173909614803",115.0
ARMSTRONG 2 0-ARMSTRONG 1 1-i_621,"LINESTRING (-97.764774 26.9045935015308, -97.5634 26.994684632791703",115.0
MARION 1 2-CIBOLO 0-i_1631,"LINESTRING (-98.1275 29.616889102008297, -98.21695199999999 29.572499203165",115.0
AUSTIN 8 0-AUSTIN 6 0-i_1639,"LINESTRING (-97.67995700000002 30.2674816280489, -97.65560000000002 30.239865928657895",115.0
PANHANDLE 2 1-PANHANDLE 6 0-i_150,"LINESTRING (-101.27483299999999 35.232452121577005, -100.985549 34.89485474885791",161.0
AUSTIN 31 0-AUSTIN 27 1-i_1677,"LINESTRING (-97.852406 30.213679265992294, -97.78878 30.20435503016379",115.0
TRENTON 0-LEONARD 0-i_185,"LINESTRING (-96.302485 33.43311659525639, -96.170163 33.4354317555611",161.0
JOSHUA 0-GRANBURY 2 1-i_1425,"LINESTRING (-97.53627400000002 32.4235050016131, -97.686156 32.40062438513922",161.0
MCKINNEY 3 0-FRISCO 2 0-i_1026,"LINESTRING (-96.69195 33.1696223161641, -96.85202699999999 33.143924609675196",500.0
FALLS CITY 0-PLEASANTON 0-i_795,"LINESTRING (-98.23142500000002 28.860727463071694, -98.419996 28.929477637984895",115.0
TEAGUE 0-STREETMAN 0-i_3188,"LINESTRING (-96.22075700000002 31.4727594043679, -96.32092199999998 31.7591182694809",115.0
ITASCA 0-MAYPEARL 0-i_1498,"LINESTRING (-97.1513 32.1602009308573, -97.033619 32.29993267680521",161.0
ARLINGTON 7 0-GRAND PRAIRIE 2 0-i_1333,"LINESTRING (-97.129704 32.6897622038762, -97.005789 32.77424950020599",161.0
GREGORY 0-CORPUS CHRISTI 1 0-i_636,"LINESTRING (-97.240417 27.882926070783, -97.4463 27.813899999999997",230.0
SAN ANTONIO 46 0-HELOTES 0-i_1596,"LINESTRING (-98.652613 29.649847124285706, -98.743164 29.607410069694907",115.0
CONROE 5 1-CONROE 7 0-i_2273,"LINESTRING (-95.429908 30.304888576333003, -95.501408 30.322060011992008",115.0
MISSION 1 0-MISSION 4 0-i_584,"LINESTRING (-98.38120000000002 26.175696438298097, -98.365366 26.222276155465096",230.0
ARMSTRONG 2 0-ARMSTRONG 1 1-i_620,"LINESTRING (-97.764774 26.9045935015308, -97.5634 26.994684632791703",115.0
HOUSTON 1 0-HOUSTON 23 0-i_2216,"LINESTRING (-95.25029999999998 29.808301074107792, -95.310727 29.7706791345648",115.0
VALLEY VIEW 0-SANGER 0-i_286,"LINESTRING (-97.12495200000001 33.45562521173879, -97.20975899999999 33.3706458594854",161.0
BROWNWOOD 0-GOLDTHWAITE 1 0-i_1131,"LINESTRING (-99.02209100000002 31.742180149350702, -98.448667 31.377186142184094",500.0
GOLDTHWAITE 2 0-GOLDTHWAITE 1 1-i_1148,"LINESTRING (-98.53771700000001 31.62122616613418, -98.430667 31.377186142184094",161.0
NURSERY 0-VICTORIA 1 0-i_2241,"LINESTRING (-97.117 28.888396142184707, -96.94521399999999 28.668770854419012",500.0
JACKSBORO 1 0-PALO PINTO 1 0-i_868,"LINESTRING (-98.31965200000002 33.0619360212675, -98.29230000000001 32.65203807393819",500.0
COLORADO CITY 1 - SAN ANGELO 1 1 - 3237,"LINESTRING (-100.9 32.33, -100.31307500000001 31.503581427543097",500.0
CHEROKEE 0-SAN SABA 0-i_344,"LINESTRING (-99.07089299999998 30.93364430440759, -98.754991 31.15093138563891",115.0
DALLAS 20 0-DALLAS 9 0-i_1270,"LINESTRING (-96.785252 32.799711193277005, -96.740403 32.78982292405999",161.0
AUSTIN 10 0-MANOR 0-i_1662,"LINESTRING (-97.68212200000002 30.30177849745062, -97.51991200000002 30.33721039656011",115.0
SHERMAN 1 1-SHERMAN 2 0-i_266,"LINESTRING (-96.58189300000001 33.57657454698819, -96.534205 33.5981340458303",161.0
FAIRFIELD 1 2-WORTHAM 0-i_3087,"LINESTRING (-96.07709999999999 31.875415697740298, -96.424735 31.8873667679995",115.0
LEAGUE CITY 0-DEER PARK 1-i_2396,"LINESTRING (-95.082987 29.501283438387105, -95.114456 29.720683887687706",230.0
VICTORIA 2 2-INEZ 0-i_2176,"LINESTRING (-96.97399999999999 28.772523516131912, -96.880623 28.832742766276297",115.0
FORT WORTH 2 0-ARLINGTON 1 1-i_990,"LINESTRING (-97.177363 32.773493479634304, -97.12769 32.772671457267094",161.0
SAN ANTONIO 5 0-SAN ANTONIO 6 0-i_1865,"LINESTRING (-98.356683 29.553532732784014, -98.359361 29.516130805996212",115.0
TOMBALL 2 0-CYPRESS 1 2-i_2694,"LINESTRING (-95.677904 30.059234368272115, -95.66512399999999 29.989044884309898",115.0
PFLUGERVILLE 2-AUSTIN 11 0-i_1701,"LINESTRING (-97.59026000000001 30.432326155775396, -97.70069400000001 30.329332196563016",115.0
HOUSTON 4 2-HOUSTON 39 0-i_2685,"LINESTRING (-95.38095999999999 29.709792264146415, -95.387702 29.750972052268914",115.0
HUBBARD 0-DAWSON 0-i_1302,"LINESTRING (-96.798276 31.842389784064295, -96.646804 31.860838007530113",161.0
GARLAND 4 0-DALLAS 5 0-i_1306,"LINESTRING (-96.647955 32.8777773212275, -96.68572100000002 32.7646972403154",161.0
DALLAS 27 0-DALLAS 14 0-i_908,"LINESTRING (-96.79908100000002 32.74440068832589, -96.755851 32.66302247819911",161.0
ARLINGTON 3 0-ARLINGTON 7 0-i_1334,"LINESTRING (-97.076639 32.72042103656161, -97.129704 32.6897622038762",161.0
CONROE 6 0-CONROE 5 1-i_2274,"LINESTRING (-95.49208100000001 30.231356713271317, -95.429908 30.304888576333003",115.0
ARCHER 1 0-ARCHER 2 0-i_234,"LINESTRING (-98.491 33.48927348639842, -98.57294400000002 33.4870513323145",161.0
SAN ANTONIO 52 1-SAN ANTONIO 50 1-i_1970,"LINESTRING (-98.878015 29.35474081914091, -98.722034 29.398379895204194",230.0
HOUSTON 71 0-HOUSTON 78 0-i_2567,"LINESTRING (-95.51212500000001 29.685445009977308, -95.54263 29.649702120679894",115.0
HOUSTON 28 0-HOUSTON 37 0-i_2362,"LINESTRING (-95.337582 29.9086745860335, -95.378584 29.85752330497492",115.0
EVANT 0-KILLEEN 2 0-i_1007,"LINESTRING (-98.040081 31.54777233135801, -97.720602 31.100554626402104",161.0
AUSTIN 31 0-AUSTIN 26 0-i_1678,"LINESTRING (-97.852406 30.213679265992294, -97.764536 30.345750613416303",115.0
ROWLETT 1 0-ROWLETT 2 0-i_1184,"LINESTRING (-96.546785 32.89542780297219, -96.55276700000002 32.93565990190759",161.0
RHOME 0-BOYD 0-i_931,"LINESTRING (-97.45919300000001 33.09095215487141, -97.59348300000003 33.03952774455499",161.0
EARLY 0-COMANCHE 0-i_846,"LINESTRING (-98.796134 31.83644839017251, -98.60555300000001 31.88498761006321",161.0
FARMERSVILLE 0-JOSEPHINE 0-i_1559,"LINESTRING (-96.35240400000002 33.17180837628631, -96.305404 33.063805410128595",161.0
LEWISVILLE 2 0-FLOWER MOUND 1 0-i_1368,"LINESTRING (-97.057417 33.07895382564289, -97.05647000000002 33.030295491566",161.0
DAYTON 0-BAYTOWN 2 1-i_2293,"LINESTRING (-94.91767400000002 30.0519431847122, -94.8875 29.770600132592996",230.0
ARLINGTON 11 0-FORT WORTH 8 0-i_1084,"LINESTRING (-97.21387600000001 32.63722377856069, -97.271334 32.61763224758379",161.0
SILVERTON 0 - CASTRO_SOLAR 0 - 3212,"LINESTRING (-101.278161 34.4515410554556, -102.02 34.49",161.0
HOUSTON 73 0-HOUSTON 90 2-i_2228,"LINESTRING (-95.519364 29.81339420138271, -95.6556 29.81999028611692",115.0
KEMPNER 0-LAMPASAS 0-i_465,"LINESTRING (-98.00169 31.081991908427998, -98.25034000000001 31.096211831197405",115.0
SAN SABA 0-BUCHANAN DAM 2 0-i_346,"LINESTRING (-98.754991 31.15093138563891, -98.458066 30.930592107242788",115.0
SOLEMIO 1 - SULPHUR SPRINGS 0 - 3252,"LINESTRING (-95.62 33.09, -95.59921899999999 33.16195188738809",115.0
HOUSTON 8 0-HOUSTON 7 0-i_2629,"LINESTRING (-95.12701300000002 29.571047167143806, -95.11577 29.611098161292116",115.0
AUSTIN 7 0-AUSTIN 17 0-i_1770,"LINESTRING (-97.669867 30.379996483554205, -97.72897100000002 30.349052697278807",115.0
EDINBURG 2 0-SANTA ROSA 1 0-i_519,"LINESTRING (-98.17429500000003 26.27423304328131, -97.85801200000002 26.263226431079403",115.0
BIG SPRING 5 0-BIG SPRING 6 0-i_13,"LINESTRING (-101.37933299999999 32.201407707471816, -101.41343600000002 32.267094110442",115.0
LAKE JACKSON 0-ANGLETON 0-i_2804,"LINESTRING (-95.465043 29.0441696229416, -95.43928800000002 29.16863423160271",230.0
YANTIS 0-COMO 0-i_3193,"LINESTRING (-95.55915400000002 32.91904924394449, -95.451935 33.0081523366007",115.0
AUSTIN 20 0-AUSTIN 16 0-i_1856,"LINESTRING (-97.73898900000002 30.268081643251207, -97.720203 30.279685937317403",115.0
FORT WORTH 8 0-FORT WORTH 12 0-i_1082,"LINESTRING (-97.271334 32.61763224758379, -97.326156 32.75668202229541",161.0
PASADENA 2 2-DEER PARK 2-i_2195,"LINESTRING (-95.162079 29.715995970726297, -95.114456 29.71443083422439",115.0
ROWLETT 2 0-WYLIE 0-i_1186,"LINESTRING (-96.55276700000002 32.93565990190759, -96.53133600000001 33.0097199279648",161.0
HOUSTON 74 0-HOUSTON 71 0-i_2795,"LINESTRING (-95.519692 29.733794214473907, -95.51212500000001 29.685445009977308",115.0
LAREDO 4 0-OILTON 1-i_771,"LINESTRING (-99.339796 27.3671490151858, -98.983678 27.48166864386469",230.0
MCCAMEY 1 1 - QUEEN_SOLAR - 3325,"LINESTRING (-102.23090000000002 31.20304177581981, -102.26 31.41",230.0
HUTTO 0-ROUND ROCK 2 0-i_1823,"LINESTRING (-97.542524 30.557562009461595, -97.64199 30.540875583132394",115.0
MONTAGUE 0-NOCONA 0-i_246,"LINESTRING (-97.678873 33.62090863006859, -97.95480200000002 33.78709021859431",161.0
HOUSTON 33 0-HOUSTON 34 0-i_2334,"LINESTRING (-95.360152 29.722391930254705, -95.36399000000002 29.792844687980903",115.0
AUSTIN 10 0-AUSTIN 9 0-i_1664,"LINESTRING (-97.68212200000002 30.30177849745062, -97.68067500000001 30.1813084475524",115.0
PARIS 2 1-CLARKSVILLE 0-i_169,"LINESTRING (-95.52170000000001 33.69080949840439, -94.988258 33.6570701474704",161.0
BROWNSVILLE 1 1-BROWNSVILLE 3 0-i_745,"LINESTRING (-97.49980000000001 25.906623725411485, -97.43458200000003 25.982469895651803",115.0
LAREDO 4 1-SAN YGNACIO 0-i_565,"LINESTRING (-99.328996 27.3671490151858, -99.32183000000002 27.12182490121719",115.0
SABINAL 0-LEAKEY 0-i_302,"LINESTRING (-99.621829 29.297538142913105, -99.673471 29.63821220420771",115.0
DALLAS 5 0-DALLAS 3 1-i_1361,"LINESTRING (-96.68572100000002 32.7646972403154, -96.66990900000002 32.707882695939915",161.0
MEDINA 0-HONDO 1-i_1894,"LINESTRING (-99.307592 29.672035307317696, -99.11953400000002 29.4211037564241",115.0
LEWISVILLE 1 0-FRISCO 2 1-i_1487,"LINESTRING (-96.96020600000001 33.066059471945906, -96.847707 33.143924609675196",161.0
AUSTIN 3 2-AUSTIN 25 0-i_1645,"LINESTRING (-97.784408 30.285963478461994, -97.76245000000002 30.290781218580197",115.0
CORPUS CHRISTI 8 0-PORT ARANSAS 0-i_677,"LINESTRING (-97.376247 27.72352072667011, -97.105983 27.771066508576816",115.0
STRAWN 0-EASTLAND 0-i_1157,"LINESTRING (-98.657449 32.75331795051979, -98.65502 32.4898020981083",161.0
LENORAH 0-BIG SPRING 6 0-i_92,"LINESTRING (-101.8277 32.2292095700582, -101.41343600000002 32.267094110442",115.0
SEGUIN 2 1-SEGUIN 1 2-i_1964,"LINESTRING (-97.915478 29.536505893280808, -97.958815 29.58554276691699",115.0
SUTHERLAND SPRINGS 0-FLORESVILLE 1-i_1885,"LINESTRING (-98.053416 29.290987249706987, -98.058806 29.067153025708105",115.0
KERENS 0-KEMP 0-i_821,"LINESTRING (-96.320632 32.15216941227081, -96.236039 32.3606043922518",161.0
BRYSON 2 0-WEATHERFORD 3 0-i_1195,"LINESTRING (-98.373374 33.270406353573506, -97.894219 32.84235401141162",161.0
WESLACO 0-DONNA 0-i_649,"LINESTRING (-97.98015500000002 26.15215926671779, -98.049657 26.155437448313194",115.0
HOUSTON 41 0-HOUSTON 57 0-i_2644,"LINESTRING (-95.391272 29.932199175863314, -95.443009 29.950133625814704",115.0
BISHOP 0-KINGSVILLE 0-i_566,"LINESTRING (-97.81380000000001 27.56331738547781, -97.85659700000001 27.43781410243951",115.0
GREENVILLE 1 0-GARLAND 1 0-i_950,"LINESTRING (-96.10840000000002 33.1646730744551, -96.57200500000002 32.85519770528371",500.0
HOUSTON 37 0-HOUSTON 57 0-i_2924,"LINESTRING (-95.378584 29.85752330497492, -95.443009 29.950133625814704",115.0
MANOR 0-TAYLOR 0-i_1866,"LINESTRING (-97.51991200000002 30.33721039656011, -97.380511 30.462971595511416",115.0
KYLE 1-LOCKHART 0-i_2050,"LINESTRING (-97.79865600000001 29.90226142531001, -97.667772 29.865227361700494",115.0
BASTROP 0-ROCKDALE 1 0-i_1603,"LINESTRING (-97.2528 30.1393735890793, -97.04603200000001 30.55967127726221",500.0
CROCKETT 0-LOVELADY 0-i_3028,"LINESTRING (-95.24673900000002 31.182738454327104, -95.490937 31.086201181539607",115.0
SANDERSON 0-SHEFFIELD 0-i_23,"LINESTRING (-101.961461 30.021833185349596, -101.77553 30.590800267185404",115.0
SAN ANTONIO 50 2-SAN ANTONIO 49 0-i_1672,"LINESTRING (-98.72635399999999 29.394616121928106, -98.70202799999998 29.338826427082093",115.0
AUSTIN 8 0-AUSTIN 6 0-i_1637,"LINESTRING (-97.67995700000002 30.2674816280489, -97.65560000000002 30.239865928657895",115.0
HOUSTON 10 0-PASADENA 2 2-i_2194,"LINESTRING (-95.16952100000002 29.761429903746293, -95.162079 29.715995970726297",115.0
ROSCOE 4 0-SWEETWATER 3 0-i_411,"LINESTRING (-100.47430000000001 32.230853680250306, -100.3757 32.34111708180161",115.0
WILLIS 2 0-MAGNOLIA 1 0-i_2578,"LINESTRING (-95.353072 30.46516824736051, -95.642894 30.214369283446914",230.0
THICKGRASS SOLAR - WADSWORTH 1 - 3334,"LINESTRING (-95.94 28.85, -96.0121 28.788690098280515",230.0
GORDONVILLE 0-SADLER 0-i_187,"LINESTRING (-96.830764 33.824950865816305, -96.83054299999999 33.73198637039371",161.0
BAYTOWN 1 2-BAYTOWN 2 2-i_2391,"LINESTRING (-94.8995 29.666892831602905, -94.8875 29.76560021060301",115.0
ROUND ROCK 3 2-ROUND ROCK 2 0-i_2168,"LINESTRING (-97.642886 30.496783978561705, -97.64199 30.540875583132394",115.0
CORPUS CHRISTI 15 0-CORPUS CHRISTI 16 0-i_540,"LINESTRING (-97.47222 27.72051077002909, -97.470816 27.6514925206554",115.0
KILLEEN 3 1-HARKER HEIGHTS 0-i_1563,"LINESTRING (-97.72481700000003 31.00346981975701, -97.63562500000002 31.038518579129782",161.0
AUSTIN 5 0-PFLUGERVILLE 2-i_1699,"LINESTRING (-97.641082 30.353171801902604, -97.59026000000001 30.432326155775396",115.0
LIBERTY HILL 0-GEORGETOWN 3 4-i_2104,"LINESTRING (-97.93782600000002 30.68840335967631, -97.798899 30.817064533217508",115.0
BRIDGEPORT 0-KELLER 2 0-i_854,"LINESTRING (-97.90280000000003 33.1903748419846, -97.279594 32.925619627546986",500.0
HOUSTON 12 0-HOUSTON 18 0-i_2366,"LINESTRING (-95.187592 29.6168613044459, -95.27053700000002 29.716023771561908",115.0
BREMOND 1-BRYAN 1 1-i_3203,"LINESTRING (-96.67343000000001 31.085759152857804, -96.43920000000001 30.71551025762",230.0
GATESVILLE 2 0-VALLEY MILLS 0-i_1255,"LINESTRING (-97.719745 31.452013591270706, -97.497079 31.656030460492712",161.0
WICHITA FALLS 5 0-WICHITA FALLS 4 0-i_172,"LINESTRING (-98.50084000000001 33.79310163873919, -98.48204600000001 33.8585362162946",161.0
DEL VALLE 0-AUSTIN 18 0-i_2014,"LINESTRING (-97.60371200000002 30.14849461872269, -97.736369 30.124475012540103",115.0
TYLER 4 0-TYLER 7 0-i_3037,"LINESTRING (-95.291423 32.31585238389079, -95.310228 32.228975554374315",230.0
SWEETWATER 3 0-SWEETWATER 2 0-i_483,"LINESTRING (-100.3757 32.34111708180161, -100.4129 32.28474629503489",115.0
BEDFORD 2 0-HURST 0-i_1301,"LINESTRING (-97.14155700000002 32.828237970347814, -97.176986 32.814779603666416",161.0
WAXAHACHIE 1 0-FORRESTON 0-i_1376,"LINESTRING (-96.781344 32.369768554402505, -96.833324 32.2314217183227",161.0
WESLACO 0-DONNA 0-i_650,"LINESTRING (-97.98015500000002 26.15215926671779, -98.049657 26.155437448313194",115.0
LANCASTER 1 0-RED OAK 0-i_1102,"LINESTRING (-96.74856100000001 32.56031669582519, -96.803715 32.51934458803692",161.0
CORPUS CHRISTI 10 0-CORPUS CHRISTI 6 0-i_664,"LINESTRING (-97.39013500000001 27.761649957265284, -97.32884499999999 27.697198188423815",115.0
VAN HORN 0-MARFA 0-i_15,"LINESTRING (-104.615514 31.08731425376499, -103.996761 30.27907842299599",115.0
MATHIS 0-ODEM 0-i_704,"LINESTRING (-97.799031 28.0968956907926, -97.670027 27.956564403993408",115.0
DALLAS 20 0-DALLAS 16 0-i_1268,"LINESTRING (-96.785252 32.799711193277005, -96.769163 32.78402196988319",161.0
CHAPPELL HILL 0-HEMPSTEAD 0-i_2161,"LINESTRING (-96.24944199999999 30.116072119264302, -96.056554 30.093701709147908",115.0
DENISON 1 0-DENISON 2 0-i_226,"LINESTRING (-96.461794 33.7211376134185, -96.59506100000002 33.764799661257",161.0
NEEDVILLE 0-DAMON 0-i_2792,"LINESTRING (-95.80341099999998 29.380073443621786, -95.66406200000002 29.2573654232844",115.0
HOLLAND 1-BUCKHOLTS 0-i_1585,"LINESTRING (-97.35720900000001 30.878146722132, -97.139898 30.846471680159613",115.0
PASADENA 3 2-HOUSTON 7 0-i_2766,"LINESTRING (-95.03140000000002 29.613737066041498, -95.11577 29.611098161292116",115.0
SAN ANTONIO 4 0-SAN ANTONIO 8 0-i_2147,"LINESTRING (-98.34448300000001 29.4716397049353, -98.38376100000002 29.444142025181716",115.0
PARIS 2 1-PARIS 3 0-i_126,"LINESTRING (-95.52170000000001 33.69080949840439, -95.335733 33.677877597073206",161.0
AUSTIN 24 0-AUSTIN 27 1-i_2060,"LINESTRING (-97.76148100000002 30.240543945822285, -97.78878 30.20435503016379",115.0
FULSHEAR 0-DAMON 0-i_2777,"LINESTRING (-95.951677 29.58992263551939, -95.66406200000002 29.2573654232844",115.0
SULPHUR SPRINGS 0-CUMBY 0-i_3070,"LINESTRING (-95.59921899999999 33.16195188738809, -95.794234 33.09206408763481",115.0
HOUSTON 9 0-HOUSTON 6 2-i_2224,"LINESTRING (-95.14544 29.8304296272335, -95.210789 29.813455483430392",115.0
HOUSTON 62 0-HOUSTON 61 0-i_2865,"LINESTRING (-95.47080900000002 29.827525554622007, -95.472548 29.745701511387093",115.0
LAREDO 6 0-LAREDO 5 0-i_571,"LINESTRING (-99.493143 27.50742513822979, -99.431389 27.539019973091495",115.0
HERMLEIGH 0 - CROWDED_STAR_SOLAR - 3351,"LINESTRING (-100.6548 32.58253336574679, -100.18 32.85",230.0
CONROE 6 0-CONROE 5 1-i_2275,"LINESTRING (-95.49208100000001 30.231356713271317, -95.429908 30.304888576333003",115.0
PASADENA 1 2-HOUSTON 14 0-i_2551,"LINESTRING (-95.203078 29.713328191541795, -95.24879300000002 29.687322056705803",115.0
MERIDIAN 0-HICO 0-i_1110,"LINESTRING (-97.70112300000001 31.910103277854905, -97.87360000000001 31.995374949031408",161.0
GRAND PRAIRIE 1 0-GRAND PRAIRIE 2 0-i_1175,"LINESTRING (-96.99286199999999 32.72701721580269, -97.005789 32.77424950020599",161.0
BEN WHEELER 0-GRAND SALINE 0-i_3042,"LINESTRING (-95.652983 32.42190051877701, -95.678531 32.6405102924386",115.0
GARLAND 1 0-FRISCO 2 0-i_1503,"LINESTRING (-96.57200500000002 32.85519770528371, -96.85202699999999 33.143924609675196",500.0
FROST 0-ITALY 0-i_1045,"LINESTRING (-96.798932 32.0325834279002, -96.84218 32.171617713282195",161.0
FREEPORT 1 0-ALVIN 0-i_2900,"LINESTRING (-95.324 28.97390134047749, -95.18288 29.422491490378206",500.0
HIDALGO 0-PROGRESO 0-i_515,"LINESTRING (-98.232746 26.104723641382215, -97.95314 26.076710093046994",115.0
CEDAR CREEK 1 0-BASTROP 0-i_1604,"LINESTRING (-97.5428 30.143309487828606, -97.2528 30.1393735890793",500.0
BREMOND 0-FRANKLIN 0-i_3136,"LINESTRING (-96.68423 31.085759152857804, -96.46860000000001 31.17413989490129",500.0
FORSAN 0-BIG SPRING 7 0-i_74,"LINESTRING (-101.38960000000002 32.134703244454506, -101.356434 32.0968117129129",115.0
ROWLETT 2 0-SACHSE 0-i_1181,"LINESTRING (-96.55276700000002 32.93565990190759, -96.577283 32.96659174761798",161.0
KATY 4 0-KATY 1 2-i_2310,"LINESTRING (-95.82785600000001 29.8507171346678, -95.72943600000002 29.831315240584683",115.0
CHANNELVIEW 1 2-CHANNELVIEW 2 0-i_2821,"LINESTRING (-95.09333 29.8061044515485, -95.047291 29.830040617506594",115.0
CISCO 0-ALBANY 2 0-i_834,"LINESTRING (-99.155736 32.54993516064611, -99.23283999999998 32.784078042778596",161.0
MCCAMEY 1 1-DEL RIO 0-i_62,"LINESTRING (-102.23090000000002 31.20304177581981, -101.201636 29.83097421926579",230.0
CENTERVILLE 0-NORMANGEE 0-i_3001,"LINESTRING (-95.925344 31.130289044105204, -96.13019 31.126278783573497",115.0
COOPER 0-WOLFE CITY 0-i_1160,"LINESTRING (-95.748461 33.4562111947955, -95.93670700000001 33.41486233165111",161.0
GRULLA 0-SULLIVAN CITY 0-i_780,"LINESTRING (-98.645824 26.268370717181497, -98.558191 26.247269543960094",115.0
HALTOM CITY 0-FORT WORTH 3 0-i_1524,"LINESTRING (-97.26377600000001 32.80101522878581, -97.214058 32.7450037047212",161.0
HOUSTON 27 0-HOUSTON 50 0-i_2722,"LINESTRING (-95.331533 29.66437748569099, -95.429289 29.63328971265901",115.0
PARIS 1 0-MOUNT PLEASANT 1 0-i_282,"LINESTRING (-95.57199999999999 33.62480490119471, -95.0237 33.085667648788416",500.0
RICHARDSON 1 0-PLANO 2 0-i_842,"LINESTRING (-96.659463 32.9891413645929, -96.669564 33.02914646008381",161.0
CORPUS CHRISTI 14 0-CORPUS CHRISTI 13 0-i_710,"LINESTRING (-97.436795 27.8463549371006, -97.43697400000003 27.767879321957103",115.0
HOUSTON 68 0-HOUSTON 48 0-i_2651,"LINESTRING (-95.48805 29.794371726120797, -95.41333300000002 29.79574976054061",115.0
DALLAS 30 0-DALLAS 21 0-i_837,"LINESTRING (-96.82187400000001 32.845890451502704, -96.786759 32.86246790356459",161.0
HOUSTON 6 1-PASADENA 1 1-i_2914,"LINESTRING (-95.210789 29.819702359047994, -95.19587800000001 29.72083189137611",230.0
SWEETWATER 4 0-SWEETWATER 5 0-i_299,"LINESTRING (-100.3299 32.3545179828875, -100.20174800000001 32.27968731952469",115.0
MCALLEN 3 0-PHARR 0-i_553,"LINESTRING (-98.23970000000001 26.15588147291161, -98.180714 26.14322077167601",115.0
DALLAS 1 1-HUTCHINS 0-i_925,"LINESTRING (-96.630044 32.646186021553305, -96.69191600000002 32.6360947479536",161.0
ATHENS 2 0-MURCHISON 0-i_3073,"LINESTRING (-95.897047 32.08824814114829, -95.634712 32.15246143180049",115.0
SWEETWATER 3 0-SWEETWATER 4 0-i_300,"LINESTRING (-100.3757 32.34111708180161, -100.3299 32.3545179828875",115.0
GOODFELLOW AFB 0-MILES 0-i_421,"LINESTRING (-100.14367 31.283370011764596, -100.18361600000001 31.58587983835921",115.0
WINCHESTER 1-LA GRANGE 1-i_1797,"LINESTRING (-96.95150000000001 30.031866816332393, -96.71460000000002 29.91095922557381",230.0
FLATONIA 0-WAELDER 0-i_1621,"LINESTRING (-97.14945 29.72136437849151, -97.29232800000001 29.694490704791296",115.0
CONROE 5 0-WILLIS 1 1-i_2271,"LINESTRING (-95.434228 30.304888576333003, -95.4998 30.429391969007707",230.0
RIO HONDO 0-PORT ISABEL 0-i_690,"LINESTRING (-97.480015 26.2549059684428, -97.30376700000001 26.045156350893205",115.0
EDGEWOOD 0-POINT 0-i_3151,"LINESTRING (-95.845461 32.70895493608249, -95.903936 32.983221630427",115.0
SAN ANTONIO 18 0-SAN ANTONIO 16 0-i_2027,"LINESTRING (-98.45511800000001 29.437421859144298, -98.44027400000002 29.342735523366617",115.0
COPPELL 0-LEWSIVILLE 0-i_1400,"LINESTRING (-96.981064 32.961000594697616, -96.958386 33.017231133674",161.0
CLYDE 0-CROSS PLAINS 0-i_1473,"LINESTRING (-99.50987900000003 32.26031165544239, -99.281758 32.0008193115799",161.0
BURKBURNETT 0-IOWA PARK 0-i_142,"LINESTRING (-98.61346700000001 34.09731098616751, -98.712096 33.96732584406029",161.0
CONROE 4 0-SPRING 2 1-i_2586,"LINESTRING (-95.41269100000001 30.185704558653804, -95.37532599999999 30.059676379401296",115.0
PAIGE 0-BASTROP 2-i_1608,"LINESTRING (-97.20989899999996 30.29766860129109, -97.2348 30.1269195886573",115.0
MABANK 2 0-KEMP 0-i_969,"LINESTRING (-96.094532 32.2716714175578, -96.236039 32.3606043922518",161.0
OLMITO 0-SAN BENITO 0-i_715,"LINESTRING (-97.51710900000002 26.0152897036948, -97.620292 26.09962035920391",115.0
MAGNOLIA 2 0-PINEHURST 0-i_2313,"LINESTRING (-95.74566 30.1537667518341, -95.66555400000001 30.1580438598384",115.0
MCKINNEY 2 0-CELINA 0-i_1468,"LINESTRING (-96.627695 33.243470349114816, -96.749377 33.336492915612006",161.0
MEXIA 0-DAWSON 0-i_1321,"LINESTRING (-96.45913700000001 31.648789983001805, -96.646804 31.860838007530113",161.0
FREER 0-SAN DIEGO 0-i_750,"LINESTRING (-98.61997 27.829550936520505, -98.376775 27.84319173700189",115.0
HENDERSON 1 0-CUSHING 2 0-i_3107,"LINESTRING (-94.69502900000002 31.919337891369405, -94.84534000000001 31.79012932165039",115.0
WEBSTER 0-HOUSTON 17 0-i_2869,"LINESTRING (-95.1325 29.536134301532893, -95.26533899999998 29.617916330655007",115.0
CORPUS CHRISTI 3 1-CORPUS CHRISTI 4 0-i_529,"LINESTRING (-97.2757 27.58087585581529, -97.260242 27.620741728063198",115.0
ITALY 0-MILFORD 0-i_1035,"LINESTRING (-96.84218 32.171617713282195, -96.98347000000001 32.131416024729006",161.0
MARION 1 2-CIBOLO 0-i_1633,"LINESTRING (-98.1275 29.616889102008297, -98.21695199999999 29.572499203165",115.0
AUSTIN 30 0-AUSTIN 28 0-i_2000,"LINESTRING (-97.836485 30.428265711512395, -97.79894500000002 30.416073401176394",115.0
ZORRO_SOLAR - CORAZON_SOLAR - 3260,"LINESTRING (-98.82 27.49, -98.74 27.49",230.0
BIG SPRING 1 0-SAN ANGELO 3 0-i_46,"LINESTRING (-101.10770000000001 31.9863933510534, -101.046625 31.79662875198021",115.0
HOUSTON 67 0-HOUSTON 53 0-i_2493,"LINESTRING (-95.48639300000002 29.915198749571104, -95.43236600000002 29.85056913096469",115.0
TYLER 4 1-TYLER 6 0-i_3040,"LINESTRING (-95.280623 32.31585238389079, -95.306262 32.356352106241104",115.0
MISSOURI CITY 1 0-RICHMOND 1 0-i_2322,"LINESTRING (-95.51194900000002 29.59792983429211, -95.67658600000001 29.480170915947696",115.0
STEPHENVILLE 0-BROWNWOOD 0-i_934,"LINESTRING (-98.18591700000002 32.2761477179342, -99.02209100000002 31.742180149350702",500.0
GRANDFALLS 0-FORT STOCKTON 3 0-i_29,"LINESTRING (-103.076134 31.163362193895697, -102.78179200000001 30.74127091181511",115.0
FAIRFIELD 1 2-TENNESSEE COLONY 0-i_3020,"LINESTRING (-96.07709999999999 31.875415697740298, -95.97174300000002 31.9258993273841",115.0
AUSTIN 2 0-AUSTIN 3 0-i_1719,"LINESTRING (-97.60570000000001 30.207311104921697, -97.791608 30.29093722253551",500.0
LA GRANGE 2-FAYETTEVILLE 0-i_1799,"LINESTRING (-96.71460000000002 29.901597330682904, -96.690188 30.036783125572992",115.0
BASTROP 2-SMITHVILLE 0-i_1610,"LINESTRING (-97.2348 30.1269195886573, -97.173148 30.00766429463919",115.0
ADDISON 0-DALLAS 31 0-i_1108,"LINESTRING (-96.834922 32.95763050253531, -96.83320000000002 32.922865552302085",161.0
PLANO 3 0-PLANO 5 0-i_1149,"LINESTRING (-96.72723100000002 33.05434215064129, -96.737958 33.018853178102304",161.0
NEW BRAUNFELS 2 1-SAN ANTONIO 51 0-i_1762,"LINESTRING (-98.06208599999998 29.694376232341686, -98.730432 29.535276280271308",230.0
RADIAN_INCREASE 1 - EARLY 1 - 3241,"LINESTRING (-98.9 31.81, -98.796134 31.83644839017251",115.0
HOUSTON 33 0-HOUSTON 34 0-i_2335,"LINESTRING (-95.360152 29.722391930254705, -95.36399000000002 29.792844687980903",115.0
ROSCOE 2 1-HERMLEIGH 2-i_368,"LINESTRING (-100.63040000000001 32.4633253114801, -100.6368 32.573432644592586",115.0
MELISSA 0-VAN ALSTYNE 0-i_283,"LINESTRING (-96.56264700000001 33.28271043097671, -96.546313 33.43325659205611",161.0
LA VERNIA 0-SUTHERLAND SPRINGS 0-i_1884,"LINESTRING (-98.10343 29.34788265016281, -98.053416 29.290987249706987",115.0
AUSTIN 29 0-AUSTIN 27 1-i_2033,"LINESTRING (-97.82039800000001 30.16462002592501, -97.78878 30.20435503016379",115.0
BUCHANAN DAM 1 0-BUCHANAN DAM 2 0-i_460,"LINESTRING (-98.376422 30.7254098931674, -98.458066 30.930592107242788",115.0
ORANGE GROVE 0 - MILLHOUSE_SOLAR - 3284,"LINESTRING (-98.051187 27.9798857785183, -98.1 27.73",115.0
WALLER 0-PRAIRIE VIEW 0-i_2204,"LINESTRING (-95.92866399999998 30.077100818241195, -95.98689300000001 30.084342000680408",115.0
CARROLLTON 1 0-DALLAS 35 0-i_1264,"LINESTRING (-96.87094 33.047749969919295, -96.838088 32.996893576785816",161.0
HOUSTON 1 0-HOUSTON 18 0-i_2213,"LINESTRING (-95.25029999999998 29.808301074107792, -95.27053700000002 29.716023771561908",115.0
ELMENDORF 2-SAN ANTONIO 22 1-i_1940,"LINESTRING (-98.3681 29.2491618504751, -98.470412 29.275767875508507",115.0
THROCKMORTON 0-ROCHESTER 0-i_271,"LINESTRING (-99.256034 33.181686244327715, -99.633126 33.31681955532651",161.0
HOUSTON 45 0-HOUSTON 64 0-i_2972,"LINESTRING (-95.427498 29.757900393431, -95.47577200000002 29.6728366961662",115.0
FALCON HEIGHTS 1 0-ROMA 0-i_608,"LINESTRING (-99.1552 26.551059519006003, -99.103986 26.526108117951612",115.0
WHARTON 1 1-NEWGULF 0-i_2880,"LINESTRING (-96.0323 29.2815201581002, -95.8817 29.257618689509805",230.0
AUSTIN 25 0-AUSTIN 20 0-i_1646,"LINESTRING (-97.76245000000002 30.290781218580197, -97.73898900000002 30.268081643251207",115.0
NOLANVILLE 0-SALADO 0-i_1221,"LINESTRING (-97.595369 31.069788116793806, -97.58965000000002 30.91955939470162",161.0
HOUSTON 38 0-HOUSTON 25 0-i_2839,"LINESTRING (-95.38326299999999 29.608146087973797, -95.320621 29.616210288273706",115.0
ARMSTRONG 1 1-SARITA 3 0-i_511,"LINESTRING (-97.5634 26.994684632791703, -97.4969 27.0637885794484",115.0
SAN ANTONIO 40 0-SAN ANTONIO 34 0-i_1630,"LINESTRING (-98.567679 29.458138371104788, -98.525289 29.46590556313739",115.0
HOUSTON 80 0-CYPRESS 1 2-i_2210,"LINESTRING (-95.569235 29.977175304716393, -95.66512399999999 29.989044884309898",115.0
FORT WORTH 15 0-FORT WORTH 20 0-i_1495,"LINESTRING (-97.33466499999999 32.7054076287149, -97.375938 32.6504931383529",161.0
DENTON 3 0-LEWISVILLE 2 0-i_1241,"LINESTRING (-97.092416 33.14705569573001, -97.057417 33.07895382564289",161.0
BRADY 0-GOODFELLOW AFB 0-i_412,"LINESTRING (-99.607412 31.170790677037413, -100.14367 31.283370011764596",115.0
ARTHUR CITY 0-PARIS 1 1-i_183,"LINESTRING (-95.640137 33.85188875090719, -95.554 33.62480490119471",161.0
CHANNELVIEW 1 0-PASADENA 2 0-i_2187,"LINESTRING (-95.10053000000002 29.81360120655609, -95.169279 29.722248926690806",500.0
SIMONTON 0-WALLIS 0-i_2207,"LINESTRING (-95.94866000000002 29.68510400148821, -96.05150500000002 29.630230636631513",115.0
HOUSTON 4 2-HOUSTON 39 0-i_2688,"LINESTRING (-95.38095999999999 29.709792264146415, -95.387702 29.750972052268914",115.0
GRAND PRAIRIE 1 0-GRAND PRAIRIE 2 0-i_1176,"LINESTRING (-96.99286199999999 32.72701721580269, -97.005789 32.77424950020599",161.0
HOUSTON 77 0-HOUSTON 64 0-i_2658,"LINESTRING (-95.53093700000001 29.699345356086404, -95.47577200000002 29.6728366961662",115.0
CAMP WOOD 0-BRACKETTVILLE 3 0-i_313,"LINESTRING (-100.069588 29.6684440839131, -100.430985 29.389347796990716",115.0
LA GRANGE 0-BRENHAM 0-i_1773,"LINESTRING (-96.73260000000002 29.91095922557381, -96.399472 30.208852977826588",500.0
HASLET 0-FORT WORTH 25 0-i_1049,"LINESTRING (-97.373655 32.98420822958651, -97.430235 32.91110423103041",161.0
MESQUITE 3 0-MESQUITE 2 0-i_1210,"LINESTRING (-96.62667700000002 32.8148886066357, -96.613117 32.76928536513721",161.0
AUSTIN 36 0-AUSTIN 37 0-i_1687,"LINESTRING (-97.947609 30.3758653785418, -97.954624 30.317261890235603",115.0
ARCHER CITY 0-OLNEY 2 0-i_272,"LINESTRING (-98.875782 33.52139371461991, -98.916556 33.244181546236305",161.0
BEN WHEELER 0-TYLER 5 0-i_3045,"LINESTRING (-95.652983 32.42190051877701, -95.298879 32.46348032193621",115.0
AUSTIN 39 0-DRIPPING SPRINGS 0-i_1944,"LINESTRING (-98.029973 30.10942363291159, -98.131215 30.2216454675257",115.0
KATY 1 2-HOUSTON 82 0-i_2309,"LINESTRING (-95.72943600000002 29.831315240584683, -95.58003400000001 29.810188121261906",115.0
AUSTIN 8 0-AUSTIN 9 0-i_1954,"LINESTRING (-97.67995700000002 30.2674816280489, -97.68067500000001 30.1813084475524",115.0
HOUSTON 45 0-HOUSTON 64 0-i_2973,"LINESTRING (-95.427498 29.757900393431, -95.47577200000002 29.6728366961662",115.0
DENTON 1 0-POOLVILLE 0-i_1225,"LINESTRING (-97.0989 33.1950900168082, -97.89230000000002 33.05226535834791",500.0
CHANNELVIEW 1 2-HOUSTON 9 0-i_2223,"LINESTRING (-95.09333 29.8061044515485, -95.14544 29.8304296272335",115.0
HOUSTON 10 0-PASADENA 5 0-i_2381,"LINESTRING (-95.16952100000002 29.761429903746293, -95.18617999999998 29.64541301403071",115.0
BLACKWELL 0-TUSOCOLA 0-i_327,"LINESTRING (-100.2596 32.192007078000785, -99.99826700000001 32.2978031716202",115.0
PECOS 0-MONAHANS 2 0-i_27,"LINESTRING (-103.59091400000001 31.7974278048913, -103.15204600000001 31.478445777491114",115.0
EDNA 0-HALLETTSVILLE 0-i_1879,"LINESTRING (-96.68071499999999 29.03612013188931, -96.82718900000002 29.373761835997314",115.0
GRAND PRAIRIE 3 1-DALLAS 44 0-i_1100,"LINESTRING (-97.016052 32.662528464797305, -96.961022 32.63365168172731",161.0
PORTER 0-NEW CANEY 0-i_2546,"LINESTRING (-95.29352100000001 30.104193501036587, -95.18616100000001 30.15872887713761",115.0
FAIRFIELD 2 1-JEWETT 1 1-i_3103,"LINESTRING (-96.0184 31.814481934451507, -96.2165 31.41575566729249",230.0
BRYAN 4 0-BRYAN 2 0-i_3032,"LINESTRING (-96.313612 30.6550583806754, -96.36331600000001 30.64121549386309",115.0
AMISTAD_HYDRO 0 - EAGLE PASS 0 - 3365,"LINESTRING (-101.05602 29.44952, -100.26608800000001 28.47006691240151",230.0
CUSHING 1 0 - ANGELINA_SOLAR 1 - 3255,"LINESTRING (-94.88263999999998 31.82601469861781, -94.86 31.37",230.0
HOUSTON 30 0-HOUSTON 54 0-i_2774,"LINESTRING (-95.34981200000001 29.985310509065613, -95.43539600000001 30.00574602260961",115.0
WACO 2 1-WACO 6 0-i_1174,"LINESTRING (-97.07691 31.61482274425611, -97.20689300000001 31.620992150715207",161.0
CORPUS CHRISTI 9 0-PORTLAND 0-i_627,"LINESTRING (-97.383456 27.813050968737212, -97.375238 27.88576823783399",115.0
PLANO 3 0-PLANO 4 0-i_958,"LINESTRING (-96.72723100000002 33.05434215064129, -96.736408 33.087672064856704",161.0
WACO 1 0-WACO 2 0-i_1162,"LINESTRING (-97.07305400000001 31.469530192503402, -97.08771 31.61482274425611",500.0
COTULLA 0-ENCINAL 0-i_544,"LINESTRING (-99.205344 28.286832967577315, -99.39019300000001 28.035329050485206",115.0
PASADENA 3 0-LAPORTE 0-i_2535,"LINESTRING (-95.0386 29.619996382330505, -95.052627 29.724273977160806",500.0
BEDFORD 2 0-EULESS 1 0-i_1300,"LINESTRING (-97.14155700000002 32.828237970347814, -97.08242800000001 32.857865778045806",161.0
GRAND PRAIRIE 2 0-IRVING 3 0-i_1365,"LINESTRING (-97.005789 32.77424950020599, -96.951303 32.7941870428682",161.0
ELROND - ROCHESTER 1 - 3358,"LINESTRING (-99.58 33.09, -99.62 33.29",230.0
POOLVILLE 1-PARADISE 0-i_1201,"LINESTRING (-97.8743 33.05226535834791, -97.71442200000003 33.09269513093341",161.0
BRIDGEPORT 0-POOLVILLE 0-i_1296,"LINESTRING (-97.90280000000003 33.1903748419846, -97.89230000000002 33.05226535834791",500.0
SAN ANTONIO 51 0-HONDO 0-i_1989,"LINESTRING (-98.730432 29.535276280271308, -99.130334 29.4211037564241",230.0
DUNCANVILLE 1 0-DALLAS 43 0-i_1279,"LINESTRING (-96.908282 32.658235348339204, -96.932965 32.67381377099551",161.0
O DONNELL 2 0-COAHOMA 0-i_48,"LINESTRING (-101.56961700000001 32.92297051176409, -101.23778399999999 32.873464132594016",115.0
CORPUS CHRISTI 10 0-CORPUS CHRISTI 14 0-i_666,"LINESTRING (-97.39013500000001 27.761649957265284, -97.436795 27.8463549371006",115.0
HOUSTON 4 2-HOUSTON 39 0-i_2687,"LINESTRING (-95.38095999999999 29.709792264146415, -95.387702 29.750972052268914",115.0
CONIGLIO_SOlAR - LEONARD 0 - 3340,"LINESTRING (-96.06 33.37, -96.170163 33.4354317555611",161.0
ALLEN 1 1-PLANO 1 0-i_1059,"LINESTRING (-96.599127 33.08717405119059, -96.611882 33.019378192483",161.0
FORT WORTH 26 0-HALTOM CITY 0-i_1257,"LINESTRING (-97.431999 32.77298746586559, -97.26377600000001 32.80101522878581",161.0
TYLER 3 0-TYLER 6 0-i_3141,"LINESTRING (-95.20407 32.4123338742814, -95.306262 32.356352106241104",115.0
SAN ANTONIO 22 0-SAN ANTONIO 37 1-i_1939,"LINESTRING (-98.474732 29.275767875508507, -98.560811 29.499201386850604",230.0
IMPACT_SOLAR - MOUNT PLEASANT 1 1 - 3248,"LINESTRING (-95.14 33.09, -95.00570000000002 33.085667648788416",230.0
PASADENA 2 2-DEER PARK 2-i_2197,"LINESTRING (-95.162079 29.715995970726297, -95.114456 29.71443083422439",115.0
ODESSA 2 0-ODESSA 1 0-i_4,"LINESTRING (-102.25334800000002 31.90062364822749, -102.3084 31.82500733984199",115.0
AUSTIN 25 0-AUSTIN 33 0-i_1649,"LINESTRING (-97.76245000000002 30.290781218580197, -97.881151 30.318538922639696",115.0
WEST 0-ELM MOTT 0-i_1395,"LINESTRING (-97.234292 31.810072642355312, -97.064707 31.690492734532512",161.0
SHINER 0-FLATONIA 0-i_1901,"LINESTRING (-97.074825 29.558637264863993, -97.14945 29.72136437849151",115.0
DALLAS 3 0-RICHARDSON 2 0-i_1078,"LINESTRING (-96.674229 32.707882695939915, -96.73776 32.97364694061329",500.0
SHEFFIELD 0-OZONA 0-i_78,"LINESTRING (-101.77553 30.590800267185404, -101.322239 30.569418900182985",115.0
PEARLAND 1 0-FRIENDSWOOD 0-i_2818,"LINESTRING (-95.276139 29.55904886955949, -95.188533 29.51256771776159",115.0
FORT WORTH 10 0-KELLER 2 1-i_860,"LINESTRING (-97.30688600000002 32.9729449214079, -97.27527399999998 32.925619627546986",161.0
IRAAN 2 0-MCCAMEY 1 0-i_18,"LINESTRING (-102.192433 30.92529076483021, -102.2201 31.20304177581981",115.0
SAN ANTONIO 46 0-SAN ANTONIO 44 0-i_1595,"LINESTRING (-98.652613 29.649847124285706, -98.620448 29.622221437611895",115.0
CORPUS CHRISTI 10 0-CORPUS CHRISTI 14 0-i_665,"LINESTRING (-97.39013500000001 27.761649957265284, -97.436795 27.8463549371006",115.0
CORPUS CHRISTI 7 0-PORT ARANSAS 0-i_740,"LINESTRING (-97.355165 27.656136791549095, -97.105983 27.771066508576816",115.0
ROUND ROCK 3 2-ROUND ROCK 2 0-i_2167,"LINESTRING (-97.642886 30.496783978561705, -97.64199 30.540875583132394",115.0
PANHANDLE 5 0-PANHANDLE 2 1-i_151,"LINESTRING (-101.53099999999999 35.34442725070819, -101.27483299999999 35.232452121577005",161.0
AUSTIN 34 0-AUSTIN 39 0-i_1887,"LINESTRING (-97.885062 30.1759293116273, -98.029973 30.10942363291159",115.0
INEZ 0-EDNA 0-i_2178,"LINESTRING (-96.880623 28.832742766276297, -96.68071499999999 29.03612013188931",115.0
SAN ANTONIO 32 1-SAN ANTONIO 29 0-i_2128,"LINESTRING (-98.517303 29.419895426275307, -98.501428 29.401894981943396",115.0
QUINLAN 0-GREENVILLE 2 0-i_1414,"LINESTRING (-96.10435499999998 32.91866521771729, -96.075274 33.062420054452296",161.0
ARGYLE 0-DENTON 3 0-i_1240,"LINESTRING (-97.17018200000001 33.11226273988471, -97.092416 33.14705569573001",161.0
MOUNT PLEASANT 2 1-COOKVILLE 0-i_3145,"LINESTRING (-95.1399 33.32883538486579, -94.84884799999999 33.2359389784431",115.0
ARLINGTON 1 0-KELLER 2 0-i_852,"LINESTRING (-97.13488999999998 32.772671457267094, -97.279594 32.925619627546986",500.0
FANNIN 1-YORKTOWN 0-i_562,"LINESTRING (-97.192567 28.706485129612496, -97.419562 28.851427899044594",115.0
MCALLEN 2 0-MCALLEN 3 0-i_502,"LINESTRING (-98.230592 26.209356438198604, -98.23970000000001 26.15588147291161",115.0
MADISONVILLE 0-HEARNE 0-i_3000,"LINESTRING (-95.89634399999998 30.947497199492407, -96.517934 30.865733921699793",115.0
HOUSTON 72 0-HOUSTON 84 0-i_2257,"LINESTRING (-95.51758300000002 29.649890125355, -95.58239 29.66836658493781",115.0
JUSTIN 0-PONDER 0-i_861,"LINESTRING (-97.33689900000002 33.09758033679089, -97.30802799999998 33.19629404994419",161.0
WASHINGTON 0-CHAPPELL HILL 0-i_1948,"LINESTRING (-96.18036500000001 30.280718526923806, -96.24944199999999 30.116072119264302",115.0
TELEPHONE 0-ARTHUR CITY 0-i_184,"LINESTRING (-95.98782300000002 33.77273121529389, -95.640137 33.85188875090719",161.0
HOUSTON 26 0-HOUSTON 39 0-i_2797,"LINESTRING (-95.325288 29.797687808950695, -95.387702 29.750972052268914",115.0
DISCO_SOLAR - HASKELL 1 - 3355,"LINESTRING (-99.62 33.01, -99.62878900000001 33.1166547754508",115.0
SUMNER 0-PARIS 2 1-i_170,"LINESTRING (-95.735327 33.7392488772572, -95.52170000000001 33.69080949840439",161.0
HOUSTON 90 1-KATY 1 1-i_2307,"LINESTRING (-95.65128000000001 29.824987491167203, -95.725116 29.835062743090106",230.0
HOUSTON 2 0-PORTER 0-i_2558,"LINESTRING (-95.23860000000003 29.949704615048507, -95.29352100000001 30.104193501036587",115.0
GREENVILLE 1 0 - SAMSON SOLAR 3 0 - 3296,"LINESTRING (-96.10840000000002 33.1646730744551, -95.7 33.65",500.0
SAN ANTONIO 12 0-SAN ANTONIO 1 1-i_1707,"LINESTRING (-98.40249100000001 29.58335747258072, -98.32889999999999 29.426391586690492",230.0
AUSTIN 6 0-AUSTIN 2 2-i_1642,"LINESTRING (-97.65560000000002 30.239865928657895, -97.5985 30.2023331259326",115.0
RED OAK 0-DESOTO 0-i_1207,"LINESTRING (-96.803715 32.51934458803692, -96.860475 32.5970006887262",161.0
FREEPORT 3 0-GALVESTON 3 0-i_2944,"LINESTRING (-95.269251 29.014921839300104, -94.91565200000001 29.246884030290204",115.0
DALLAS 11 0-DALLAS 9 0-i_1073,"LINESTRING (-96.74276200000001 32.76821333597079, -96.740403 32.78982292405999",161.0
DALLAS 15 0-DALLAS 30 0-i_1043,"LINESTRING (-96.76759100000001 32.8288589872709, -96.82187400000001 32.845890451502704",161.0
EVANT 0-MC GREGOR 0-i_1006,"LINESTRING (-98.040081 31.54777233135801, -97.52213399999998 31.40337285629871",161.0
DANBURY 0-LIVERPOOL 0-i_2403,"LINESTRING (-95.310719 29.22901472709819, -95.27791000000002 29.282031029479104",115.0
FORT WORTH 5 0-ARLINGTON 10 0-i_1124,"LINESTRING (-97.259025 32.68872317566861, -97.18553 32.6867981234093",161.0
FORRESTON 0-WAXAHACHIE 2 0-i_1375,"LINESTRING (-96.833324 32.2314217183227, -96.91192300000002 32.358396248402",161.0
FRISCO 1 0-MCKINNEY 1 1-i_1337,"LINESTRING (-96.786592 33.16071807131109, -96.587266 33.164533176213496",161.0
ALEDO 1 0-GRANBURY 2 0-i_873,"LINESTRING (-97.507 32.718176975589984, -97.693356 32.40062438513922",500.0
ODONNELL 0-LAMESA 0-i_90,"LINESTRING (-101.75541400000002 32.92096637487951, -102.124506 32.923604555071414",115.0
ALVARADO 0-GRANDVIEW 0-i_1048,"LINESTRING (-97.192767 32.412512705398505, -97.15716 32.278488100975004",161.0
FORT WORTH 28 0-GRANBURY 3 0-i_1480,"LINESTRING (-97.499881 32.633444676116014, -97.627411 32.55964267759129",161.0
ROCKDALE 1 1-PFLUGERVILLE 1-i_1693,"LINESTRING (-97.028032 30.55967127726221, -97.58594 30.4360509097312",230.0
ARLINGTON 7 0-FORT WORTH 7 0-i_1335,"LINESTRING (-97.129704 32.6897622038762, -97.269357 32.746676750210995",161.0
TYLER 2 0-WHITEHOUSE 0-i_3057,"LINESTRING (-95.16896400000002 32.295437012742504, -95.21164399999999 32.21548565044459",115.0
JAYTON 0-HERMLEIGH 1-i_240,"LINESTRING (-100.50616700000002 32.9636812939513, -100.6368 32.58253336574679",161.0
ODESSA 6 1 - ANDREWS 1 - 3318,"LINESTRING (-102.62 31.97, -102.66 32.37",500.0
REFUGIO 0-ROCKPORT 0-i_774,"LINESTRING (-96.890059 28.28480684691641, -97.18789000000001 28.114350724206915",115.0
EDINBURG 2 0-MCALLEN 1 0-i_521,"LINESTRING (-98.17429500000003 26.27423304328131, -98.22757 26.265508557994696",115.0
CROSS PLAINS 0-BANGS 0-i_1003,"LINESTRING (-99.281758 32.0008193115799, -99.142374 31.700078367447404",161.0
ODESSA 4 0-MIDLAND 3 0-i_33,"LINESTRING (-102.40460700000001 31.71904662037811, -102.072464 31.98627734333081",115.0
ODESSA 6 0-GOLDSMITH 0-i_50,"LINESTRING (-102.621882 31.963203807831, -102.819333 31.988893517494812",115.0
HUNT 0-INGRAM 0-i_395,"LINESTRING (-99.619211 30.088885405676905, -99.336011 30.15291044343269",115.0
RICHMOND 2 0-HOUSTON 78 0-i_2426,"LINESTRING (-95.790926 29.643586968630107, -95.54263 29.649702120679894",115.0
PALO PINTO 1 1-MINGUS 0-i_1571,"LINESTRING (-98.27430000000001 32.65203807393819, -98.409168 32.449332367773415",161.0
GREENVILLE 1 0-MT. ENTERPRISE 0-i_951,"LINESTRING (-96.10840000000002 33.1646730744551, -94.601743 32.0117210377083",500.0
LEWISVILLE 1 0-FRISCO 2 1-i_1489,"LINESTRING (-96.96020600000001 33.066059471945906, -96.847707 33.143924609675196",161.0
SANTA ROSA 1 0-SEBASTIAN 1 0-i_702,"LINESTRING (-97.85801200000002 26.263226431079403, -97.65780000000001 26.342467843903417",115.0
CORPUS CHRISTI 16 0-CORPUS CHRISTI 7 0-i_539,"LINESTRING (-97.470816 27.6514925206554, -97.355165 27.656136791549095",115.0
COMMERCE 0-WOLFE CITY 0-i_1390,"LINESTRING (-95.779968 33.31025210203959, -95.93670700000001 33.41486233165111",161.0
EDCOUCH 0-HARGILL 0-i_543,"LINESTRING (-97.97128 26.368090273415003, -97.91249600000002 26.470990027327403",115.0
PATTONVILLE 0-COMMERCE 0-i_210,"LINESTRING (-95.474203 33.39623904312958, -95.779968 33.31025210203959",161.0
ROGERS 0-TEMPLE 2 0-i_1407,"LINESTRING (-97.216223 30.93400732785931, -97.24343300000001 31.069136074504993",161.0
GARLAND 1 1-ROWLETT 1 0-i_1476,"LINESTRING (-96.56768500000001 32.85519770528371, -96.546785 32.89542780297219",161.0
AUSTIN 8 0-AUSTIN 6 0-i_1638,"LINESTRING (-97.67995700000002 30.2674816280489, -97.65560000000002 30.239865928657895",115.0
HOUSTON 5 2-HOUSTON 69 0-i_2622,"LINESTRING (-95.5162 29.93296495664351, -95.49245800000001 29.954738741390297",115.0
WACO 2 0-JEWETT 1 0-i_1542,"LINESTRING (-97.08771 31.61482274425611, -96.2345 31.41575566729249",500.0
O DONNELL 2 0-COAHOMA 0-i_49,"LINESTRING (-101.56961700000001 32.92297051176409, -101.23778399999999 32.873464132594016",115.0
SAN ANGELO 2 0-SAN ANGELO 1 0-i_354,"LINESTRING (-100.55452499999998 31.262688662559217, -100.31307500000001 31.503581427543097",115.0
PASADENA 3 1-PASADENA 1 1-i_2836,"LINESTRING (-95.03140000000002 29.619996382330505, -95.19587800000001 29.72083189137611",230.0
SAN ANTONIO 36 0-SAN ANTONIO 34 0-i_1933,"LINESTRING (-98.552964 29.542783466317005, -98.525289 29.46590556313739",115.0
ARLINGTON 8 0-VENUS 0-i_1244,"LINESTRING (-97.145229 32.633137667794, -97.086728 32.4238910120167",161.0
ROSHARON 0-MISSOURI CITY 2 1-i_2666,"LINESTRING (-95.46636800000002 29.378892414497113, -95.549508 29.47091068690631",115.0
FRANKLIN 4-MARQUEZ 0-i_3017,"LINESTRING (-96.45060000000001 31.155657175467613, -96.22028000000002 31.2297255137738",115.0
MARBLE FALLS 3 0-BUCHANAN DAM 1 0-i_464,"LINESTRING (-98.199732 30.57501725802662, -98.376422 30.7254098931674",115.0
BLESSING 0-VAN VLECK 0-i_2871,"LINESTRING (-96.344868 28.851573907898892, -95.93209000000002 29.126379645204704",115.0
HENDERSON 1 0-MT. ENTERPRISE 2-i_3131,"LINESTRING (-94.69502900000002 31.919337891369405, -94.583743 31.999509893109302",115.0
LAPORTE 0-DEER PARK 0-i_2480,"LINESTRING (-95.052627 29.724273977160806, -95.12165600000002 29.720683887687706",500.0
HOUSTON 18 0-HOUSTON 14 0-i_2458,"LINESTRING (-95.27053700000002 29.716023771561908, -95.24879300000002 29.687322056705803",115.0
LUFKIN 1 0-LUFKIN 2 0-i_3051,"LINESTRING (-94.734611 31.3596849973202, -94.632414 31.2955538069836",115.0
CHRISTOVAL 0-STERLING CITY 1 0-i_333,"LINESTRING (-100.66082000000002 31.07926873175702, -100.9101 31.91998893462841",230.0
KYLE 0-SAN MARCOS 1-i_2071,"LINESTRING (-97.802976 29.90226142531001, -97.957524 29.877664809171414",230.0
WHITEWRIGHT 0-TRENTON 0-i_268,"LINESTRING (-96.38711500000001 33.48857243778679, -96.302485 33.43311659525639",161.0
HOUSTON 4 2-HOUSTON 39 0-i_2690,"LINESTRING (-95.38095999999999 29.709792264146415, -95.387702 29.750972052268914",115.0
POOLVILLE 1-PARADISE 0-i_1202,"LINESTRING (-97.8743 33.05226535834791, -97.71442200000003 33.09269513093341",161.0
LA PORTE 0-LAPORTE 2-i_2542,"LINESTRING (-95.037022 29.69233618154429, -95.04542700000002 29.719271744484594",115.0
KELLER 1 0-KELLER 2 1-i_857,"LINESTRING (-97.22154800000001 32.921591517495706, -97.27527399999998 32.925619627546986",161.0
AUSTIN 2 1-AUSTIN 27 0-i_2057,"LINESTRING (-97.5985 30.207311104921697, -97.79310000000001 30.20435503016379",230.0
CHARBRAY_SOLAR - COLORADO CITY 1 - 3235,"LINESTRING (-100.82 32.33, -100.9 32.33",500.0
SUGAR LAND 2 1-PASADENA 1 1-i_2519,"LINESTRING (-95.627376 29.564491004522885, -95.19587800000001 29.72083189137611",230.0
LINDSAY 0-GAINESVILLE 0-i_193,"LINESTRING (-97.30183400000003 33.609858861309796, -97.16735 33.655590044385484",161.0
SUNSET 0-MONTAGUE 0-i_196,"LINESTRING (-97.742818 33.4499837633856, -97.678873 33.62090863006859",161.0
SPUR 0-JAYTON 0-i_239,"LINESTRING (-100.705732 33.335037813167716, -100.50616700000002 32.9636812939513",161.0
DALLAS 25 0-DALLAS 16 0-i_1398,"LINESTRING (-96.79579 32.785320801509584, -96.769163 32.78402196988319",161.0
AUSTIN 18 0-BUDA 0-i_2013,"LINESTRING (-97.736369 30.124475012540103, -97.834412 30.076021791058913",115.0
SPRING 1 0-SPRING 2 1-i_2250,"LINESTRING (-95.35277700000002 30.097902342435898, -95.37532599999999 30.059676379401296",115.0
HOUSTON 47 0-HOUSTON 44 0-i_2440,"LINESTRING (-95.412498 29.732312177526314, -95.40131300000002 29.677747818385797",115.0
LIPAN 0-SANTO 0-i_824,"LINESTRING (-97.999849 32.520944201207215, -98.16376000000001 32.59443717146741",161.0
GREENVILLE 2 0-CADDO MILLS 0-i_1120,"LINESTRING (-96.075274 33.062420054452296, -96.21853400000002 33.0638704119112",161.0
ALEDO 1 0-PALO PINTO 1 0-i_874,"LINESTRING (-97.507 32.718176975589984, -98.29230000000001 32.65203807393819",500.0
TRENT 1 0-MERKEL 2 0-i_415,"LINESTRING (-100.22665200000002 32.4240226617666, -100.04538900000001 32.305470686533006",115.0
SAN ANTONIO 21 0-SAN ANTONIO 13 0-i_1829,"LINESTRING (-98.470985 29.586133541475096, -98.411598 29.5355682875071",115.0
FORT WORTH 24 0-CLEBURNE 1 0-i_1063,"LINESTRING (-97.416975 32.5794312130609, -97.32394000000001 32.390156103220804",161.0
BALCH SPRINGS 0-MESQUITE 2 0-i_1212,"LINESTRING (-96.616485 32.71417786694259, -96.613117 32.76928536513721",161.0
CORPUS CHRISTI 15 0-CORPUS CHRISTI 16 0-i_541,"LINESTRING (-97.47222 27.72051077002909, -97.470816 27.6514925206554",115.0
CASTRO_SOLAR 0 - NAZARETH_SOLAR 0 - 3213,"LINESTRING (-102.02 34.49, -102.1 34.49",161.0
BRYAN 3 0-HEARNE 0-i_3179,"LINESTRING (-96.30308399999998 30.7915511441138, -96.517934 30.865733921699793",115.0
WACO 4 0-WACO 1 1-i_1013,"LINESTRING (-97.143983 31.50761769261729, -97.06225399999998 31.469530192503402",161.0
HOUSTON 23 0-HOUSTON 36 0-i_2730,"LINESTRING (-95.310727 29.7706791345648, -95.37595300000001 29.82909159377739",115.0
SPRING 7 1-KATY 2 0-i_2640,"LINESTRING (-95.52027900000002 30.038382843429996, -95.737823 29.743180448514394",230.0
BURLESON 0-ALEDO 1 0-i_875,"LINESTRING (-97.302227 32.530237882444496, -97.507 32.718176975589984",500.0
ATHENS 2 0-MALAKOFF 0-i_3165,"LINESTRING (-95.897047 32.08824814114829, -96.00523 32.12137235351071",115.0
FARMERSVILLE 0-PRINCETON 0-i_905,"LINESTRING (-96.35240400000002 33.17180837628631, -96.479557 33.14933575839979",161.0
FLOWER MOUND 2 0-ARGYLE 0-i_1065,"LINESTRING (-97.121306 33.03247555130001, -97.17018200000001 33.11226273988471",161.0
IRVING 2 0-DALLAS 31 0-i_1474,"LINESTRING (-96.938508 32.882840459395084, -96.83320000000002 32.922865552302085",161.0
FORT WORTH 18 0-FORT WORTH 25 0-i_1419,"LINESTRING (-97.355932 32.81408258467941, -97.430235 32.91110423103041",161.0
ROSCOE 6 0-SWEETWATER 2 0-i_322,"LINESTRING (-100.564539 32.40913365872381, -100.4129 32.28474629503489",115.0
RIESEL 1 1-MART 0-i_1404,"LINESTRING (-96.92114900000001 31.468237107671296, -96.793449 31.554859797419915",161.0
KINGWOOD 1 0-HUFFMAN 0-i_2601,"LINESTRING (-95.154343 30.050612151206995, -95.09525800000002 30.060675404555806",115.0
GRAND PRAIRIE 3 1-DALLAS 44 0-i_1099,"LINESTRING (-97.016052 32.662528464797305, -96.961022 32.63365168172731",161.0
GRANBURY 2 0-GRANBURY 1 0-i_1452,"LINESTRING (-97.693356 32.40062438513922, -97.713686 32.34030338183329",500.0
RALLS 1 0 - JUNO_SOLAR - 3217,"LINESTRING (-101.37200000000001 33.6551180115106, -101.74 32.65",500.0
MIDLAND 4 0-BIG SPRING 2 0-i_41,"LINESTRING (-102.12336600000002 31.973319480887792, -101.2893 31.9299895992278",115.0
AUSTIN 8 0-AUSTIN 16 0-i_1951,"LINESTRING (-97.67995700000002 30.2674816280489, -97.720203 30.279685937317403",115.0
GRAFORD 0-PALO PINTO 2 0-i_1103,"LINESTRING (-98.31527400000002 32.89894887154901, -98.26787900000001 32.758041271680085",161.0
FRYE_SOLAR 0 - LAMESA 1 - 3207,"LINESTRING (-102.02 34.41, -102.124506 32.923604555071414",500.0
TYLER 4 1-TYLER 2 0-i_3039,"LINESTRING (-95.280623 32.31585238389079, -95.16896400000002 32.295437012742504",115.0
LORAINE 1 0-COLORADO CITY 0-i_340,"LINESTRING (-100.73540000000001 32.431423160476406, -100.909356 32.3084198846158",115.0
CYPRESS 2 0-KATY 4 0-i_2773,"LINESTRING (-95.74403 29.931834166708203, -95.82785600000001 29.8507171346678",115.0
INDUSTRY 0-BELLVILLE 0-i_2015,"LINESTRING (-96.442051 30.01801894553449, -96.243942 29.98088061195642",115.0
NEW BRAUNFELS 2 2-NEW BRAUNFELS 3 0-i_1765,"LINESTRING (-98.066406 29.689372510142487, -98.186862 29.75632277632369",115.0
YOAKUM 0-CUERO 2 0-i_1682,"LINESTRING (-97.06553300000002 29.196052911725797, -97.27161300000002 29.090743466577308",230.0
MCKINNEY 3 0-DALLAS 2 0-i_1025,"LINESTRING (-96.69195 33.1696223161641, -96.92860000000002 32.72067704351759",500.0
ABILENE 2 1-ABILENE 3 0-i_350,"LINESTRING (-99.4568 32.6195358711552, -99.656323 32.5704215462153",115.0
PROSPER 0-PLANO 6 0-i_1004,"LINESTRING (-96.804389 33.2394932395275, -96.799086 33.073008662549604",161.0
MARION 1 2-CIBOLO 0-i_1632,"LINESTRING (-98.1275 29.616889102008297, -98.21695199999999 29.572499203165",115.0
LAPORTE 2-BAYTOWN 3 1-i_2541,"LINESTRING (-95.04542700000002 29.719271744484594, -94.982877 29.751016643956905",115.0
HOUSTON 30 0-HOUSTON 69 0-i_2775,"LINESTRING (-95.34981200000001 29.985310509065613, -95.49245800000001 29.954738741390297",115.0
SUNNYVALE 0-ROCKWALL 1 0-i_1247,"LINESTRING (-96.543963 32.798089149110396, -96.43257000000001 32.84926154341491",161.0
THREE RIVERS 0-SAN DIEGO 0-i_773,"LINESTRING (-98.56418600000002 28.304007990713806, -98.376775 27.84319173700189",115.0
AUSTIN 7 0-PFLUGERVILLE 2-i_1698,"LINESTRING (-97.669867 30.379996483554205, -97.59026000000001 30.432326155775396",115.0
SAN ANTONIO 42 0-SAN ANTONIO 35 0-i_1617,"LINESTRING (-98.58981100000003 29.368926168767107, -98.52753600000001 29.30295554409579",115.0
DEPORT 0-PARIS 3 0-i_127,"LINESTRING (-95.311088 33.476640610556494, -95.335733 33.677877597073206",161.0
FULSHEAR 0-RICHMOND 2 0-i_2427,"LINESTRING (-95.951677 29.58992263551939, -95.790926 29.643586968630107",115.0
TYLER 5 0-TYLER 6 0-i_3192,"LINESTRING (-95.298879 32.46348032193621, -95.306262 32.356352106241104",115.0
FERRIS 0-FORRESTON 0-i_1304,"LINESTRING (-96.674449 32.437442377318696, -96.833324 32.2314217183227",161.0
SPRING 8 0-CONROE 5 0-i_2270,"LINESTRING (-95.543891 30.192495730313592, -95.434228 30.304888576333003",230.0
PLANO 7 0-CARROLLTON 2 0-i_1122,"LINESTRING (-96.808007 33.031810533078, -96.893142 33.0028467397653",161.0
MISSION 3 0-MISSION 4 1-i_593,"LINESTRING (-98.36105400000001 26.312459171317595, -98.354566 26.222276155465096",115.0
BLESSING 0-LOLITA 0-i_2523,"LINESTRING (-96.344868 28.851573907898892, -96.512612 28.826954415499188",115.0
CORAZON_SOLAR - CORPUS CHRISTI 3 0 - 3261,"LINESTRING (-98.74 27.49, -97.2937 27.58087585581529",230.0
WHARTON 2 0-HUNGERFORD 0-i_2735,"LINESTRING (-96.182821 29.342819929568304, -96.07641800000002 29.410175081876318",115.0
ROCKDALE 2 0-CAMERON 0-i_1891,"LINESTRING (-96.82155 30.694193889756196, -96.89860100000001 30.884950160970885",115.0
DALLAS 3 1-BALCH SPRINGS 0-i_1527,"LINESTRING (-96.66990900000002 32.707882695939915, -96.616485 32.71417786694259",161.0
MANVEL 0-HOUSTON 25 0-i_2787,"LINESTRING (-95.357802 29.47895388584201, -95.320621 29.616210288273706",115.0
MINEOLA 0-VAN 0-i_3025,"LINESTRING (-95.415745 32.81038083324151, -95.63497699999999 32.52909875219931",115.0
SAN ANTONIO 1 2-SAN ANTONIO 16 0-i_1926,"LINESTRING (-98.32889999999999 29.41886597508869, -98.44027400000002 29.342735523366617",115.0
MILLHOUSE_SOLAR - ALICE 0 - 3285,"LINESTRING (-98.1 27.73, -98.06671999999999 27.653542640230786",115.0
HERMLEIGH 0-ROSCOE 2 0-i_366,"LINESTRING (-100.6548 32.58253336574679, -100.64840000000001 32.4633253114801",230.0
HOUSTON 12 0-PEARLAND 1 0-i_2367,"LINESTRING (-95.187592 29.6168613044459, -95.276139 29.55904886955949",115.0
CEDAR PARK 2-LEANDER 1 2-i_1659,"LINESTRING (-97.81988 30.497745324081908, -97.903577 30.5563510651253",115.0
DALLAS 26 0-DALLAS 24 0-i_828,"LINESTRING (-96.798192 32.9422050808012, -96.793734 32.9672827665192",161.0
HICO 0-TOLAR 0-i_1109,"LINESTRING (-97.87360000000001 31.995374949031408, -97.91535399999998 32.356567120702316",161.0
HOUSTON 67 0-HOUSTON 53 0-i_2492,"LINESTRING (-95.48639300000002 29.915198749571104, -95.43236600000002 29.85056913096469",115.0
HASLET 0-NEWARK 0-i_1052,"LINESTRING (-97.373655 32.98420822958651, -97.440809 32.998434618972404",161.0
LIVERPOOL 0-MANVEL 0-i_2402,"LINESTRING (-95.27791000000002 29.282031029479104, -95.357802 29.47895388584201",115.0
KILLEEN 2 0-HARKER HEIGHTS 0-i_1528,"LINESTRING (-97.720602 31.100554626402104, -97.63562500000002 31.038518579129782",161.0
DALLAS 1 0-DALLAS 3 0-i_922,"LINESTRING (-96.63724400000001 32.646186021553305, -96.674229 32.707882695939915",500.0
SHERMAN 1 0-MCKINNEY 3 0-i_265,"LINESTRING (-96.599893 33.57657454698819, -96.69195 33.1696223161641",500.0
ROYSE CITY 0-QUINLAN 0-i_928,"LINESTRING (-96.371725 32.943086104883896, -96.10435499999998 32.91866521771729",161.0
FLORESVILLE 0-KENEDY 0-i_2106,"LINESTRING (-98.06960600000001 29.067153025708105, -97.884158 28.72709737424611",230.0
HICO 0-GLEN ROSE 2 0-i_1111,"LINESTRING (-97.87360000000001 31.995374949031408, -97.786247 32.20239077330778",161.0
TREVINO_SOLAR 1 - EAGLE PASS 0 - 3288,"LINESTRING (-100.3 28.65, -100.26608800000001 28.47006691240151",230.0
PROGRESO 0-SAN BENITO 0-i_518,"LINESTRING (-97.95314 26.076710093046994, -97.620292 26.09962035920391",115.0
HOUSTON 4 2-HOUSTON 33 0-i_2337,"LINESTRING (-95.38095999999999 29.709792264146415, -95.360152 29.722391930254705",115.0
LLANO 0-WILLOW CITY 0-i_315,"LINESTRING (-98.90926599999999 30.647551899745288, -98.699714 30.430861062516918",115.0
PFLUGERVILLE 0-ROUND ROCK 3 0-i_1690,"LINESTRING (-97.59026000000001 30.4360509097312, -97.642886 30.499265520933893",500.0
DAYTON 0-BAYTOWN 2 1-i_2292,"LINESTRING (-94.91767400000002 30.0519431847122, -94.8875 29.770600132592996",230.0
SAN ANTONIO 27 0-SAN ANTONIO 39 0-i_2063,"LINESTRING (-98.490053 29.462103469130412, -98.567338 29.4186243948924",115.0
KATY 2 0-SUGAR LAND 3 1-i_2285,"LINESTRING (-95.737823 29.743180448514394, -95.69944900000002 29.667501563415392",230.0
JAYTON 0-ASPERMONT 0-i_228,"LINESTRING (-100.50616700000002 32.9636812939513, -100.236133 33.17703792464359",161.0
MISSION 1 0-SAN JUAN 0-i_599,"LINESTRING (-98.38120000000002 26.175696438298097, -98.110512 26.138075486785393",230.0
AUSTIN 35 0-AUSTIN 32 0-i_1906,"LINESTRING (-97.891423 30.375404366823716, -97.86559 30.265650581658207",115.0
GRANDVIEW 0-VENUS 0-i_1046,"LINESTRING (-97.15716 32.278488100975004, -97.086728 32.4238910120167",161.0
SAN ANTONIO 12 0-SAN ANTONIO 47 1-i_1709,"LINESTRING (-98.40249100000001 29.58335747258072, -98.65599600000002 29.50094643004501",230.0
JACKSONVILLE 2 0-RUSK 0-i_3095,"LINESTRING (-95.24798 31.939027199986402, -95.18367000000002 31.773204201401093",115.0
HOUSTON 47 0-HOUSTON 60 0-i_2439,"LINESTRING (-95.412498 29.732312177526314, -95.457305 29.701517410182394",115.0
WALNUT SPRINGS 0-GLEN ROSE 2 0-i_1298,"LINESTRING (-97.727712 32.07742141847481, -97.786247 32.20239077330778",161.0
BRYSON 1 0-POOLVILLE 0-i_1283,"LINESTRING (-98.34706899999999 33.19977648884561, -97.89230000000002 33.05226535834791",500.0
SILVER 0-STERLING CITY 1 0-i_377,"LINESTRING (-100.6737 32.043897182145, -100.9101 31.91998893462841",230.0
SNYDER 2 0-FLUVANNA 2 0-i_455,"LINESTRING (-100.93666100000002 32.7410021133028, -101.12978400000001 32.9418878041982",230.0
SAINT JO 0-NOCONA 0-i_247,"LINESTRING (-97.526329 33.73537960720182, -97.95480200000002 33.78709021859431",161.0
SPRING 5 0-CONROE 6 0-i_2726,"LINESTRING (-95.49736000000001 30.17575830730649, -95.49208100000001 30.231356713271317",115.0
PLANO 3 0-PLANO 4 0-i_957,"LINESTRING (-96.72723100000002 33.05434215064129, -96.736408 33.087672064856704",161.0
WICHITA FALLS 7 0-WICHITA FALLS 2 0-i_192,"LINESTRING (-98.53467000000002 33.888964347587915, -98.58040000000001 33.8565210752066",161.0
SUGAR LAND 3 0-FREEPORT 2 0-i_2278,"LINESTRING (-95.703769 29.667501563415392, -95.396681 28.98499101570269",500.0
HOUSTON 83 0-HOUSTON 79 0-i_2442,"LINESTRING (-95.581217 29.697186302317807, -95.55665400000001 29.738824339888897",115.0
HOUSTON 73 0-HOUSTON 77 0-i_2227,"LINESTRING (-95.519364 29.81339420138271, -95.53093700000001 29.699345356086404",115.0
GRAND PRAIRIE 1 0-DALLAS 2 1-i_1179,"LINESTRING (-96.99286199999999 32.72701721580269, -96.92139999999999 32.72067704351759",161.0
RIO VISTA 0-KOPPERL 0-i_1203,"LINESTRING (-97.386815 32.10241308697401, -97.566601 32.11143968989531",161.0
EDINBURG 3 0-MISSION 4 1-i_491,"LINESTRING (-98.267935 26.4439225117601, -98.354566 26.222276155465096",115.0
BIG SPRING 2 0-SAN ANGELO 3 0-i_120,"LINESTRING (-101.2893 31.9299895992278, -101.046625 31.79662875198021",115.0
LAREDO 5 0-LAREDO 1 1-i_733,"LINESTRING (-99.431389 27.539019973091495, -99.4729 27.56031721101819",115.0
CALVERT 0-BREMOND 2-i_3158,"LINESTRING (-96.679981 30.9969373969415, -96.67343000000001 31.07650963202719",115.0
JACKSONVILLE 2 0-JACKSONVILLE 1 2-i_3175,"LINESTRING (-95.24798 31.939027199986402, -94.953834 31.921518327109002",115.0
CONROE 5 0-SHIRO 1-i_2272,"LINESTRING (-95.434228 30.304888576333003, -95.8818 30.586201973123906",230.0
ANGLETON 0 - WESTORIA_SOLAR 1 - 3242,"LINESTRING (-95.43928800000002 29.16863423160271, -95.54 29.17",230.0
DESOTO 0-DALLAS 38 0-i_1030,"LINESTRING (-96.860475 32.5970006887262, -96.869456 32.66319348283831",161.0
SAN ANTONIO 43 0-LACKLAND A F B 0-i_1860,"LINESTRING (-98.61415500000001 29.46895663858341, -98.61513400000001 29.388773658206212",115.0
HOUSTON 38 0-ROSHARON 0-i_2889,"LINESTRING (-95.38326299999999 29.608146087973797, -95.46636800000002 29.378892414497113",115.0
GORDON 0-MILLSAP 0-i_1271,"LINESTRING (-98.32460400000001 32.58153629827119, -97.984148 32.69839721922762",161.0
STRAWN 0-BRECKENRIDGE 0-i_1156,"LINESTRING (-98.657449 32.75331795051979, -98.883466 32.79822000528059",161.0
CHICO 0-SUNSET 0-i_197,"LINESTRING (-97.848678 33.3098660753984, -97.742818 33.4499837633856",161.0
CHANNELVIEW 1 2-CHANNELVIEW 2 0-i_2823,"LINESTRING (-95.09333 29.8061044515485, -95.047291 29.830040617506594",115.0
COLLEGE STATION 1 0-COLLEGE STATION 2 0-i_3148,"LINESTRING (-96.261783 30.555184990626806, -96.315184 30.6028960409023",230.0
MISSION 4 0-ARMSTRONG 1 0-i_588,"LINESTRING (-98.365366 26.222276155465096, -97.5814 26.994684632791703",230.0
HOUSTON 72 0-HOUSTON 60 0-i_2259,"LINESTRING (-95.51758300000002 29.649890125355, -95.457305 29.701517410182394",115.0
MARBLE FALLS 2 0-SAN ANTONIO 2 0-i_1743,"LINESTRING (-98.3132 30.549799646599485, -98.6067 29.586395547977702",500.0
IRAAN 1 0-IRAAN 3 0-i_97,"LINESTRING (-102.0777 30.911622882268297, -101.9118 30.878520746255205",115.0
GARLAND 1 1-ROWLETT 1 0-i_1478,"LINESTRING (-96.56768500000001 32.85519770528371, -96.546785 32.89542780297219",161.0
MERCEDES 0-HARLINGEN 1 0-i_535,"LINESTRING (-97.822112 26.1423677244398, -97.658502 26.249065643788807",115.0
ARANSAS PASS 0-INGLESIDE 0-i_720,"LINESTRING (-97.083196 27.8666631152145, -97.179571 27.861571816168503",115.0
MISSION 3 0-MISSION 2 0-i_678,"LINESTRING (-98.36105400000001 26.312459171317595, -98.29097700000001 26.289978919501213",115.0
JOSEPHINE 0-NEVADA 0-i_1324,"LINESTRING (-96.305404 33.063805410128595, -96.389731 33.05937528864429",161.0
HOUSTON 90 0-ALVIN 0-i_2757,"LINESTRING (-95.6556 29.824987491167203, -95.18288 29.422491490378206",500.0
BEDFORD 1 0-COLLEYVILLE 0-i_1356,"LINESTRING (-97.126843 32.85055157858969, -97.14604099999998 32.88936863757011",161.0
SARITA 1 0-ARMSTRONG 1 0-i_766,"LINESTRING (-97.77116700000002 27.21665334296649, -97.5814 26.994684632791703",230.0
ARMSTRONG 1 1-SARITA 3 0-i_510,"LINESTRING (-97.5634 26.994684632791703, -97.4969 27.0637885794484",115.0
HORSESHOE BAY 0-JOHNSON CITY 0-i_1652,"LINESTRING (-98.368752 30.524698043778102, -98.350569 30.396050847912687",115.0
ARCHER 2 0-OLNEY 1 1-i_235,"LINESTRING (-98.57294400000002 33.4870513323145, -98.675944 33.377598754067705",161.0
EARLY 0-ZEPHYR 0-i_848,"LINESTRING (-98.796134 31.83644839017251, -98.767277 31.680550078225306",161.0
COAHOMA 0-FLUVANNA 1 0-i_54,"LINESTRING (-101.23778399999999 32.873464132594016, -101.21039700000001 32.91939626764481",115.0
PASADENA 1 2-HOUSTON 14 0-i_2556,"LINESTRING (-95.203078 29.713328191541795, -95.24879300000002 29.687322056705803",115.0
HOUSTON 36 0-HOUSTON 29 0-i_2318,"LINESTRING (-95.37595300000001 29.82909159377739, -95.337809 29.86090238954111",115.0
OVALO 0-GOLDSBORO 0-i_418,"LINESTRING (-99.744027 32.11415087101501, -99.68565000000001 32.04597232051239",115.0
SAN MARCOS 2-KYLE 1-i_2072,"LINESTRING (-97.96184400000001 29.875167555813093, -97.79865600000001 29.90226142531001",115.0
TERRELL 2 0-MESQUITE 1 0-i_1325,"LINESTRING (-96.297723 32.7559860033655, -96.555388 32.7232401131618",161.0
FORT WORTH 14 0-FORT WORTH 8 0-i_890,"LINESTRING (-97.331506 32.63660376175239, -97.271334 32.61763224758379",161.0
SAN ANTONIO 1 0-SAN ANTONIO 37 0-i_1920,"LINESTRING (-98.3361 29.426391586690492, -98.56513100000001 29.499201386850604",500.0
DEER PARK 1-HOUSTON 4 1-i_2483,"LINESTRING (-95.114456 29.720683887687706, -95.38095999999999 29.718546834432193",230.0
BONHAM 0-WHITEWRIGHT 0-i_179,"LINESTRING (-96.23165400000002 33.7023213010139, -96.38711500000001 33.48857243778679",161.0
CORPUS CHRISTI 14 0-CORPUS CHRISTI 13 0-i_709,"LINESTRING (-97.436795 27.8463549371006, -97.43697400000003 27.767879321957103",115.0
HOUSTON 88 0-HOUSTON 71 0-i_2464,"LINESTRING (-95.64602700000002 29.691970172431013, -95.51212500000001 29.685445009977308",115.0
ROUND ROCK 1 0-GEORGETOWN 2 0-i_1811,"LINESTRING (-97.68668599999998 30.55456393284689, -97.749577 30.645446258327613",115.0
SAN ANGELO 2 0-CHRISTOVAL 1-i_336,"LINESTRING (-100.55452499999998 31.262688662559217, -100.64282000000001 31.07926873175702",115.0
INGLESIDE 0-GREGORY 1-i_639,"LINESTRING (-97.179571 27.861571816168503, -97.222417 27.882926070783",115.0
FRIENDSWOOD 0-ALVIN 2-i_2893,"LINESTRING (-95.188533 29.51256771776159, -95.17856 29.416219945331907",115.0
ARCHER CITY 0-THROCKMORTON 0-i_273,"LINESTRING (-98.875782 33.52139371461991, -99.256034 33.181686244327715",161.0
ATASCOSA 0-LYTLE 0-i_798,"LINESTRING (-98.73366699999998 29.2805229924034, -98.773094 29.201165043814118",115.0
HOUSTON 29 0-HOUSTON 16 0-i_2316,"LINESTRING (-95.337809 29.86090238954111, -95.252651 29.7571647973307",115.0
RALLS 1 2-RALLS 2 0-i_125,"LINESTRING (-101.35400000000001 33.64612774620488, -101.522037 33.6526778415705",161.0
MABANK 1 0-KEMP 0-i_1319,"LINESTRING (-96.070558 32.4305991049394, -96.236039 32.3606043922518",161.0
VENUS 0-MAYPEARL 0-i_1262,"LINESTRING (-97.086728 32.4238910120167, -97.033619 32.29993267680521",161.0
RED ROCK 0-CEDAR CREEK 2 0-i_1910,"LINESTRING (-97.34899600000001 29.837767643997417, -97.491504 30.091606183739195",115.0
MOUNT PLEASANT 2 0 - PINE_FOREST_SOLAR 1 - 3249,"LINESTRING (-95.15070000000001 33.32883538486579, -95.34 33.21",230.0
SAN ANTONIO 3 0-NEW BRAUNFELS 3 0-i_1882,"LINESTRING (-98.33552000000002 29.653697220031198, -98.186862 29.75632277632369",115.0
AUSTIN 34 0-AUSTIN 31 0-i_1674,"LINESTRING (-97.885062 30.1759293116273, -97.852406 30.213679265992294",115.0
HOUSTON 5 2-HOUSTON 69 0-i_2623,"LINESTRING (-95.5162 29.93296495664351, -95.49245800000001 29.954738741390297",115.0
HOUSTON 75 0-HOUSTON 58 0-i_2656,"LINESTRING (-95.523499 29.8720776692792, -95.449019 29.878989842351405",115.0
GRAND PRAIRIE 1 0-DALLAS 2 1-i_1177,"LINESTRING (-96.99286199999999 32.72701721580269, -96.92139999999999 32.72067704351759",161.0
INDIGO_SOLAR - HAMLIN 0 - 3350,"LINESTRING (-100.18 32.73, -100.115032 32.85095559771551",115.0
BRACKETTVILLE 2 0-BRACKETTVILLE 3 0-i_423,"LINESTRING (-100.200167 29.2284388980824, -100.430985 29.389347796990716",115.0
FORT WORTH 25 0-FORT WORTH 27 0-i_1418,"LINESTRING (-97.430235 32.91110423103041, -97.47857800000001 32.84490642467502",161.0
IOWA PARK 0-WICHITA FALLS 2 0-i_141,"LINESTRING (-98.712096 33.96732584406029, -98.58040000000001 33.8565210752066",161.0
CEDAR CREEK 1 0-AUSTIN 2 0-i_2101,"LINESTRING (-97.5428 30.143309487828606, -97.60570000000001 30.207311104921697",500.0
PRESIDIO 1 0-MARFA 0-i_21,"LINESTRING (-104.29100000000001 29.593739442223804, -103.996761 30.27907842299599",115.0
DALLAS 13 0-DALLAS 11 0-i_1068,"LINESTRING (-96.753246 32.7481797910802, -96.74276200000001 32.76821333597079",161.0
WINDTHORST 0-WICHITA FALLS 5 0-i_229,"LINESTRING (-98.44862699999999 33.506624689839285, -98.50084000000001 33.79310163873919",161.0
EMORY 0-WILLS POINT 0-i_3121,"LINESTRING (-95.740061 32.87468621595572, -95.98566600000001 32.69721013863919",115.0
ARLINGTON 1 1-ARLINGTON 6 0-i_987,"LINESTRING (-97.12769 32.772671457267094, -97.09645200000001 32.782530725569714",161.0
HOUSTON 10 0-PASADENA 2 2-i_2193,"LINESTRING (-95.16952100000002 29.761429903746293, -95.162079 29.715995970726297",115.0
CLEBURNE 2 0-NEMO 0-i_888,"LINESTRING (-97.499356 32.270575344012904, -97.64614100000001 32.26013364350169",161.0
DUBLIN 2 0-HICO 0-i_1112,"LINESTRING (-98.33962000000001 32.06919986983959, -97.87360000000001 31.995374949031408",161.0
HOUSTON 89 0-HOUSTON 81 0-i_2750,"LINESTRING (-95.64763400000001 29.90671853700871, -95.577168 29.856102269414208",115.0
CORPUS CHRISTI 14 0-CORPUS CHRISTI 13 0-i_708,"LINESTRING (-97.436795 27.8463549371006, -97.43697400000003 27.767879321957103",115.0
AUSTIN 29 0-AUSTIN 27 1-i_2034,"LINESTRING (-97.82039800000001 30.16462002592501, -97.78878 30.20435503016379",115.0
EL CAMPO 1-WHARTON 2 0-i_2365,"LINESTRING (-96.258985 29.206043524274207, -96.182821 29.342819929568304",115.0
ELGIN 0-MANOR 0-i_1673,"LINESTRING (-97.35762400000002 30.336098368327097, -97.51991200000002 30.33721039656011",115.0
HOUSTON 19 0-HOUSTON 21 0-i_2917,"LINESTRING (-95.27303000000002 29.644508991553792, -95.30055900000002 29.68311895207441",115.0
MURCHISON 0-PALESTINE 2 0-i_3072,"LINESTRING (-95.634712 32.15246143180049, -95.80446800000001 31.939893257563998",115.0
EDEN 0-ROWENA 0-i_484,"LINESTRING (-99.88721200000002 31.2166066591552, -99.673323 31.405359986423505",115.0
AUSTIN 15 0-ROUND ROCK 2 0-i_2039,"LINESTRING (-97.714196 30.427453690840206, -97.64199 30.540875583132394",115.0
RIO GRANDE CITY 0-FALFURRIAS 0-i_742,"LINESTRING (-98.51263200000001 26.57648994821521, -98.207213 26.8740947680303",115.0
ROWLETT 2 0-DALLAS 7 0-i_1180,"LINESTRING (-96.55276700000002 32.93565990190759, -96.704219 32.87607827486651",161.0
DALLAS 24 0-DALLAS 19 0-i_825,"LINESTRING (-96.793734 32.9672827665192, -96.784613 32.994957523788216",161.0
CORPUS CHRISTI 3 0-ARMSTRONG 1 0-i_687,"LINESTRING (-97.2937 27.58087585581529, -97.5814 26.994684632791703",230.0
RICE 0-ENNIS 1-i_1290,"LINESTRING (-96.46650900000002 32.22302215540821, -96.66060000000002 32.317566150555116",161.0
YOAKUM 0-COLUMBUS 0-i_1683,"LINESTRING (-97.06553300000002 29.196052911725797, -96.41466 29.689724408088615",230.0
STAFFORD 0-HOUSTON 65 0-i_2916,"LINESTRING (-95.564368 29.621806427300708, -95.48255 29.618232338505507",115.0
HOUSTON 72 0-HOUSTON 63 0-i_2258,"LINESTRING (-95.51758300000002 29.649890125355, -95.471696 29.650915150844583",115.0
HOUSTON 40 0-HOUSTON 54 0-i_2570,"LINESTRING (-95.38892700000001 29.88786306457909, -95.43539600000001 30.00574602260961",115.0
THORNTON 0-GROESBECK 0-i_843,"LINESTRING (-96.59995200000002 31.293435668715805, -96.51101300000002 31.496916989935094",161.0
DUBLIN 1 0-EASTLAND 0-i_1158,"LINESTRING (-98.46711100000002 32.3325275044075, -98.65502 32.4898020981083",161.0
VON ORMY 0-LYTLE 0-i_799,"LINESTRING (-98.618842 29.241402031207986, -98.773094 29.201165043814118",115.0
SAN ANTONIO 20 0-SAN ANTONIO 7 0-i_2117,"LINESTRING (-98.46080100000002 29.393266769048108, -98.368289 29.352429762194802",115.0
NEVADA 0-LAVON 0-i_1323,"LINESTRING (-96.389731 33.05937528864429, -96.450483 33.01023694212291",161.0
LUFKIN 3 0-WILLIS 2 0-i_2579,"LINESTRING (-94.81537 31.334633359527395, -95.353072 30.46516824736051",230.0
SAN PERLITA 0-CORPUS CHRISTI 3 0-i_689,"LINESTRING (-97.68031099999999 26.46883290649291, -97.2937 27.58087585581529",230.0
HOUSTON 19 0-HOUSTON 27 0-i_2723,"LINESTRING (-95.27303000000002 29.644508991553792, -95.331533 29.66437748569099",115.0
ROUND ROCK 1 0-ROUND ROCK 4 1-i_1812,"LINESTRING (-97.68668599999998 30.55456393284689, -97.716978 30.5318743532431",115.0
SYNDER 0-ROTAN 0-i_470,"LINESTRING (-100.729949 32.733237585622604, -100.489206 32.88577197227201",115.0
HOUSTON 4 2-HOUSTON 33 0-i_2336,"LINESTRING (-95.38095999999999 29.709792264146415, -95.360152 29.722391930254705",115.0
MIDLOTHIAN 1 1-MIDLOTHIAN 2 0-i_1393,"LINESTRING (-97.04506000000002 32.42776911654429, -96.98711 32.46683717017669",161.0
WICHITA FALLS 4 0-WICHITA FALLS 1 1-i_171,"LINESTRING (-98.48204600000001 33.8585362162946, -98.4571 33.90732463442219",161.0
AUSTIN 20 0-AUSTIN 14 0-i_1858,"LINESTRING (-97.73898900000002 30.268081643251207, -97.71109600000001 30.293693179602993",115.0
WINCHESTER 2-SMITHVILLE 0-i_1847,"LINESTRING (-96.95150000000001 30.022516305786304, -97.173148 30.00766429463919",115.0
SAN ANTONIO 4 0-SAN ANTONIO 8 0-i_2146,"LINESTRING (-98.34448300000001 29.4716397049353, -98.38376100000002 29.444142025181716",115.0
ADKINS 0-SAN ANTONIO 35 0-i_1838,"LINESTRING (-98.234708 29.3510427280193, -98.52753600000001 29.30295554409579",115.0
AUSTIN 31 0-AUSTIN 27 1-i_1676,"LINESTRING (-97.852406 30.213679265992294, -97.78878 30.20435503016379",115.0
COLLEGE STATION 2 1-SOMERVILLE 0-i_2157,"LINESTRING (-96.30438399999998 30.6028960409023, -96.429114 30.4650952427088",115.0
HOUSTON 19 0-HOUSTON 21 0-i_2918,"LINESTRING (-95.27303000000002 29.644508991553792, -95.30055900000002 29.68311895207441",115.0
AUSTIN 30 0-AUSTIN 28 0-i_2001,"LINESTRING (-97.836485 30.428265711512395, -97.79894500000002 30.416073401176394",115.0
HOUSTON 43 0-HOUSTON 64 0-i_2749,"LINESTRING (-95.41254800000002 29.704285479127485, -95.47577200000002 29.6728366961662",115.0
HOUSTON 9 0-HOUSTON 20 0-i_2219,"LINESTRING (-95.14544 29.8304296272335, -95.29638 29.860034367816805",115.0
CONROE 1 0-CONROE 2 0-i_2206,"LINESTRING (-95.308797 30.2833530302671, -95.335211 30.21936440981331",115.0
DALLAS 12 0-DALLAS 7 0-i_1192,"LINESTRING (-96.74393899999998 32.87106613811552, -96.704219 32.87607827486651",161.0
SAN ANTONIO 14 0-SAN ANTONIO 12 1-i_1711,"LINESTRING (-98.423468 29.624710499456985, -98.398171 29.58335747258072",115.0
WACO 1 0-COPPERAS COVE 0-i_1163,"LINESTRING (-97.07305400000001 31.469530192503402, -97.957424 31.212887416926495",500.0
SAN ANTONIO 15 0-SAN ANTONIO 4 0-i_1837,"LINESTRING (-98.434954 29.458089369893397, -98.34448300000001 29.4716397049353",115.0
BLOOMINGTON 0-INEZ 0-i_2177,"LINESTRING (-96.78515700000001 28.689246089291387, -96.880623 28.832742766276297",115.0
THOMPSONS 1-MISSOURI CITY 2 0-i_2663,"LINESTRING (-95.6167 29.480292918965713, -95.553828 29.47091068690631",230.0
SPANISH CROWN 1 - TEMPLE 3 0 - 3295,"LINESTRING (-97.26 31.13, -97.36462600000002 31.1317221372152",161.0
LUFKIN 3 1-LUFKIN 1 0-i_3008,"LINESTRING (-94.80457 31.334633359527395, -94.734611 31.3596849973202",115.0
BIG LAKE 0-CHRISTOVAL 1-i_75,"LINESTRING (-101.16378300000001 31.266396904417704, -100.64282000000001 31.07926873175702",115.0
HOUSTON 67 0-HOUSTON 69 0-i_2491,"LINESTRING (-95.48639300000002 29.915198749571104, -95.49245800000001 29.954738741390297",115.0
AUSTIN 7 0-AUSTIN 23 0-i_1771,"LINESTRING (-97.669867 30.379996483554205, -97.757464 30.400169996549405",115.0
MENARD 0-JUNCTION 0-i_489,"LINESTRING (-100.098479 30.891365574860888, -100.06015 30.452463437998798",115.0
JONESBORO 0-HAMILTON 0-i_1143,"LINESTRING (-97.795426 31.762881518419913, -98.178029 31.68068708726791",161.0
HOUSTON 1 0-HOUSTON 34 0-i_2215,"LINESTRING (-95.25029999999998 29.808301074107792, -95.36399000000002 29.792844687980903",115.0
BEN WHEELER 0-MURCHISON 0-i_3043,"LINESTRING (-95.652983 32.42190051877701, -95.634712 32.15246143180049",115.0
TEXAS CITY 2 0-BACLIFF 0-i_2248,"LINESTRING (-94.99365400000003 29.39669385360231, -94.98364700000002 29.504655521862414",115.0
AUSTIN 21 0-CEDAR PARK 2-i_1873,"LINESTRING (-97.74471200000002 30.489897281967203, -97.81988 30.497745324081908",115.0
GLEN ROSE 1 1-GLEN ROSE 2 0-i_1354,"LINESTRING (-97.749515 32.29227880069791, -97.786247 32.20239077330778",161.0
MCALLEN 1 0-MISSION 2 0-i_738,"LINESTRING (-98.22757 26.265508557994696, -98.29097700000001 26.289978919501213",115.0
GARLAND 2 0-SACHSE 0-i_1200,"LINESTRING (-96.61618200000001 32.9264846511817, -96.577283 32.96659174761798",161.0
TELEPHONE 0-BONHAM 0-i_180,"LINESTRING (-95.98782300000002 33.77273121529389, -96.23165400000002 33.7023213010139",161.0
HOUSTON 32 0-HOUSTON 33 0-i_2340,"LINESTRING (-95.35621 29.751123646625995, -95.360152 29.722391930254705",115.0
RAYOS_DEL_SOL - ARROYO_SOLAR - 3267,"LINESTRING (-97.5 26.29, -97.62 26.29",230.0
SUGAR LAND 3 2-HOUSTON 88 0-i_2288,"LINESTRING (-95.703769 29.66374779180091, -95.64602700000002 29.691970172431013",115.0
FORT WORTH 13 0-FORT WORTH 15 0-i_1493,"LINESTRING (-97.326911 32.6760758323821, -97.33466499999999 32.7054076287149",161.0
PASADENA 3 2-HOUSTON 7 0-i_2765,"LINESTRING (-95.03140000000002 29.613737066041498, -95.11577 29.611098161292116",115.0
GARDEN CITY 0-BIG SPRING 4 0-i_30,"LINESTRING (-101.49277500000001 31.756953126268595, -101.29363699999999 31.985335280619005",115.0
ROCKDALE 1 0-FRANKLIN 0-i_1852,"LINESTRING (-97.04603200000001 30.55967127726221, -96.46860000000001 31.17413989490129",500.0
WILLS POINT 0-TERRELL 1 1-i_1010,"LINESTRING (-95.98566600000001 32.69721013863919, -96.147566 32.732414529694005",115.0
SANTO 0-MINGUS 0-i_1575,"LINESTRING (-98.16376000000001 32.59443717146741, -98.409168 32.449332367773415",161.0
SINTON 0-SKIDMORE 0-i_577,"LINESTRING (-97.544013 28.115246777273097, -97.641894 28.2398461714294",115.0
SAN PERLITA 1-SEBASTIAN 1 0-i_810,"LINESTRING (-97.669511 26.46883290649291, -97.65780000000001 26.342467843903417",115.0
NEWGULF 0-ANGLETON 0-i_2805,"LINESTRING (-95.8817 29.257618689509805, -95.43928800000002 29.16863423160271",230.0
LEWISVILLE 1 0-FRISCO 2 1-i_1490,"LINESTRING (-96.96020600000001 33.066059471945906, -96.847707 33.143924609675196",161.0
COLEMAN 0-RICHLAND SPRINGS 0-i_308,"LINESTRING (-99.558791 31.730778395645785, -99.126467 31.511774965670405",115.0
THOMPSONS 1-ANGLETON 0-i_2806,"LINESTRING (-95.6167 29.480292918965713, -95.43928800000002 29.16863423160271",230.0
OILTON 2-LAREDO 3 0-i_712,"LINESTRING (-98.99447800000002 27.472086915162006, -99.25816099999999 27.550605646412894",115.0
CARROLLTON 3 0-CARROLLTON 2 0-i_1256,"LINESTRING (-96.89457000000002 32.96005656888039, -96.893142 33.0028467397653",161.0
DYESS AFB 0-HAWLEY 0-i_457,"LINESTRING (-99.89723 32.4097446998803, -99.82164200000001 32.62440920131271",115.0
LEAKEY 0-HUNT 0-i_301,"LINESTRING (-99.673471 29.63821220420771, -99.619211 30.088885405676905",115.0
TRINIDAD 1 0-FAIRFIELD 1 1-i_3086,"LINESTRING (-96.090477 32.1184211563178, -96.07709999999999 31.884586583442704",230.0
SNYDER 1 0-COLORADO CITY 0-i_339,"LINESTRING (-100.98620000000001 32.71434230195669, -100.909356 32.3084198846158",115.0
SAN ANTONIO 1 2-SAN ANTONIO 16 0-i_1927,"LINESTRING (-98.32889999999999 29.41886597508869, -98.44027400000002 29.342735523366617",115.0
SCURRY 0-KAUFMAN 0-i_1116,"LINESTRING (-96.43591999999998 32.46232604845791, -96.246103 32.562733026121585",161.0
DEL VALLE 0-CEDAR CREEK 1 2-i_2074,"LINESTRING (-97.60371200000002 30.14849461872269, -97.53560000000002 30.139573601700203",115.0
SAN ANTONIO 8 0-SAN ANTONIO 1 2-i_1928,"LINESTRING (-98.38376100000002 29.444142025181716, -98.32889999999999 29.41886597508869",115.0
STAMFORD 0-TRENT 1 0-i_342,"LINESTRING (-99.841964 32.9348683245488, -100.22665200000002 32.4240226617666",115.0
CONROE 3 0-CONROE 1 0-i_2205,"LINESTRING (-95.36814 30.37174230277721, -95.308797 30.2833530302671",115.0
GARLAND 1 0-GRAND PRAIRIE 3 0-i_1502,"LINESTRING (-96.57200500000002 32.85519770528371, -97.02037200000001 32.662528464797305",500.0
HOUSTON 41 0-HOUSTON 40 0-i_2569,"LINESTRING (-95.391272 29.932199175863314, -95.38892700000001 29.88786306457909",115.0
MCCAMEY 1 2 - SAN ANTONIO 50 0 - 3233,"LINESTRING (-102.23090000000002 31.20304177581981, -98.72635399999999 29.398379895204194",500.0
SAN ANTONIO 13 0-SAN ANTONIO 12 1-i_1714,"LINESTRING (-98.411598 29.5355682875071, -98.398171 29.58335747258072",115.0
AUSTIN 10 0-AUSTIN 17 0-i_1663,"LINESTRING (-97.68212200000002 30.30177849745062, -97.72897100000002 30.349052697278807",115.0
AUSTIN 1 1-BURNET 0-i_2172,"LINESTRING (-97.833946 30.394866861665406, -98.272225 30.79453333597571",230.0
PASADENA 2 2-HOUSTON 19 0-i_2199,"LINESTRING (-95.162079 29.715995970726297, -95.27303000000002 29.644508991553792",115.0
AUSTIN 21 0-AUSTIN 22 0-i_2130,"LINESTRING (-97.74471200000002 30.489897281967203, -97.751744 30.455913415657587",115.0
CUERO 2 1-YOAKUM 1-i_1685,"LINESTRING (-97.26081300000003 29.090743466577308, -97.054733 29.196052911725797",115.0
WOODWAY 0-HEWITT 0-i_1578,"LINESTRING (-97.251442 31.523526737711208, -97.18633900000002 31.447358738389287",161.0
PEARSALL 1-CRYSTAL CITY 0-i_575,"LINESTRING (-99.0559 28.92119813472441, -99.55365200000001 28.88244378083309",115.0
MISSION 3 0-MISSION 4 1-i_592,"LINESTRING (-98.36105400000001 26.312459171317595, -98.354566 26.222276155465096",115.0
DALLAS 33 0-DALLAS 25 0-i_1146,"LINESTRING (-96.836013 32.750718860123705, -96.79579 32.785320801509584",161.0
ETOILE 0-GARRISON 0-i_3046,"LINESTRING (-94.35827700000002 31.459170512949704, -94.511617 31.813201849647793",115.0
TOMBALL 1 0-SPRING 7 2-i_2465,"LINESTRING (-95.582226 30.092394203599802, -95.52459900000001 30.03464299095081",115.0
SAN ANTONIO 23 0-SAN ANTONIO 30 0-i_2032,"LINESTRING (-98.476915 29.438721891262013, -98.51943000000001 29.51389475062251",115.0
LUEDERS 0 - DISCO_SOLAR - 3354,"LINESTRING (-99.68549199999998 32.8625713896909, -99.62 33.01",115.0
OILTON 0-ELMENDORF 0-i_816,"LINESTRING (-98.99447800000002 27.48166864386469, -98.37530000000001 29.254187345212085",500.0
ARLINGTON 8 0-ARLINGTON 2 0-i_1245,"LINESTRING (-97.145229 32.633137667794, -97.035829 32.58878346622971",161.0
VICTORIA 1 1-PORT LAVACA 0-i_2267,"LINESTRING (-96.934414 28.668770854419012, -96.81530000000001 28.5643765708885",230.0
ROSCOE 5 2-ALBANY 1 0-i_390,"LINESTRING (-100.51950000000001 32.3061147297888, -99.4048 32.76224555758349",500.0
AUSTIN 27 0-AUSTIN 3 1-i_1723,"LINESTRING (-97.79310000000001 30.20435503016379, -97.784408 30.29093722253551",230.0
WINDTHORST 0-ARCHER 1 0-i_230,"LINESTRING (-98.44862699999999 33.506624689839285, -98.491 33.48927348639842",161.0
ROSCOE 6 0-LORAINE 2 0-i_323,"LINESTRING (-100.564539 32.40913365872381, -100.702396 32.3927105149358",115.0
FAIRFIELD 2 1-TRINIDAD 1 0-i_3104,"LINESTRING (-96.0184 31.814481934451507, -96.090477 32.1184211563178",230.0
BOERNE 2 0-KERRVILLE 0-i_296,"LINESTRING (-98.70195500000001 29.856719284854496, -99.152239 30.0304677283368",230.0
SNYDER 2 3-SNYDER 1 0-i_361,"LINESTRING (-100.93666100000002 32.7258605959061, -100.98620000000001 32.71434230195669",115.0
HOUSTON 80 0-HOUSTON 86 0-i_2211,"LINESTRING (-95.569235 29.977175304716393, -95.59964200000002 29.92405997174221",115.0
GANADO 0-LOLITA 0-i_2522,"LINESTRING (-96.48081000000002 29.014636821926715, -96.512612 28.826954415499188",115.0
ROCKPORT 0-TAFT 1 1-i_775,"LINESTRING (-97.18789000000001 28.114350724206915, -97.2751 27.989442342071293",115.0
TEXAS CITY 2 0-LA MARQUE 0-i_2769,"LINESTRING (-94.99365400000003 29.39669385360231, -94.976507 29.3606519648142",115.0
VICTORIA 3 0-PORT LAVACA 0-i_2265,"LINESTRING (-97.18788200000002 28.664095525985708, -96.81530000000001 28.5643765708885",230.0
FORT WORTH 23 0-FORT WORTH 19 0-i_894,"LINESTRING (-97.41301500000002 32.66488052860689, -97.359895 32.70621565066099",161.0
SAN ANTONIO 50 2-SAN ANTONIO 49 0-i_1671,"LINESTRING (-98.72635399999999 29.394616121928106, -98.70202799999998 29.338826427082093",115.0
CORSICANA 1 0-KERENS 0-i_822,"LINESTRING (-96.341943 32.0370897282895, -96.320632 32.15216941227081",161.0
BAYTOWN 4 0-MONT BELVIEU 1-i_2848,"LINESTRING (-94.861724 29.86919559712649, -94.9053 29.822201421517615",115.0
PLANO 7 0-DALLAS 19 0-i_1000,"LINESTRING (-96.808007 33.031810533078, -96.784613 32.994957523788216",161.0
LORAINE 1 0-ROSCOE 2 1-i_369,"LINESTRING (-100.73540000000001 32.431423160476406, -100.63040000000001 32.4633253114801",115.0
WINGATE 1-TUSCOLA 0-i_355,"LINESTRING (-100.02112000000001 32.20793214444782, -99.817041 32.267993170761585",115.0
ARLINGTON 1 0-ALLEN 1 0-i_981,"LINESTRING (-97.13488999999998 32.772671457267094, -96.603447 33.08717405119059",500.0
DEL RIO 1-SANDERSON 0-i_24,"LINESTRING (-101.19083600000002 29.83097421926579, -101.961461 30.021833185349596",115.0
ROSEBUD 0-MARLIN 0-i_1135,"LINESTRING (-96.944514 31.076100526231603, -96.803439 31.19623533271911",161.0
HOWE 0-SHERMAN 3 0-i_157,"LINESTRING (-96.73864500000002 33.448365010567784, -96.758394 33.62162768010239",161.0
WHARTON 2 0-HUNGERFORD 0-i_2736,"LINESTRING (-96.182821 29.342819929568304, -96.07641800000002 29.410175081876318",115.0
FORT STOCKTON 2 0-FORT STOCKTON 1 0-i_68,"LINESTRING (-102.34662799999998 30.801087757718893, -102.49680800000002 30.766388525922405",115.0
HOUSTON 3 0-HOUSTON 91 0-i_2505,"LINESTRING (-95.63464900000001 29.723515958268486, -95.67769200000001 29.766785037377996",115.0
DALLAS 25 0-DALLAS 23 0-i_1588,"LINESTRING (-96.79579 32.785320801509584, -96.791914 32.83347311301839",161.0
SAN ANTONIO 45 0-MICO 0-i_1965,"LINESTRING (-98.62670300000002 29.40411503673089, -98.849894 29.498548370687395",115.0
HOUSTON 5 0-SPRING 7 0-i_2613,"LINESTRING (-95.5234 29.9392043515847, -95.52459900000001 30.038382843429996",500.0
EULESS 2 0-FORT WORTH 1 0-i_896,"LINESTRING (-97.087723 32.8116865194124, -97.045081 32.8215577883255",161.0
MELISSA 0-CELINA 0-i_1469,"LINESTRING (-96.56264700000001 33.28271043097671, -96.749377 33.336492915612006",161.0
AUSTIN 17 0-AUSTIN 14 0-i_2051,"LINESTRING (-97.72897100000002 30.349052697278807, -97.71109600000001 30.293693179602993",115.0
SUGAR LAND 2 1-ALVIN 1-i_2520,"LINESTRING (-95.627376 29.564491004522885, -95.17856 29.422491490378206",230.0
HIDALGO 0-PENITAS 0-i_572,"LINESTRING (-98.232746 26.104723641382215, -98.46716400000001 26.315153321408395",115.0
WILLOW CITY 0-BLANCO 0-i_317,"LINESTRING (-98.699714 30.430861062516918, -98.55754800000001 30.176689945073115",115.0
CONROE 4 0-SPRING 3 0-i_2588,"LINESTRING (-95.41269100000001 30.185704558653804, -95.46475999999998 30.134481265014582",115.0
MARBLE FALLS 2 0-CEDAR CREEK 1 0-i_2046,"LINESTRING (-98.3132 30.549799646599485, -97.5428 30.143309487828606",500.0
NEW BRAUNFELS 3 0-SPRING BRANCH 0-i_1881,"LINESTRING (-98.186862 29.75632277632369, -98.387367 29.892263174801005",115.0
CLEBURNE 1 0-CLEBURNE 2 0-i_886,"LINESTRING (-97.32394000000001 32.390156103220804, -97.499356 32.270575344012904",161.0
DALLAS 32 0-DALLAS 27 0-i_907,"LINESTRING (-96.83499100000002 32.708981725792, -96.79908100000002 32.74440068832589",161.0
PALESTINE 1 0-GRAPELAND 0-i_3055,"LINESTRING (-95.475612 31.8571107602921, -95.472652 31.411280374156718",115.0
HUTCHINS 0-DALLAS 14 0-i_1327,"LINESTRING (-96.69191600000002 32.6360947479536, -96.755851 32.66302247819911",161.0
CLIFTON 2 0-WOODWAY 0-i_1558,"LINESTRING (-97.537568 31.8109437000562, -97.251442 31.523526737711208",161.0
FRANKLIN 2-THORNTON 0-i_844,"LINESTRING (-96.45060000000001 31.164898985917908, -96.59995200000002 31.293435668715805",161.0
LULING 0-NIXON 0-i_1827,"LINESTRING (-97.46166300000002 29.68985541624332, -97.72683400000001 29.422645851624893",115.0
PEARSALL 1-DILLEY 0-i_760,"LINESTRING (-99.0559 28.92119813472441, -99.182188 28.697080562005993",115.0
COLLEGE STATION 1 0-BRENHAM 1-i_1777,"LINESTRING (-96.261783 30.555184990626806, -96.388672 30.208852977826588",230.0
CONROE 4 0-SPRING 2 1-i_2585,"LINESTRING (-95.41269100000001 30.185704558653804, -95.37532599999999 30.059676379401296",115.0
SAN ANTONIO 13 0-SAN ANTONIO 25 0-i_1876,"LINESTRING (-98.411598 29.5355682875071, -98.484282 29.534758267435326",115.0
GARLAND 1 1-SUNNYVALE 0-i_1440,"LINESTRING (-96.56768500000001 32.85519770528371, -96.543963 32.798089149110396",161.0
MISSION 1 0-MISSION 4 0-i_585,"LINESTRING (-98.38120000000002 26.175696438298097, -98.365366 26.222276155465096",230.0
ROSCOE 5 0-HERMLEIGH 0-i_383,"LINESTRING (-100.5087 32.3061147297888, -100.6548 32.58253336574679",230.0
CIBOLO 0-SCHERTZ 0-i_1634,"LINESTRING (-98.21695199999999 29.572499203165, -98.25904200000001 29.544562510412298",115.0
JUNO_SOLAR - OXBOW_SOLAR - 3314,"LINESTRING (-101.74 32.65, -101.46 32.65",500.0
CORPUS CHRISTI 2 0-TAFT 2 0-i_647,"LINESTRING (-97.51909999999998 27.825832718387318, -97.45427999999998 27.936055633502797",115.0
HONDO 0 - SABINAL 1 - 3343,"LINESTRING (-99.130334 29.4211037564241, -100.02 29.17",230.0
POTEET 0-LEMING 0-i_507,"LINESTRING (-98.638709 29.077332012799705, -98.47821 29.068029785587207",115.0
SPRING 6 0-TOMBALL 1 0-i_2467,"LINESTRING (-95.51346400000001 30.120936923286393, -95.582226 30.092394203599802",115.0
PASADENA 2 2-DEER PARK 2-i_2196,"LINESTRING (-95.162079 29.715995970726297, -95.114456 29.71443083422439",115.0
KATY 1 0-SUGAR LAND 3 0-i_2277,"LINESTRING (-95.72943600000002 29.835062743090106, -95.703769 29.667501563415392",500.0
MOUNT PLEASANT 2 0 - HOPKINS 1 - 3246,"LINESTRING (-95.15070000000001 33.32883538486579, -95.06 33.21",230.0
PETROLIA 0-WICHITA FALLS 3 0-i_178,"LINESTRING (-98.25032 34.0023393036029, -98.37975700000001 33.9988140558687",161.0
STAFFORD 0-HOUSTON 78 0-i_2562,"LINESTRING (-95.564368 29.621806427300708, -95.54263 29.649702120679894",115.0
SAN ANTONIO 47 2-SAN ANTONIO 48 0-i_1727,"LINESTRING (-98.660316 29.49843979804509, -98.67318500000002 29.45949840472629",115.0
RED OAK 0-FERRIS 0-i_1305,"LINESTRING (-96.803715 32.51934458803692, -96.674449 32.437442377318696",161.0
ALBANY 1 1-ABILENE 1 0-i_443,"LINESTRING (-99.3868 32.76224555758349, -99.6384 32.5083283490131",230.0
DALLAS 27 0-DALLAS 15 0-i_906,"LINESTRING (-96.79908100000002 32.74440068832589, -96.76759100000001 32.8288589872709",161.0
FORT HOOD 0-KILLEEN 2 0-i_1019,"LINESTRING (-97.752047 31.137479511318688, -97.720602 31.100554626402104",161.0
AUSTIN 21 0-AUSTIN 22 0-i_2131,"LINESTRING (-97.74471200000002 30.489897281967203, -97.751744 30.455913415657587",115.0
PASADENA 4 0-PASADENA 5 0-i_2971,"LINESTRING (-95.136715 29.643140957541416, -95.18617999999998 29.64541301403071",115.0
RIO VISTA 0-MORGAN 0-i_1196,"LINESTRING (-97.386815 32.10241308697401, -97.52076000000001 31.982882117322887",161.0
DALE 0-AUSTIN 18 0-i_2012,"LINESTRING (-97.56469400000002 29.9375703105922, -97.736369 30.124475012540103",115.0
LOMETA 0-GOLDTHWAITE 1 2-i_352,"LINESTRING (-98.36774199999999 31.25106890486369, -98.430667 31.367965101353597",115.0
MERIDIAN 0-MORGAN 0-i_1197,"LINESTRING (-97.70112300000001 31.910103277854905, -97.52076000000001 31.982882117322887",161.0
SUGAR LAND 1 0-HOUSTON 83 0-i_2417,"LINESTRING (-95.602093 29.617808327972007, -95.581217 29.697186302317807",115.0
TYLER 1 0-TYLER 2 0-i_3156,"LINESTRING (-95.077688 32.35654911949158, -95.16896400000002 32.295437012742504",115.0
HOLSTEIN 1 - ABILENE 1 0 - 3332,"LINESTRING (-100.3 32.49, -99.6384 32.5083283490131",230.0
KILLEEN 1 0-KILLEEN 3 1-i_1318,"LINESTRING (-97.62419600000001 31.143045873069685, -97.72481700000003 31.00346981975701",161.0
SARITA 1 0-CORPUS CHRISTI 3 0-i_686,"LINESTRING (-97.77116700000002 27.21665334296649, -97.2937 27.58087585581529",230.0
HOUSTON 20 0-HOUSTON 15 0-i_2945,"LINESTRING (-95.29638 29.860034367816805, -95.25047600000002 29.849881113750886",115.0
PRESIDIO 1 0-ALPINE 0-i_22,"LINESTRING (-104.29100000000001 29.593739442223804, -103.21336000000001 29.795846024417514",115.0
GRANGER 0-GEORGETOWN 1 0-i_1903,"LINESTRING (-97.410285 30.708380872340808, -97.614595 30.65664454529892",115.0
STANTON 0-LENORAH 0-i_88,"LINESTRING (-101.745488 32.4837446892457, -101.8277 32.2292095700582",115.0
AUSTIN 6 0-AUSTIN 2 2-i_1641,"LINESTRING (-97.65560000000002 30.239865928657895, -97.5985 30.2023331259326",115.0
SAN ANTONIO 51 1-MICO 0-i_1991,"LINESTRING (-98.726112 29.535276280271308, -98.849894 29.498548370687395",115.0
DONNA 0-SAN JUAN 1-i_602,"LINESTRING (-98.049657 26.155437448313194, -98.099712 26.138075486785393",115.0
ALLEN 1 1-PLANO 1 0-i_1057,"LINESTRING (-96.599127 33.08717405119059, -96.611882 33.019378192483",161.0
LORAINE 1 0-LORAINE 2 0-i_440,"LINESTRING (-100.73540000000001 32.431423160476406, -100.702396 32.3927105149358",115.0
CORPUS CHRISTI 18 0-CORPUS CHRISTI 15 0-i_574,"LINESTRING (-97.587306 27.831880073175398, -97.47222 27.72051077002909",115.0
HOUSTON 10 0-PASADENA 5 0-i_2380,"LINESTRING (-95.16952100000002 29.761429903746293, -95.18617999999998 29.64541301403071",115.0
CORPUS CHRISTI 9 0-CORPUS CHRISTI 8 0-i_625,"LINESTRING (-97.383456 27.813050968737212, -97.376247 27.72352072667011",115.0
KATY 3 2-SIMONTON 0-i_2208,"LINESTRING (-95.82525100000001 29.734378189489806, -95.94866000000002 29.68510400148821",115.0
GARLAND 5 0-GARLAND 2 0-i_818,"LINESTRING (-96.671238 32.90928418132309, -96.61618200000001 32.9264846511817",161.0
ODESSA 2 0-ODESSA 3 0-i_2,"LINESTRING (-102.25334800000002 31.90062364822749, -102.30342300000001 31.995022925591492",115.0
ARLINGTON 1 1-ARLINGTON 6 0-i_986,"LINESTRING (-97.12769 32.772671457267094, -97.09645200000001 32.782530725569714",161.0
HOUSTON 26 0-HOUSTON 31 0-i_2800,"LINESTRING (-95.325288 29.797687808950695, -95.3533 29.695928270989704",115.0
FORT WORTH 29 0-ALEDO 1 1-i_876,"LINESTRING (-97.520256 32.78458778155779, -97.49980000000001 32.718176975589984",161.0
DECATUR 0-ALVORD 0-i_849,"LINESTRING (-97.505178 33.2702993461964, -97.660953 33.3664199813092",161.0
HOUSTON 26 0-HOUSTON 37 0-i_2798,"LINESTRING (-95.325288 29.797687808950695, -95.378584 29.85752330497492",115.0
GATESVILLE 4 0-GATESVILLE 2 0-i_883,"LINESTRING (-97.74660400000002 31.4111113630871, -97.719745 31.452013591270706",161.0
SPRING 2 0-CHANNELVIEW 1 1-i_2596,"LINESTRING (-95.379646 30.059676379401296, -95.09333 29.81360120655609",230.0
CHANNELVIEW 2 0-CROSBY 0-i_2786,"LINESTRING (-95.047291 29.830040617506594, -95.053587 29.930376130139194",115.0
MIDLAND 4 0-MIDLAND 5 0-i_38,"LINESTRING (-102.12336600000002 31.973319480887792, -102.19266 32.04750142247591",115.0
CHILDRESS 0-SILVERTON 0-i_153,"LINESTRING (-100.800848 34.44128832666441, -101.278161 34.4515410554556",161.0
FRIENDSWOOD 0-ALVIN 2-i_2890,"LINESTRING (-95.188533 29.51256771776159, -95.17856 29.416219945331907",115.0
BLUE_BELL 2 0 - STERLING CITY 1 0 - 3311,"LINESTRING (-100.78 31.89, -100.9101 31.91998893462841",230.0
COLORADO CITY 1 - COLORADO CITY 0 - 3221,"LINESTRING (-100.9 32.33, -100.909356 32.3084198846158",500.0
ANDREWS 1 - ANDREWS 0 - 3317,"LINESTRING (-102.66 32.37, -102.688303 32.32964531069612",500.0
MOUNT VERNON 1 - MOUNT VERNON 0 - 3251,"LINESTRING (-95.34960199999999 33.170505475447314, -95.34960199999999 33.170505475447314",230.0
SABINAL 1 - SABINAL 0 - 3341,"LINESTRING (-100.02 29.17, -99.621829 29.297538142913105",230.0
AMISTAD_HYDRO 0 - AMISTAD_HYDRO 1 2 - 3367,"LINESTRING (-101.05602 29.44952, -101.05602 29.44952",230.0
MCCAMEY 1 2 - MCCAMEY 1 1 - 3232,"LINESTRING (-102.23090000000002 31.20304177581981, -102.23090000000002 31.20304177581981",500.0
STANTON 1 - STANTON 0 - 3223,"LINESTRING (-101.745488 32.4837446892457, -101.745488 32.4837446892457",500.0
OLNEY 1 3 - OLNEY 1 1 - 3359,"LINESTRING (-98.675944 33.377598754067705, -98.675944 33.377598754067705",230.0
ODESSA 5 1 - ODESSA 5 0 - 3302,"LINESTRING (-102.5 31.81, -102.46509000000002 31.793038514259482",500.0
AUSTIN 35 0 - MARSHALL FORD 1 - 3370,"LINESTRING (-97.891423 30.375404366823716, -97.891423 30.375404366823716",115.0
BUCHANAN DAM 1 0 - INKS 1 - 3369,"LINESTRING (-98.376422 30.7254098931674, -98.376422 30.7254098931674",115.0
BLUE_BELL 2 0 - BLUE_BELL 2 1 - 3312,"LINESTRING (-100.78 31.89, -100.78 31.89",230.0
AUSTIN 35 0 - MARSHALL FORD 3 - 3372,"LINESTRING (-97.891423 30.375404366823716, -97.891423 30.375404366823716",115.0
AUSTIN 35 0 - MARSHALL FORD 2 - 3371,"LINESTRING (-97.891423 30.375404366823716, -97.891423 30.375404366823716",115.0
HAMLIN 1 - HAMLIN 0 - 3352,"LINESTRING (-100.1 32.85, -100.115032 32.85095559771551",230.0
BUCHANAN DAM 1 0 - BUCHANAN DAM 1 3 - 3368,"LINESTRING (-98.376422 30.7254098931674, -98.376422 30.7254098931674",115.0
EARLY 0 - EARLY 1 - 3240,"LINESTRING (-98.796134 31.83644839017251, -98.796134 31.83644839017251",161.0
NOTREES 1 - NOTREES 0 - 3300,"LINESTRING (-102.54 31.81, -102.623933 31.793051515120304",500.0
MISAE_SOLAR 1 0 - MISAE_SOLAR 1 1 - 3228,"LINESTRING (-100.18 34.37, -100.18 34.37",500.0
ROCHESTER 1 - ROCHESTER 0 - 3357,"LINESTRING (-99.62 33.29, -99.633126 33.31681955532651",230.0
AMISTAD_HYDRO 0 - AMISTAD_HYDRO 1 1 - 3366,"LINESTRING (-101.05602 29.44952, -101.05602 29.44952",230.0
UVALDE 1 - UVALDE 0 - 3342,"LINESTRING (-100.00687000000002 29.144723767626097, -100.00687000000002 29.144723767626097",230.0
LAMESA 1 - LAMESA 0 - 3222,"LINESTRING (-102.124506 32.923604555071414, -102.124506 32.923604555071414",500.0
CLIFTON 1 0 - WHITNEY DAM 2 - 3373,"LINESTRING (-97.35770000000001 31.863285169870892, -97.35770000000001 31.863285169870892",161.0
SAN ANGELO 1 1 - SAN ANGELO 1 0 - 3239,"LINESTRING (-100.31307500000001 31.503581427543097, -100.31307500000001 31.503581427543097",500.0
FRYE_SOLAR 0 - FRYE_SOLAR 1 - 3208,"LINESTRING (-102.02 34.41, -102.02 34.41",500.0
LAMESA 1 - LAMESA 0 - 3216,"LINESTRING (-102.124506 32.923604555071414, -102.124506 32.923604555071414",500.0
WEST COLUMBIA 1 - WEST COLUMBIA 0 - 3245,"LINESTRING (-95.674469 29.149328049449416, -95.674469 29.149328049449416",230.0
QUEMADO 1 - QUEMADO 0 - 3286,"LINESTRING (-100.58438599999997 28.94487257409901, -100.58438599999997 28.94487257409901",230.0
ODESSA 6 1 - ODESSA 6 0 - 3304,"LINESTRING (-102.62 31.97, -102.621882 31.963203807831",500.0
BAYTOWN 3 7-BAYTOWN 3 0-i_2855,"LINESTRING (-94.992237 29.7394516860367, -94.99007700000001 29.751016643956905",13.2
PASADENA 3 1-PASADENA 3 0-i_2827,"LINESTRING (-95.03140000000002 29.619996382330505, -95.0386 29.619996382330505",230.0
SANTA ROSA 1 1-SANTA ROSA 1 0-i_693,"LINESTRING (-97.86341200000001 26.252733740863814, -97.85801200000002 26.263226431079403",13.8
AUSTIN 2 2-AUSTIN 2 1-i_2103,"LINESTRING (-97.5985 30.2023331259326, -97.5985 30.207311104921697",115.0
ABILENE 1 4-ABILENE 1 0-i_442,"LINESTRING (-99.6438 32.49238831429049, -99.6384 32.5083283490131",13.8
MISSION 1 1-MISSION 1 0-i_667,"LINESTRING (-98.36320000000002 26.175696438298097, -98.38120000000002 26.175696438298097",115.0
MCKINNEY 1 3-MCKINNEY 1 0-i_1428,"LINESTRING (-96.59662600000001 33.15940995555839, -96.594466 33.164533176213496",13.8
THOMPSONS 7-THOMPSONS 0-i_2933,"LINESTRING (-95.62606 29.4724578910226, -95.6239 29.480292918965713",13.8
FLUVANNA 2 2-FLUVANNA 2 0-i_454,"LINESTRING (-101.135184 32.9350898403737, -101.12978400000001 32.9418878041982",13.8
CORPUS CHRISTI 1 1-CORPUS CHRISTI 1 0-i_782,"LINESTRING (-97.4283 27.813899999999997, -97.4463 27.813899999999997",115.0
THOMPSONS 11-THOMPSONS 0-i_2937,"LINESTRING (-95.62606 29.4674431553424, -95.6239 29.480292918965713",13.8
AUSTIN 3 4-AUSTIN 3 0-i_1717,"LINESTRING (-97.793768 30.2856526110842, -97.791608 30.29093722253551",13.8
FAIRFIELD 2 2-FAIRFIELD 2 1-i_3102,"LINESTRING (-96.0184 31.805304076182104, -96.0184 31.814481934451507",115.0
WHARTON 1 3-WHARTON 1 0-i_2873,"LINESTRING (-96.0557 29.274454874592493, -96.0503 29.2815201581002",24.0
DALLAS 1 4-DALLAS 1 0-i_914,"LINESTRING (-96.63940400000001 32.6398201402831, -96.63724400000001 32.646186021553305",13.2
GREGORY 1-GREGORY 0-i_629,"LINESTRING (-97.222417 27.882926070783, -97.240417 27.882926070783",115.0
ALVIN 2-ALVIN 1-i_2993,"LINESTRING (-95.17856 29.416219945331907, -95.17856 29.422491490378206",115.0
BAYTOWN 1 6-BAYTOWN 1 0-i_2710,"LINESTRING (-94.90886 29.66407749898689, -94.90670000000001 29.6718976727995",18.0
PALO PINTO 1 3-PALO PINTO 1 0-i_1567,"LINESTRING (-98.29770000000002 32.636123562607004, -98.29230000000001 32.65203807393819",13.8
MIAMI 1-MIAMI 0-i_287,"LINESTRING (-100.517011 35.648038404923994, -100.527811 35.648038404923994",161.0
HOUSTON 5 8-HOUSTON 5 0-i_2609,"LINESTRING (-95.52556 29.9289091401206, -95.5234 29.9392043515847",18.0
LA GRANGE 1-LA GRANGE 0-i_1790,"LINESTRING (-96.71460000000002 29.91095922557381, -96.73260000000002 29.91095922557381",230.0
HOUSTON 5 6-HOUSTON 5 0-i_2607,"LINESTRING (-95.52556 29.93140504677339, -95.5234 29.9392043515847",18.0
SILVER 3-SILVER 0-i_374,"LINESTRING (-100.67910000000002 32.03397923529031, -100.6737 32.043897182145",13.8
SAN ANTONIO 12 1-SAN ANTONIO 12 0-i_1702,"LINESTRING (-98.398171 29.58335747258072, -98.40249100000001 29.58335747258072",115.0
BAYTOWN 2 1-BAYTOWN 2 0-i_2382,"LINESTRING (-94.8875 29.770600132592996, -94.8947 29.770600132592996",230.0
BAYTOWN 3 6-BAYTOWN 3 0-i_2854,"LINESTRING (-94.992237 29.740702016065196, -94.99007700000001 29.751016643956905",13.2
ROUND ROCK 3 2-ROUND ROCK 3 1-i_2163,"LINESTRING (-97.642886 30.496783978561705, -97.63856600000001 30.499265520933893",115.0
HOUSTON 3 1-HOUSTON 3 0-i_2501,"LINESTRING (-95.63680900000001 29.716950427164097, -95.63464900000001 29.723515958268486",18.0
SEGUIN 1 1-SEGUIN 1 0-i_1955,"LINESTRING (-97.958815 29.5905516511325, -97.96601500000001 29.5905516511325",230.0
HOUSTON 90 2-HOUSTON 90 1-i_2760,"LINESTRING (-95.6556 29.81999028611692, -95.65128000000001 29.824987491167203",115.0
POINT COMFORT 2 5-POINT COMFORT 2 0-i_2351,"LINESTRING (-96.5291 28.668802166523907, -96.52370000000002 28.68538385629629",13.8
JEWETT 1 4-JEWETT 1 0-i_3117,"LINESTRING (-96.2399 31.40577026825629, -96.2345 31.41575566729249",13.8
CUSHING 1 1-CUSHING 1 0-i_3153,"LINESTRING (-94.86464000000001 31.82601469861781, -94.88263999999998 31.82601469861781",115.0
ARCHER 1 1-ARCHER 1 0-i_252,"LINESTRING (-98.4964 33.482517910917615, -98.491 33.48927348639842",24.0
FAIRFIELD 2 1-FAIRFIELD 2 0-i_3098,"LINESTRING (-96.0184 31.814481934451507, -96.03640000000001 31.814481934451507",230.0
IRVING 1 1-IRVING 1 0-i_1089,"LINESTRING (-96.98796000000002 32.9128536227228, -96.98580000000001 32.916782386121895",13.8
ALVIN 2-ALVIN 1-i_2994,"LINESTRING (-95.17856 29.416219945331907, -95.17856 29.422491490378206",115.0
DENTON 1 3-DENTON 1 0-i_1224,"LINESTRING (-97.10106 33.1887634953812, -97.0989 33.1950900168082",13.8
BAYTOWN 3 1-BAYTOWN 3 0-i_2849,"LINESTRING (-94.982877 29.751016643956905, -94.99007700000001 29.751016643956905",115.0
CORPUS CHRISTI 3 4-CORPUS CHRISTI 3 0-i_684,"LINESTRING (-97.29909999999998 27.560930984296302, -97.2937 27.58087585581529",13.8
LEWISVILLE 1 2-LEWISVILLE 1 0-i_1484,"LINESTRING (-96.962366 33.0536891018139, -96.96020600000001 33.066059471945906",13.8
SARITA 1 2-SARITA 1 0-i_765,"LINESTRING (-97.776567 27.206248240457086, -97.77116700000002 27.21665334296649",13.8
MISSION 4 1-MISSION 4 0-i_582,"LINESTRING (-98.354566 26.222276155465096, -98.365366 26.222276155465096",115.0
SNYDER 2 1-SNYDER 2 0-i_485,"LINESTRING (-100.92586100000001 32.7410021133028, -100.93666100000002 32.7410021133028",161.0
SANTA ROSA 1 9-SANTA ROSA 1 0-i_701,"LINESTRING (-97.86341200000001 26.226901542913584, -97.85801200000002 26.263226431079403",13.8
MISSION 1 1-MISSION 1 0-i_668,"LINESTRING (-98.36320000000002 26.175696438298097, -98.38120000000002 26.175696438298097",115.0
SAN ANTONIO 1 4-SAN ANTONIO 1 0-i_1914,"LINESTRING (-98.33826000000002 29.421061002726088, -98.3361 29.426391586690492",13.8
PASADENA 3 5-PASADENA 3 0-i_2831,"LINESTRING (-95.04076 29.614675988265414, -95.0386 29.619996382330505",13.8
ARLINGTON 1 2-ARLINGTON 1 0-i_976,"LINESTRING (-97.13705 32.76752546019151, -97.13488999999998 32.772671457267094",13.8
MARION 1 6-MARION 1 0-i_1784,"LINESTRING (-98.13686 29.6140723709441, -98.13470000000001 29.621896429536815",18.0
ABILENE 1 3-ABILENE 1 2-i_447,"LINESTRING (-99.6204 32.49011093585722, -99.6204 32.4992201036838",115.0
ROSCOE 2 1-ROSCOE 2 0-i_364,"LINESTRING (-100.63040000000001 32.4633253114801, -100.64840000000001 32.4633253114801",115.0
MISSOURI CITY 2 1-MISSOURI CITY 2 0-i_2659,"LINESTRING (-95.549508 29.47091068690631, -95.553828 29.47091068690631",115.0
PARIS 1 4-PARIS 1 0-i_277,"LINESTRING (-95.57739999999998 33.6090657820005, -95.57199999999999 33.62480490119471",13.8
NEW BRAUNFELS 2 2-NEW BRAUNFELS 2 1-i_1759,"LINESTRING (-98.066406 29.689372510142487, -98.06208599999998 29.694376232341686",115.0
LA GRANGE 4-LA GRANGE 0-i_1792,"LINESTRING (-96.738 29.897696281486102, -96.73260000000002 29.91095922557381",22.0
AUSTIN 2 1-AUSTIN 2 0-i_2096,"LINESTRING (-97.5985 30.207311104921697, -97.60570000000001 30.207311104921697",230.0
ARMSTRONG 1 1-ARMSTRONG 1 0-i_777,"LINESTRING (-97.5634 26.994684632791703, -97.5814 26.994684632791703",115.0
TRENT 1 1-TRENT 1 0-i_413,"LINESTRING (-100.232052 32.41110695841859, -100.22665200000002 32.4240226617666",20.0
RICHARDSON 2 1-RICHARDSON 2 0-i_1076,"LINESTRING (-96.73344 32.97364694061329, -96.73776 32.97364694061329",161.0
ELMENDORF 4-ELMENDORF 0-i_2083,"LINESTRING (-98.37746 29.247591332742893, -98.37530000000001 29.254187345212085",13.8
ROCKDALE 1 3-ROCKDALE 1 0-i_1850,"LINESTRING (-97.05143200000002 30.54649555124572, -97.04603200000001 30.55967127726221",13.8
TEXAS CITY 1 1-TEXAS CITY 1 0-i_2624,"LINESTRING (-94.911509 29.3888876610184, -94.91582900000002 29.3888876610184",115.0
CUERO 1 9-CUERO 1 0-i_2116,"LINESTRING (-97.322036 29.091184558234406, -97.316636 29.123424464446497",13.8
COPPERAS COVE 1-COPPERAS COVE 0-i_1581,"LINESTRING (-97.94662399999999 31.212887416926495, -97.957424 31.212887416926495",161.0
JEWETT 1 1-JEWETT 1 0-i_3115,"LINESTRING (-96.2165 31.41575566729249, -96.2345 31.41575566729249",230.0
HOUSTON 4 7-HOUSTON 4 0-i_2673,"LINESTRING (-95.39032 29.710730290334997, -95.38816 29.718546834432193",13.8
SAN ANTONIO 51 1-SAN ANTONIO 51 0-i_1985,"LINESTRING (-98.726112 29.535276280271308, -98.730432 29.535276280271308",115.0
SHERMAN 1 4-SHERMAN 1 0-i_264,"LINESTRING (-96.60529300000002 33.56382645015371, -96.599893 33.57657454698819",20.0
WHITE DEER 1-WHITE DEER 0-i_221,"LINESTRING (-101.2403 35.4635077026973, -101.2349 35.47303661511711",13.8
PALO PINTO 1 5-PALO PINTO 1 0-i_1569,"LINESTRING (-98.29770000000002 32.630060146814, -98.29230000000001 32.65203807393819",13.8
SAN ANTONIO 2 4-SAN ANTONIO 2 0-i_1736,"LINESTRING (-98.60886 29.581073381057408, -98.6067 29.586395547977702",13.8
BRIDGEPORT 8-BRIDGEPORT 0-i_1523,"LINESTRING (-97.90820000000001 33.165516684282494, -97.90280000000003 33.1903748419846",13.8
KELLER 2 1-KELLER 2 0-i_851,"LINESTRING (-97.27527399999998 32.925619627546986, -97.279594 32.925619627546986",161.0
FANNIN 1-FANNIN 0-i_554,"LINESTRING (-97.192567 28.706485129612496, -97.20336700000001 28.706485129612496",115.0
SAVOY 1-SAVOY 0-i_128,"LINESTRING (-96.331605 33.62214771628871, -96.349605 33.62214771628871",161.0
DEER PARK 11-DEER PARK 0-i_2479,"LINESTRING (-95.12381600000002 29.70786470888249, -95.12165600000002 29.720683887687706",24.0
ALLEN 1 1-ALLEN 1 0-i_1437,"LINESTRING (-96.599127 33.08717405119059, -96.603447 33.08717405119059",161.0
DEER PARK 4-DEER PARK 0-i_2472,"LINESTRING (-95.12381600000002 29.716619447245495, -95.12165600000002 29.720683887687706",24.0
PFLUGERVILLE 1-PFLUGERVILLE 0-i_1688,"LINESTRING (-97.58594 30.4360509097312, -97.59026000000001 30.4360509097312",230.0
DALLAS 1 9-DALLAS 1 0-i_919,"LINESTRING (-96.63940400000001 32.63375697501, -96.63724400000001 32.646186021553305",13.2
THOMPSONS 1-THOMPSONS 0-i_2927,"LINESTRING (-95.6167 29.480292918965713, -95.6239 29.480292918965713",230.0
PASADENA 2 7-PASADENA 2 0-i_2184,"LINESTRING (-95.171439 29.713182013458706, -95.169279 29.722248926690806",13.8
SAN ANTONIO 52 2-SAN ANTONIO 52 1-i_1969,"LINESTRING (-98.882335 29.35223057642779, -98.878015 29.35474081914091",115.0
LAREDO 4 1-LAREDO 4 0-i_770,"LINESTRING (-99.328996 27.3671490151858, -99.339796 27.3671490151858",115.0
MCCAMEY 1 1-MCCAMEY 1 0-i_58,"LINESTRING (-102.23090000000002 31.20304177581981, -102.2201 31.20304177581981",230.0
CORPUS CHRISTI 1 4-CORPUS CHRISTI 1 0-i_785,"LINESTRING (-97.45170000000002 27.800366799638997, -97.4463 27.813899999999997",13.8
FAIRFIELD 2 3-FAIRFIELD 2 0-i_3099,"LINESTRING (-96.04180000000001 31.80759862623698, -96.03640000000001 31.814481934451507",13.8
CHANNELVIEW 1 2-CHANNELVIEW 1 1-i_2962,"LINESTRING (-95.09333 29.8061044515485, -95.09333 29.81360120655609",115.0
TYLER 7 1-TYLER 7 0-i_3190,"LINESTRING (-95.29942799999999 32.228975554374315, -95.310228 32.228975554374315",115.0
WHARTON 1 5-WHARTON 1 0-i_2875,"LINESTRING (-96.0557 29.268174212536003, -96.0503 29.2815201581002",24.0
MARION 1 2-MARION 1 1-i_1788,"LINESTRING (-98.1275 29.616889102008297, -98.1275 29.621896429536815",115.0
WADSWORTH 1-WADSWORTH 0-i_2448,"LINESTRING (-96.0121 28.788690098280515, -96.0301 28.788690098280515",230.0
CHRISTOVAL 1-CHRISTOVAL 0-i_330,"LINESTRING (-100.64282000000001 31.07926873175702, -100.66082000000002 31.07926873175702",115.0
WINCHESTER 3-WINCHESTER 0-i_1842,"LINESTRING (-96.9749 30.027970877458294, -96.96949999999998 30.031866816332393",13.8
RIESEL 1 2-RIESEL 1 0-i_1514,"LINESTRING (-96.944549 31.458257298444906, -96.93914900000001 31.468237107671296",13.8
MISSION 1 2-MISSION 1 0-i_669,"LINESTRING (-98.3866 26.15227075611529, -98.38120000000002 26.175696438298097",24.0
VICTORIA 2 4-VICTORIA 2 0-i_2299,"LINESTRING (-96.99740000000001 28.77173462930361, -96.992 28.78198969280541",20.0
PORT LAVACA 4-PORT LAVACA 0-i_2263,"LINESTRING (-96.8207 28.547775761839898, -96.81530000000001 28.5643765708885",13.8
NEW BRAUNFELS 1 5-NEW BRAUNFELS 1 0-i_2141,"LINESTRING (-98.01776 29.72938490873369, -98.01560000000002 29.73469923703731",22.0
DALLAS 2 1-DALLAS 2 0-i_1456,"LINESTRING (-96.92139999999999 32.72067704351759, -96.92860000000002 32.72067704351759",161.0
ROUND ROCK 1 5-ROUND ROCK 1 0-i_1809,"LINESTRING (-97.688846 30.5468133145438, -97.68668599999998 30.55456393284689",13.8
FORSAN 2-FORSAN 0-i_72,"LINESTRING (-101.395 32.1247951475205, -101.38960000000002 32.134703244454506",13.8
SUGAR LAND 2 2-SUGAR LAND 2 1-i_2517,"LINESTRING (-95.63169600000002 29.560733394819216, -95.627376 29.564491004522885",115.0
FRANKLIN 6-FRANKLIN 0-i_3135,"LINESTRING (-96.47400000000002 31.164128869476002, -96.46860000000001 31.17413989490129",18.0
ROSCOE 4 1-ROSCOE 4 0-i_410,"LINESTRING (-100.4797 32.2209560400834, -100.47430000000001 32.230853680250306",18.0
DEER PARK 7-DEER PARK 0-i_2475,"LINESTRING (-95.12381600000002 29.71286750999621, -95.12165600000002 29.720683887687706",24.0
BAYTOWN 2 3-BAYTOWN 2 0-i_2383,"LINESTRING (-94.89686 29.767787707181103, -94.8947 29.770600132592996",13.8
HOUSTON 5 2-HOUSTON 5 1-i_2616,"LINESTRING (-95.5162 29.93296495664351, -95.5162 29.9392043515847",115.0
GREGORY 4-GREGORY 0-i_632,"LINESTRING (-97.245817 27.869401479434597, -97.240417 27.882926070783",13.8
SEGUIN 1 3-SEGUIN 1 0-i_1956,"LINESTRING (-97.968175 29.586481951645997, -97.96601500000001 29.5905516511325",13.8
HOUSTON 5 11-HOUSTON 5 0-i_2612,"LINESTRING (-95.52556 29.925165162777002, -95.5234 29.9392043515847",18.0
BROWNWOOD 1-BROWNWOOD 0-i_1130,"LINESTRING (-99.011291 31.742180149350702, -99.02209100000002 31.742180149350702",161.0
VICTORIA 1 2-VICTORIA 1 1-i_2987,"LINESTRING (-96.934414 28.65929442196951, -96.934414 28.668770854419012",115.0
CUSHING 1 2-CUSHING 1 0-i_3154,"LINESTRING (-94.88804 31.8160732192637, -94.88263999999998 31.82601469861781",13.8
MONAHANS 1 6-MONAHANS 1 0-i_85,"LINESTRING (-102.94530000000002 31.57776630436199, -102.92730000000002 31.57776630436199",230.0
GEORGETOWN 3 4-GEORGETOWN 3 3-i_2154,"LINESTRING (-97.798899 30.817064533217508, -97.788099 30.82633920480481",115.0
PASADENA 1 1-PASADENA 1 0-i_2907,"LINESTRING (-95.19587800000001 29.72083189137611, -95.203078 29.72083189137611",230.0
CUERO 1 4-CUERO 1 0-i_2111,"LINESTRING (-97.322036 29.10691260353121, -97.316636 29.123424464446497",13.8
GEORGETOWN 3 2-GEORGETOWN 3 1-i_2152,"LINESTRING (-97.798899 30.82633920480481, -97.788099 30.83561298057422",161.0
DEER PARK 2-DEER PARK 1-i_2482,"LINESTRING (-95.114456 29.71443083422439, -95.114456 29.720683887687706",115.0
AUSTIN 2 4-AUSTIN 2 0-i_2098,"LINESTRING (-97.60786 30.203266516170505, -97.60570000000001 30.207311104921697",13.8
THOMPSONS 14-THOMPSONS 0-i_2940,"LINESTRING (-95.62606 29.463681940827307, -95.6239 29.480292918965713",13.8
WHARTON 1 7-WHARTON 1 0-i_2877,"LINESTRING (-96.0557 29.2618931646043, -96.0503 29.2815201581002",24.0
HOLLAND 1-HOLLAND 0-i_1582,"LINESTRING (-97.35720900000001 30.878146722132, -97.368009 30.878146722132",115.0
PFLUGERVILLE 2-PFLUGERVILLE 1-i_1692,"LINESTRING (-97.59026000000001 30.432326155775396, -97.58594 30.4360509097312",115.0
MISSION 4 1-MISSION 4 0-i_583,"LINESTRING (-98.354566 26.222276155465096, -98.365366 26.222276155465096",115.0
LAREDO 1 1-LAREDO 1 0-i_728,"LINESTRING (-99.4729 27.56031721101819, -99.49090000000001 27.56031721101819",115.0
PANHANDLE 2 1-PANHANDLE 2 0-i_146,"LINESTRING (-101.27483299999999 35.232452121577005, -101.29283300000002 35.232452121577005",161.0
SAN ANTONIO 22 1-SAN ANTONIO 22 0-i_1937,"LINESTRING (-98.470412 29.275767875508507, -98.474732 29.275767875508507",115.0
SAN ANTONIO 50 1-SAN ANTONIO 50 0-i_2075,"LINESTRING (-98.722034 29.398379895204194, -98.72635399999999 29.398379895204194",230.0
THOMPSONS 6-THOMPSONS 0-i_2932,"LINESTRING (-95.62606 29.473711536188713, -95.6239 29.480292918965713",13.8
CEDAR PARK 1-CEDAR PARK 0-i_1867,"LINESTRING (-97.81556 30.50146757711399, -97.81988 30.50146757711399",230.0
SARITA 2 1-SARITA 2 0-i_791,"LINESTRING (-97.5283 27.113291412381788, -97.53910000000002 27.113291412381788",13.8
TYLER 4 1-TYLER 4 0-i_3035,"LINESTRING (-95.280623 32.31585238389079, -95.291423 32.31585238389079",115.0
HOUSTON 90 2-HOUSTON 90 1-i_2759,"LINESTRING (-95.6556 29.81999028611692, -95.65128000000001 29.824987491167203",115.0
BAYTOWN 2 2-BAYTOWN 2 1-i_2389,"LINESTRING (-94.8875 29.76560021060301, -94.8875 29.770600132592996",115.0
ALBANY 1 3-ALBANY 1 2-i_1551,"LINESTRING (-99.3868 32.75013543757941, -99.4048 32.75013543757941",115.0
IRAAN 1 1-IRAAN 1 0-i_105,"LINESTRING (-102.0831 30.898495183075006, -102.0777 30.911622882268297",13.8
JEWETT 1 2-JEWETT 1 1-i_3118,"LINESTRING (-96.2165 31.406538413602306, -96.2165 31.41575566729249",115.0
PANHANDLE 5 2-PANHANDLE 5 0-i_255,"LINESTRING (-101.53640000000001 35.33488312254741, -101.53099999999999 35.34442725070819",13.8
ELMENDORF 1-ELMENDORF 0-i_2081,"LINESTRING (-98.3681 29.254187345212085, -98.37530000000001 29.254187345212085",230.0
SAVOY 4-SAVOY 0-i_131,"LINESTRING (-96.355005 33.6094063532917, -96.349605 33.62214771628871",13.8
MT. ENTERPRISE 4-MT. ENTERPRISE 0-i_3126,"LINESTRING (-94.607143 32.00485246901549, -94.601743 32.0117210377083",13.8
MARION 1 7-MARION 1 0-i_1785,"LINESTRING (-98.13686 29.612820465205505, -98.13470000000001 29.621896429536815",18.0
OLNEY 1 1-OLNEY 1 0-i_1341,"LINESTRING (-98.675944 33.377598754067705, -98.693944 33.377598754067705",161.0
ALVIN 2-ALVIN 1-i_2995,"LINESTRING (-95.17856 29.416219945331907, -95.17856 29.422491490378206",115.0
FREEPORT 1 3-FREEPORT 1 0-i_2896,"LINESTRING (-95.3294 28.969964483562304, -95.324 28.97390134047749",13.8
FLUVANNA 1 1-FLUVANNA 1 0-i_467,"LINESTRING (-101.215797 32.91259657537129, -101.21039700000001 32.91939626764481",13.8
MAGNOLIA 1 1-MAGNOLIA 1 0-i_2990,"LINESTRING (-95.638574 30.214369283446914, -95.642894 30.214369283446914",115.0
HOUSTON 5 2-HOUSTON 5 1-i_2617,"LINESTRING (-95.5162 29.93296495664351, -95.5162 29.9392043515847",115.0
HOUSTON 4 1-HOUSTON 4 0-i_2668,"LINESTRING (-95.38095999999999 29.718546834432193, -95.38816 29.718546834432193",230.0
MONAHANS 1 4-MONAHANS 1 0-i_83,"LINESTRING (-102.9219 31.555528274374485, -102.92730000000002 31.57776630436199",18.0
SNYDER 2 2-SNYDER 2 1-i_486,"LINESTRING (-100.92586100000001 32.73191751152348, -100.92586100000001 32.7410021133028",161.0
HONDO 1-HONDO 0-i_2145,"LINESTRING (-99.11953400000002 29.4211037564241, -99.130334 29.4211037564241",115.0
MARBLE FALLS 2 1-MARBLE FALLS 2 0-i_2041,"LINESTRING (-98.2952 30.549799646599485, -98.3132 30.549799646599485",230.0
ROSCOE 5 1-ROSCOE 5 0-i_380,"LINESTRING (-100.5087 32.290899766285506, -100.5087 32.3061147297888",115.0
EAGLE PASS 1-EAGLE PASS 0-i_523,"LINESTRING (-100.25528800000001 28.47006691240151, -100.26608800000001 28.47006691240151",115.0
FAIRFIELD 1 5-FAIRFIELD 1 0-i_3080,"LINESTRING (-96.1005 31.871594225920308, -96.09510000000002 31.884586583442704",18.0
GRANBURY 2 2-GRANBURY 2 0-i_1554,"LINESTRING (-97.695516 32.39545698610208, -97.693356 32.40062438513922",18.0
LORAINE 1 2-LORAINE 1 0-i_439,"LINESTRING (-100.7408 32.418508516721616, -100.73540000000001 32.431423160476406",13.2
JACKSONVILLE 1 3-JACKSONVILLE 1 0-i_3169,"LINESTRING (-94.97723400000001 31.9299207975652, -94.971834 31.933739848500522",13.8
WICHITA FALLS 1 1-WICHITA FALLS 1 0-i_216,"LINESTRING (-98.4571 33.90732463442219, -98.4751 33.90732463442219",161.0
BAYTOWN 1 8-BAYTOWN 1 0-i_2712,"LINESTRING (-94.90886 29.661574914958692, -94.90670000000001 29.6718976727995",18.0
THOMPSONS 8-THOMPSONS 0-i_2934,"LINESTRING (-95.62606 29.471204230354388, -95.6239 29.480292918965713",13.8
DAYTON 1-DAYTON 0-i_2290,"LINESTRING (-94.913354 30.0519431847122, -94.91767400000002 30.0519431847122",115.0
PANHANDLE 3 1-PANHANDLE 3 0-i_201,"LINESTRING (-101.574972 35.373563420950795, -101.56957200000001 35.380167850114994",18.0
JACKSONVILLE 1 2-JACKSONVILLE 1 1-i_3172,"LINESTRING (-94.953834 31.921518327109002, -94.953834 31.933739848500522",115.0
SHIRO 1-SHIRO 0-i_3061,"LINESTRING (-95.8818 30.586201973123906, -95.8998 30.586201973123906",230.0
CEDAR PARK 2-CEDAR PARK 1-i_1870,"LINESTRING (-97.81988 30.497745324081908, -97.81556 30.50146757711399",115.0
BIG SPRING 1 1-BIG SPRING 1 0-i_42,"LINESTRING (-101.11309999999999 31.97341537235251, -101.10770000000001 31.9863933510534",13.8
CHANNELVIEW 1 12-CHANNELVIEW 1 0-i_2957,"LINESTRING (-95.10269000000001 29.799544329941995, -95.10053000000002 29.81360120655609",18.0
MARION 1 3-MARION 1 0-i_1781,"LINESTRING (-98.13686 29.617827994870808, -98.13470000000001 29.621896429536815",18.0
DEER PARK 10-DEER PARK 0-i_2478,"LINESTRING (-95.12381600000002 29.709115432529103, -95.12165600000002 29.720683887687706",24.0
PASADENA 3 7-PASADENA 3 0-i_2833,"LINESTRING (-95.04076 29.6121721762336, -95.0386 29.619996382330505",13.8
POOLVILLE 4-POOLVILLE 0-i_1295,"LINESTRING (-97.89770000000001 33.03340443749472, -97.89230000000002 33.05226535834791",13.8
SHIRO 4-SHIRO 0-i_3063,"LINESTRING (-95.90519999999998 30.576129334180592, -95.8998 30.586201973123906",13.8
HOUSTON 4 4-HOUSTON 4 0-i_2670,"LINESTRING (-95.39032 29.714482307455686, -95.38816 29.718546834432193",13.8
POINT COMFORT 1 2-POINT COMFORT 1 1-i_2981,"LINESTRING (-96.53839700000002 28.6242727777279, -96.53839700000002 28.633752374787612",115.0
IRAAN 3 1-IRAAN 3 0-i_94,"LINESTRING (-101.91719999999998 30.865388508854693, -101.9118 30.878520746255205",22.0
ENNIS 1-ENNIS 0-i_1531,"LINESTRING (-96.66060000000002 32.317566150555116, -96.6678 32.317566150555116",161.0
CORPUS CHRISTI 3 3-CORPUS CHRISTI 3 0-i_683,"LINESTRING (-97.29909999999998 27.564122407336892, -97.2937 27.58087585581529",13.8
BASTROP 4-BASTROP 0-i_1599,"LINESTRING (-97.2582 30.12925483342302, -97.2528 30.1393735890793",13.8
SAN PERLITA 1-SAN PERLITA 0-i_806,"LINESTRING (-97.669511 26.46883290649291, -97.68031099999999 26.46883290649291",115.0
KILLEEN 4 1-KILLEEN 4 0-i_1275,"LINESTRING (-97.912979 30.929830058019014, -97.92377900000001 30.929830058019014",161.0
WILLIS 2 1-WILLIS 2 0-i_2575,"LINESTRING (-95.34227200000001 30.46516824736051, -95.353072 30.46516824736051",115.0
DEER PARK 8-DEER PARK 0-i_2476,"LINESTRING (-95.12381600000002 29.711616833086417, -95.12165600000002 29.720683887687706",24.0
SEGUIN 1 2-SEGUIN 1 1-i_1961,"LINESTRING (-97.958815 29.58554276691699, -97.958815 29.5905516511325",115.0
FORT STOCKTON 1 1-FORT STOCKTON 1 0-i_67,"LINESTRING (-102.50220800000001 30.7532409481075, -102.49680800000002 30.766388525922405",22.0
THOMPSONS 15-THOMPSONS 0-i_2941,"LINESTRING (-95.62606 29.462428171656807, -95.6239 29.480292918965713",13.8
OILTON 1-OILTON 0-i_815,"LINESTRING (-98.983678 27.48166864386469, -98.99447800000002 27.48166864386469",230.0
BURNET 1-BURNET 0-i_2175,"LINESTRING (-98.261425 30.79453333597571, -98.272225 30.79453333597571",115.0
FAIRFIELD 1 1-FAIRFIELD 1 0-i_3077,"LINESTRING (-96.07709999999999 31.884586583442704, -96.09510000000002 31.884586583442704",230.0
GRANBURY 2 3-GRANBURY 2 0-i_1555,"LINESTRING (-97.695516 32.39424108452731, -97.693356 32.40062438513922",18.0
BRENHAM 1-BRENHAM 0-i_1772,"LINESTRING (-96.388672 30.208852977826588, -96.399472 30.208852977826588",230.0
SWEETWATER 4 1-SWEETWATER 4 0-i_298,"LINESTRING (-100.33530000000002 32.347675224722, -100.3299 32.3545179828875",18.0
WACO 2 1-WACO 2 0-i_1541,"LINESTRING (-97.07691 31.61482274425611, -97.08771 31.61482274425611",161.0
BASTROP 2-BASTROP 1-i_1606,"LINESTRING (-97.2348 30.1269195886573, -97.2348 30.1393735890793",115.0
ROUND ROCK 4 1-ROUND ROCK 4 0-i_2174,"LINESTRING (-97.716978 30.5318743532431, -97.72129800000002 30.5318743532431",115.0
GARLAND 1 1-GARLAND 1 0-i_1501,"LINESTRING (-96.56768500000001 32.85519770528371, -96.57200500000002 32.85519770528371",161.0
KATY 3 2-KATY 3 1-i_2921,"LINESTRING (-95.82525100000001 29.734378189489806, -95.820931 29.738129322559097",115.0
SAN ANTONIO 2 3-SAN ANTONIO 2 0-i_1735,"LINESTRING (-98.60886 29.582325680875996, -98.6067 29.586395547977702",13.8
CHANNELVIEW 1 13-CHANNELVIEW 1 0-i_2958,"LINESTRING (-95.10269000000001 29.798294734194, -95.10053000000002 29.81360120655609",18.0
CORSICANA 2 1-CORSICANA 2 0-i_1249,"LINESTRING (-96.610947 32.05183571151851, -96.62174700000001 32.05183571151851",161.0
SEBASTIAN 2 1-SEBASTIAN 2 0-i_613,"LINESTRING (-97.56410000000001 26.3242668292268, -97.57489999999999 26.3242668292268",13.8
CHRISTOVAL 1-CHRISTOVAL 0-i_329,"LINESTRING (-100.64282000000001 31.07926873175702, -100.66082000000002 31.07926873175702",115.0
HOUSTON 5 2-HOUSTON 5 1-i_2618,"LINESTRING (-95.5162 29.93296495664351, -95.5162 29.9392043515847",115.0
MABANK 2 1-MABANK 2 0-i_968,"LINESTRING (-96.083732 32.2716714175578, -96.094532 32.2716714175578",115.0
CHANNELVIEW 1 11-CHANNELVIEW 1 0-i_2956,"LINESTRING (-95.10269000000001 29.8007939100825, -95.10053000000002 29.81360120655609",18.0
SAN ANTONIO 2 1-SAN ANTONIO 2 0-i_1734,"LINESTRING (-98.5995 29.586395547977702, -98.6067 29.586395547977702",230.0
SAN ANTONIO 50 2-SAN ANTONIO 50 1-i_2077,"LINESTRING (-98.72635399999999 29.394616121928106, -98.722034 29.398379895204194",115.0
KELLER 2 1-KELLER 2 0-i_850,"LINESTRING (-97.27527399999998 32.925619627546986, -97.279594 32.925619627546986",161.0
KATY 1 1-KATY 1 0-i_2303,"LINESTRING (-95.725116 29.835062743090106, -95.72943600000002 29.835062743090106",230.0
AUSTIN 27 1-AUSTIN 27 0-i_2053,"LINESTRING (-97.78878 30.20435503016379, -97.79310000000001 30.20435503016379",115.0
ELMENDORF 7-ELMENDORF 0-i_2086,"LINESTRING (-98.37746 29.243821991832494, -98.37530000000001 29.254187345212085",13.8
NEW BRAUNFELS 1 7-NEW BRAUNFELS 1 0-i_2143,"LINESTRING (-98.01776 29.726883950947098, -98.01560000000002 29.73469923703731",22.0
PANHANDLE 5 1-PANHANDLE 5 0-i_254,"LINESTRING (-101.53640000000001 35.33781989743399, -101.53099999999999 35.34442725070819",13.8
SEBASTIAN 2 1-SEBASTIAN 2 0-i_614,"LINESTRING (-97.56410000000001 26.3242668292268, -97.57489999999999 26.3242668292268",13.8
BRIDGEPORT 4-BRIDGEPORT 0-i_1519,"LINESTRING (-97.90820000000001 33.17757000500681, -97.90280000000003 33.1903748419846",13.8
NEW BRAUNFELS 1 1-NEW BRAUNFELS 1 0-i_2138,"LINESTRING (-98.0084 29.73469923703731, -98.01560000000002 29.73469923703731",230.0
STERLING CITY 1 5-STERLING CITY 1 0-i_408,"LINESTRING (-100.9155 31.897832919132693, -100.9101 31.91998893462841",18.0
TEMPLE 1 3-TEMPLE 1 0-i_1410,"LINESTRING (-97.311822 31.03655608523461, -97.306422 31.049664812048306",13.8
JEWETT 1 3-JEWETT 1 0-i_3116,"LINESTRING (-96.2399 31.408842811913992, -96.2345 31.41575566729249",13.8
JACKSONVILLE 1 4-JACKSONVILLE 1 0-i_3170,"LINESTRING (-94.97723400000001 31.9268654425955, -94.971834 31.933739848500522",13.8
POINT COMFORT 2 6-POINT COMFORT 2 0-i_2352,"LINESTRING (-96.5291 28.66564345185492, -96.52370000000002 28.68538385629629",13.8
LENORAH 1-LENORAH 0-i_91,"LINESTRING (-101.83310000000002 32.21322024953109, -101.8277 32.2292095700582",18.0
ABILENE 1 2-ABILENE 1 1-i_445,"LINESTRING (-99.6204 32.4992201036838, -99.6204 32.5083283490131",161.0
STERLING CITY 2 1-STERLING CITY 2 0-i_468,"LINESTRING (-100.787789 31.93896115120671, -100.78238900000001 31.94583465260022",18.0
GRANBURY 1 1-GRANBURY 1 0-i_1446,"LINESTRING (-97.695686 32.34030338183329, -97.713686 32.34030338183329",161.0
THOMPSONS 3-THOMPSONS 0-i_2929,"LINESTRING (-95.62606 29.477472378671287, -95.6239 29.480292918965713",13.8
ROGERS 2-ROGERS 1-i_1546,"LINESTRING (-97.20542300000001 30.924743071639202, -97.20542300000001 30.93400732785931",115.0
CORPUS CHRISTI 1 1-CORPUS CHRISTI 1 0-i_781,"LINESTRING (-97.4283 27.813899999999997, -97.4463 27.813899999999997",115.0
PANHANDLE 4 1-PANHANDLE 4 0-i_158,"LINESTRING (-101.217056 35.42163286871961, -101.235056 35.42163286871961",161.0
DEER PARK 3-DEER PARK 0-i_2471,"LINESTRING (-95.12381600000002 29.717870061833906, -95.12165600000002 29.720683887687706",24.0
ROUND ROCK 1 6-ROUND ROCK 1 0-i_1810,"LINESTRING (-97.688846 30.545573158189093, -97.68668599999998 30.55456393284689",13.8
BRIDGEPORT 7-BRIDGEPORT 0-i_1522,"LINESTRING (-97.90820000000001 33.16853016985089, -97.90280000000003 33.1903748419846",13.8
HERMLEIGH 2-HERMLEIGH 1-i_433,"LINESTRING (-100.6368 32.573432644592586, -100.6368 32.58253336574679",115.0
HOUSTON 4 6-HOUSTON 4 0-i_2672,"LINESTRING (-95.39032 29.711980978288217, -95.38816 29.718546834432193",13.8
SAN JUAN 1-SAN JUAN 0-i_595,"LINESTRING (-98.099712 26.138075486785393, -98.110512 26.138075486785393",115.0
ALBANY 1 5-ALBANY 1 0-i_1549,"LINESTRING (-99.4102 32.75543381771269, -99.4048 32.76224555758349",13.8
TAFT 1 1-TAFT 1 0-i_804,"LINESTRING (-97.2751 27.989442342071293, -97.2859 27.989442342071293",115.0
MOUNT PLEASANT 1 5-MOUNT PLEASANT 1 0-i_3186,"LINESTRING (-95.02910000000001 33.072847528477894, -95.0237 33.085667648788416",18.0
SAN ANTONIO 50 2-SAN ANTONIO 50 1-i_2076,"LINESTRING (-98.72635399999999 29.394616121928106, -98.722034 29.398379895204194",115.0
ROUND ROCK 3 1-ROUND ROCK 3 0-i_2162,"LINESTRING (-97.63856600000001 30.499265520933893, -97.642886 30.499265520933893",230.0
BRYAN 1 1-BRYAN 1 0-i_3204,"LINESTRING (-96.43920000000001 30.71551025762, -96.45 30.71551025762",230.0
PASADENA 2 2-PASADENA 2 1-i_2189,"LINESTRING (-95.162079 29.715995970726297, -95.162079 29.722248926690806",115.0
ODESSA 1 1-ODESSA 1 0-i_107,"LINESTRING (-102.31380000000001 31.808947319834704, -102.3084 31.82500733984199",18.0
LAPORTE 2-LAPORTE 1-i_2536,"LINESTRING (-95.04542700000002 29.719271744484594, -95.04542700000002 29.724273977160806",115.0
GRAND PRAIRIE 3 1-GRAND PRAIRIE 3 0-i_1579,"LINESTRING (-97.016052 32.662528464797305, -97.02037200000001 32.662528464797305",161.0
TEMPLE 1 4-TEMPLE 1 0-i_1411,"LINESTRING (-97.311822 31.033471416601706, -97.306422 31.049664812048306",13.8
SILVER 4-SILVER 0-i_375,"LINESTRING (-100.67910000000002 32.03092734319301, -100.6737 32.043897182145",13.8
HOUSTON 5 7-HOUSTON 5 0-i_2608,"LINESTRING (-95.52556 29.93015710127161, -95.5234 29.9392043515847",18.0
WILLIS 1 1-WILLIS 1 0-i_2964,"LINESTRING (-95.4998 30.429391969007707, -95.51059999999998 30.429391969007707",230.0
CEDAR CREEK 1 1-CEDAR CREEK 1 0-i_2132,"LINESTRING (-97.53560000000002 30.143309487828606, -97.5428 30.143309487828606",230.0
CHRISTOVAL 2-CHRISTOVAL 0-i_331,"LINESTRING (-100.66622 31.072331201834395, -100.66082000000002 31.07926873175702",13.8
FAIRFIELD 1 4-FAIRFIELD 1 0-i_3079,"LINESTRING (-96.1005 31.8746514160553, -96.09510000000002 31.884586583442704",18.0
MOUNT PLEASANT 1 1-MOUNT PLEASANT 1 0-i_3182,"LINESTRING (-95.00570000000002 33.085667648788416, -95.0237 33.085667648788416",230.0
LEAGUE CITY 1-LEAGUE CITY 0-i_2394,"LINESTRING (-95.078667 29.501283438387105, -95.082987 29.501283438387105",115.0
SAN MARCOS 2-SAN MARCOS 1-i_2070,"LINESTRING (-97.96184400000001 29.875167555813093, -97.957524 29.877664809171414",115.0
BRENHAM 2-BRENHAM 1-i_1775,"LINESTRING (-96.399472 30.199519206920616, -96.388672 30.208852977826588",115.0
TEMPLE 1 2-TEMPLE 1 0-i_1409,"LINESTRING (-97.311822 31.039640653940793, -97.306422 31.049664812048306",13.8
GRANBURY 2 4-GRANBURY 2 0-i_1556,"LINESTRING (-97.695516 32.393025166580806, -97.693356 32.40062438513922",18.0
FANNIN 2-FANNIN 0-i_556,"LINESTRING (-97.192567 28.697012109351192, -97.20336700000001 28.706485129612496",13.8
MONAHANS 1 5-MONAHANS 1 0-i_84,"LINESTRING (-102.9219 31.552460543758492, -102.92730000000002 31.57776630436199",18.0
GRAHAM 3-GRAHAM 0-i_964,"LINESTRING (-98.59910000000002 33.118571889248805, -98.59369999999998 33.128370579972",13.8
SUGAR LAND 2 2-SUGAR LAND 2 1-i_2515,"LINESTRING (-95.63169600000002 29.560733394819216, -95.627376 29.564491004522885",115.0
O DONNELL 2 1-O DONNELL 2 0-i_47,"LINESTRING (-101.575017 32.91314896301149, -101.56961700000001 32.92297051176409",13.8
SPRING 7 1-SPRING 7 0-i_2633,"LINESTRING (-95.52027900000002 30.038382843429996, -95.52459900000001 30.038382843429996",230.0
FAIRFIELD 1 2-FAIRFIELD 1 1-i_3085,"LINESTRING (-96.07709999999999 31.875415697740298, -96.07709999999999 31.884586583442704",115.0
WICHITA FALLS 1 2-WICHITA FALLS 1 0-i_217,"LINESTRING (-98.48050000000002 33.9006018474354, -98.4751 33.90732463442219",18.0
BASTROP 3-BASTROP 0-i_1598,"LINESTRING (-97.2582 30.132368407185808, -97.2528 30.1393735890793",13.8
ABILENE 1 1-ABILENE 1 0-i_441,"LINESTRING (-99.6204 32.5083283490131, -99.6384 32.5083283490131",161.0
MABANK 2 3-MABANK 2 2-i_973,"LINESTRING (-96.083732 32.26253927803161, -96.094532 32.26253927803161",115.0
JAYTON 2-JAYTON 1-i_241,"LINESTRING (-100.48816700000002 32.95461946043171, -100.48816700000002 32.9636812939513",115.0
BOERNE 2 1-BOERNE 2 0-i_2122,"LINESTRING (-98.697635 29.856719284854496, -98.70195500000001 29.856719284854496",115.0
RICHARDSON 2 1-RICHARDSON 2 0-i_1075,"LINESTRING (-96.73344 32.97364694061329, -96.73776 32.97364694061329",161.0
AUSTIN 3 1-AUSTIN 3 0-i_1715,"LINESTRING (-97.784408 30.29093722253551, -97.791608 30.29093722253551",230.0
NURSERY 7-NURSERY 0-i_2239,"LINESTRING (-97.1224 28.8623886839057, -97.117 28.888396142184707",18.0
SHERMAN 1 2-SHERMAN 1 0-i_262,"LINESTRING (-96.60529300000002 33.56982578902888, -96.599893 33.57657454698819",20.0
CORPUS CHRISTI 1 2-CORPUS CHRISTI 1 0-i_783,"LINESTRING (-97.45170000000002 27.806735574515688, -97.4463 27.813899999999997",13.8
GREENVILLE 1 1-GREENVILLE 1 0-i_946,"LINESTRING (-96.0904 33.1646730744551, -96.10840000000002 33.1646730744551",161.0
SYNDER 1-SYNDER 0-i_471,"LINESTRING (-100.735349 32.726423627522806, -100.729949 32.733237585622604",13.8
MOUNT PLEASANT 1 3-MOUNT PLEASANT 1 0-i_3184,"LINESTRING (-95.02910000000001 33.078880759025, -95.0237 33.085667648788416",18.0
CHANNELVIEW 1 2-CHANNELVIEW 1 1-i_2960,"LINESTRING (-95.09333 29.8061044515485, -95.09333 29.81360120655609",115.0
MARBLE FALLS 2 5-MARBLE FALLS 2 0-i_2044,"LINESTRING (-98.3186 30.530420989777507, -98.3132 30.549799646599485",13.8
MT. ENTERPRISE 1-MT. ENTERPRISE 0-i_3124,"LINESTRING (-94.583743 32.0117210377083, -94.601743 32.0117210377083",230.0
PASADENA 3 2-PASADENA 3 1-i_2835,"LINESTRING (-95.03140000000002 29.613737066041498, -95.03140000000002 29.619996382330505",115.0
POINT COMFORT 2 2-POINT COMFORT 2 1-i_2357,"LINESTRING (-96.50570000000002 28.67590892639741, -96.50570000000002 28.68538385629629",115.0
GRAHAM 1-GRAHAM 0-i_962,"LINESTRING (-98.5757 33.128370579972, -98.59369999999998 33.128370579972",161.0
HASKELL 2-HASKELL 1-i_291,"LINESTRING (-99.639589 33.110624136877504, -99.62878900000001 33.1166547754508",115.0
WADSWORTH 3-WADSWORTH 0-i_2449,"LINESTRING (-96.0355 28.781591002395697, -96.0301 28.788690098280515",13.8
THOMPSONS 4-THOMPSONS 0-i_2930,"LINESTRING (-95.62606 29.476218780013504, -95.6239 29.480292918965713",13.8
ANGLETON 1-ANGLETON 0-i_2803,"LINESTRING (-95.42848800000002 29.16863423160271, -95.43928800000002 29.16863423160271",115.0
BAYTOWN 3 4-BAYTOWN 3 0-i_2852,"LINESTRING (-94.992237 29.743202629355608, -94.99007700000001 29.751016643956905",13.2
NEW BRAUNFELS 1 4-NEW BRAUNFELS 1 0-i_2140,"LINESTRING (-98.01776 29.73063536424969, -98.01560000000002 29.73469923703731",22.0
LAPORTE 10-LAPORTE 0-i_2532,"LINESTRING (-95.05478700000002 29.712705935755206, -95.052627 29.724273977160806",13.8
FRANKLIN 3-FRANKLIN 2-i_3138,"LINESTRING (-96.46860000000001 31.158737879104606, -96.45060000000001 31.164898985917908",161.0
WHARTON 1 6-WHARTON 1 0-i_2876,"LINESTRING (-96.0557 29.265033736801307, -96.0503 29.2815201581002",24.0
PASADENA 1 2-PASADENA 1 1-i_2913,"LINESTRING (-95.203078 29.713328191541795, -95.19587800000001 29.72083189137611",115.0
STERLING CITY 2 2-STERLING CITY 2 0-i_469,"LINESTRING (-100.787789 31.93590609668371, -100.78238900000001 31.94583465260022",18.0
TRINIDAD 1 1-TRINIDAD 1 0-i_3196,"LINESTRING (-96.07967700000002 32.1184211563178, -96.090477 32.1184211563178",161.0
HOUSTON 4 1-HOUSTON 4 0-i_2667,"LINESTRING (-95.38095999999999 29.718546834432193, -95.38816 29.718546834432193",230.0
PEARSALL 2-PEARSALL 0-i_753,"LINESTRING (-99.07930000000002 28.910956786835612, -99.0739 28.92119813472441",20.0
SEGUIN 1 6-SEGUIN 1 0-i_1959,"LINESTRING (-97.968175 29.582725160287595, -97.96601500000001 29.5905516511325",13.8
DENTON 1 1-DENTON 1 0-i_1222,"LINESTRING (-97.09170000000002 33.1950900168082, -97.0989 33.1950900168082",161.0
SYNDER 2-SYNDER 0-i_472,"LINESTRING (-100.735349 32.72339503452461, -100.729949 32.733237585622604",13.8
HOUSTON 5 1-HOUSTON 5 0-i_2603,"LINESTRING (-95.5162 29.9392043515847, -95.5234 29.9392043515847",230.0
CLIFTON 1 1-CLIFTON 1 0-i_1038,"LINESTRING (-97.3631 31.85640550109459, -97.35770000000001 31.863285169870892",13.8
GRANBURY 2 5-GRANBURY 2 0-i_1557,"LINESTRING (-97.695516 32.391809232262695, -97.693356 32.40062438513922",18.0
LAPORTE 8-LAPORTE 0-i_2530,"LINESTRING (-95.05478700000002 29.7152072468607, -95.052627 29.724273977160806",13.8
GREENVILLE 1 2-GREENVILLE 1 0-i_947,"LINESTRING (-96.1138 33.148850423698306, -96.10840000000002 33.1646730744551",22.0
MISSION 1 4-MISSION 1 0-i_671,"LINESTRING (-98.3866 26.145807671045695, -98.38120000000002 26.175696438298097",24.0
BUCHANAN DAM 1 1-BUCHANAN DAM 1 0-i_462,"LINESTRING (-98.38182200000001 30.718446672987206, -98.376422 30.7254098931674",13.2
BAYTOWN 1 3-BAYTOWN 1 0-i_2707,"LINESTRING (-94.90886 29.66783125829779, -94.90670000000001 29.6718976727995",18.0
HOUSTON 5 2-HOUSTON 69 0-i_2620,"LINESTRING (-95.5162 29.93296495664351, -95.49245800000001 29.954738741390297",115.0
PALO PINTO 1 4-PALO PINTO 1 0-i_1568,"LINESTRING (-98.29770000000002 32.633091906071485, -98.29230000000001 32.65203807393819",13.8
PALO PINTO 1 1-PALO PINTO 1 0-i_1565,"LINESTRING (-98.27430000000001 32.65203807393819, -98.29230000000001 32.65203807393819",161.0
THOMPSONS 10-THOMPSONS 0-i_2936,"LINESTRING (-95.62606 29.468696862513887, -95.6239 29.480292918965713",13.8
CEDAR PARK 2-CEDAR PARK 1-i_1869,"LINESTRING (-97.81988 30.497745324081908, -97.81556 30.50146757711399",115.0
ALBANY 1 1-ALBANY 1 0-i_1548,"LINESTRING (-99.3868 32.76224555758349, -99.4048 32.76224555758349",230.0
GLEN ROSE 1 1-GLEN ROSE 1 0-i_1379,"LINESTRING (-97.749515 32.29227880069791, -97.767515 32.29227880069791",161.0
BREMOND 2-BREMOND 1-i_3202,"LINESTRING (-96.67343000000001 31.07650963202719, -96.67343000000001 31.085759152857804",115.0
CEDAR CREEK 1 5-CEDAR CREEK 1 0-i_2135,"LINESTRING (-97.54496000000002 30.136771594285992, -97.5428 30.143309487828606",13.8
POINT COMFORT 2 1-POINT COMFORT 2 0-i_2348,"LINESTRING (-96.50570000000002 28.68538385629629, -96.52370000000002 28.68538385629629",230.0
ROCKDALE 1 1-ROCKDALE 1 0-i_1849,"LINESTRING (-97.028032 30.55967127726221, -97.04603200000001 30.55967127726221",230.0
LEAGUE CITY 1-LEAGUE CITY 0-i_2395,"LINESTRING (-95.078667 29.501283438387105, -95.082987 29.501283438387105",115.0
GALVESTON 1 1-GALVESTON 1 0-i_2374,"LINESTRING (-94.75416800000002 29.304256556118613, -94.76496800000001 29.304256556118613",115.0
LEWSIVILLE 2-LEWSIVILLE 0-i_1573,"LINESTRING (-96.960546 33.010891794882205, -96.958386 33.017231133674",13.8
SARITA 3 1-SARITA 3 0-i_508,"LINESTRING (-97.48609999999998 27.0637885794484, -97.4969 27.0637885794484",20.0
ARLINGTON 1 6-ARLINGTON 1 0-i_980,"LINESTRING (-97.13705 32.7626818970566, -97.13488999999998 32.772671457267094",13.8
MCKINNEY 1 6-MCKINNEY 1 0-i_1431,"LINESTRING (-96.59662600000001 33.1557933842877, -96.594466 33.164533176213496",13.8
MT. ENTERPRISE 3-MT. ENTERPRISE 0-i_3125,"LINESTRING (-94.607143 32.00790522975309, -94.601743 32.0117210377083",13.8
MONAHANS 1 1-MONAHANS 1 0-i_80,"LINESTRING (-102.9219 31.564730860981797, -102.92730000000002 31.57776630436199",18.0
WICHITA FALLS 1 1-WICHITA FALLS 1 0-i_215,"LINESTRING (-98.4571 33.90732463442219, -98.4751 33.90732463442219",161.0
SAN MARCOS 2-SAN MARCOS 1-i_2069,"LINESTRING (-97.96184400000001 29.875167555813093, -97.957524 29.877664809171414",115.0
CYPRESS 1 2-CYPRESS 1 1-i_2699,"LINESTRING (-95.66512399999999 29.989044884309898, -95.66080400000001 29.995280759578108",115.0
PASADENA 2 3-PASADENA 2 0-i_2180,"LINESTRING (-95.171439 29.71818454962419, -95.169279 29.722248926690806",13.8
BRYSON 1 1-BRYSON 1 0-i_1281,"LINESTRING (-98.32906900000002 33.19977648884561, -98.34706899999999 33.19977648884561",161.0
HOUSTON 4 2-HOUSTON 4 1-i_2683,"LINESTRING (-95.38095999999999 29.709792264146415, -95.38095999999999 29.718546834432193",115.0
DALLAS 2 4-DALLAS 2 0-i_1459,"LINESTRING (-96.93076 32.713104880199, -96.92860000000002 32.72067704351759",13.8
SAN ANTONIO 37 2-SAN ANTONIO 37 1-i_2020,"LINESTRING (-98.56513100000001 29.494187974427106, -98.560811 29.499201386850604",115.0
GARLAND 1 1-GARLAND 1 0-i_1500,"LINESTRING (-96.56768500000001 32.85519770528371, -96.57200500000002 32.85519770528371",161.0
WHARTON 1 2-WHARTON 1 1-i_2879,"LINESTRING (-96.0323 29.26581886477861, -96.0323 29.2815201581002",115.0
SAN ANTONIO 52 1-SAN ANTONIO 52 0-i_1967,"LINESTRING (-98.878015 29.35474081914091, -98.882335 29.35474081914091",230.0
CORPUS CHRISTI 1 3-CORPUS CHRISTI 1 0-i_784,"LINESTRING (-97.45170000000002 27.803551233740407, -97.4463 27.813899999999997",13.8
PARIS 1 1-PARIS 1 0-i_274,"LINESTRING (-95.554 33.62480490119471, -95.57199999999999 33.62480490119471",161.0
SAN ANTONIO 1 2-SAN ANTONIO 1 1-i_1924,"LINESTRING (-98.32889999999999 29.41886597508869, -98.32889999999999 29.426391586690492",115.0
CUERO 1 6-CUERO 1 0-i_2113,"LINESTRING (-97.322036 29.100621673771613, -97.316636 29.123424464446497",13.8
BLACKWELL 1-BLACKWELL 0-i_324,"LINESTRING (-100.26500000000001 32.1790582643664, -100.2596 32.192007078000785",18.0
BRACKETTVILLE 2 1-BRACKETTVILLE 2 0-i_422,"LINESTRING (-100.205567 29.218228035189206, -100.200167 29.2284388980824",13.8
ARCHER 2 1-ARCHER 2 0-i_233,"LINESTRING (-98.57834400000002 33.48029558350581, -98.57294400000002 33.4870513323145",18.0
BAYTOWN 2 4-BAYTOWN 2 0-i_2384,"LINESTRING (-94.89686 29.766537714985414, -94.8947 29.770600132592996",13.8
TYLER 4 1-TYLER 4 0-i_3034,"LINESTRING (-95.280623 32.31585238389079, -95.291423 32.31585238389079",115.0
CYPRESS 1 2-CYPRESS 1 1-i_2700,"LINESTRING (-95.66512399999999 29.989044884309898, -95.66080400000001 29.995280759578108",115.0
COLUMBUS 1-COLUMBUS 0-i_2006,"LINESTRING (-96.40386 29.689724408088615, -96.41466 29.689724408088615",115.0
PEARSALL 7-PEARSALL 0-i_758,"LINESTRING (-99.07930000000002 28.895198892753402, -99.0739 28.92119813472441",20.0
RALLS 1 2-RALLS 1 1-i_259,"LINESTRING (-101.35400000000001 33.64612774620488, -101.35400000000001 33.6551180115106",161.0
FREEPORT 1 5-FREEPORT 1 0-i_2898,"LINESTRING (-95.3294 28.963665200993894, -95.324 28.97390134047749",13.8
PALO PINTO 1 2-PALO PINTO 1 0-i_1566,"LINESTRING (-98.29770000000002 32.639155116415594, -98.29230000000001 32.65203807393819",13.8
VICTORIA 2 1-VICTORIA 2 0-i_2297,"LINESTRING (-96.97399999999999 28.78198969280541, -96.992 28.78198969280541",230.0
GREGORY 5-GREGORY 0-i_633,"LINESTRING (-97.245817 27.8662189772609, -97.240417 27.882926070783",13.8
BASTROP 7-BASTROP 0-i_1602,"LINESTRING (-97.2582 30.11991352296321, -97.2528 30.1393735890793",13.8
LAPORTE 12-LAPORTE 0-i_2534,"LINESTRING (-95.05478700000002 29.71020456233079, -95.052627 29.724273977160806",13.8
SAN ANTONIO 2 2-SAN ANTONIO 2 1-i_1746,"LINESTRING (-98.5995 29.5813864574687, -98.5995 29.586395547977702",115.0
MARION 1 4-MARION 1 0-i_1782,"LINESTRING (-98.13686 29.616576135777205, -98.13470000000001 29.621896429536815",18.0
SUGAR LAND 3 1-SUGAR LAND 3 0-i_2276,"LINESTRING (-95.69944900000002 29.667501563415392, -95.703769 29.667501563415392",230.0
KATY 3 1-KATY 3 0-i_2919,"LINESTRING (-95.820931 29.738129322559097, -95.82525100000001 29.738129322559097",230.0
CHANNELVIEW 1 1-CHANNELVIEW 1 0-i_2946,"LINESTRING (-95.09333 29.81360120655609, -95.10053000000002 29.81360120655609",230.0
HOUSTON 6 2-HOUSTON 6 1-i_2975,"LINESTRING (-95.210789 29.813455483430392, -95.210789 29.819702359047994",115.0
DALLAS 3 1-DALLAS 3 0-i_1537,"LINESTRING (-96.66990900000002 32.707882695939915, -96.674229 32.707882695939915",161.0
PASADENA 1 4-PASADENA 1 0-i_2909,"LINESTRING (-95.205238 29.715516828601803, -95.203078 29.72083189137611",20.0
BRYAN 1 2-BRYAN 1 1-i_3206,"LINESTRING (-96.45 30.706224899113298, -96.43920000000001 30.71551025762",115.0
FRANKLIN 1-FRANKLIN 0-i_3133,"LINESTRING (-96.45060000000001 31.17413989490129, -96.46860000000001 31.17413989490129",230.0
NURSERY 2-NURSERY 1-i_2242,"LINESTRING (-97.099 28.878939637895215, -97.099 28.888396142184707",115.0
PEARSALL 6-PEARSALL 0-i_757,"LINESTRING (-99.07930000000002 28.898350662980615, -99.0739 28.92119813472441",20.0
HOUSTON 5 10-HOUSTON 5 0-i_2611,"LINESTRING (-95.52556 29.926413170872888, -95.5234 29.9392043515847",18.0
JAYTON 1-JAYTON 0-i_237,"LINESTRING (-100.48816700000002 32.9636812939513, -100.50616700000002 32.9636812939513",115.0
WHARTON 1 1-WHARTON 1 0-i_2872,"LINESTRING (-96.0323 29.2815201581002, -96.0503 29.2815201581002",230.0
SAN ANTONIO 2 5-SAN ANTONIO 2 0-i_1737,"LINESTRING (-98.60886 29.579821065701395, -98.6067 29.586395547977702",13.8
SUGAR LAND 2 1-SUGAR LAND 2 0-i_2511,"LINESTRING (-95.627376 29.564491004522885, -95.63169600000002 29.564491004522885",230.0
MISSOURI CITY 2 1-MISSOURI CITY 2 0-i_2661,"LINESTRING (-95.549508 29.47091068690631, -95.553828 29.47091068690631",115.0
BASTROP 5-BASTROP 0-i_1600,"LINESTRING (-97.2582 30.126141161460993, -97.2528 30.1393735890793",13.8
TEMPLE 1 1-TEMPLE 1 0-i_1408,"LINESTRING (-97.288422 31.049664812048306, -97.306422 31.049664812048306",161.0
ROCKDALE 1 2-ROCKDALE 1 1-i_1853,"LINESTRING (-97.028032 30.5503709504365, -97.028032 30.55967127726221",115.0
NURSERY 6-NURSERY 0-i_2238,"LINESTRING (-97.1224 28.86554144979861, -97.117 28.888396142184707",18.0
PASADENA 1 3-PASADENA 1 0-i_2908,"LINESTRING (-95.205238 29.71676745692711, -95.203078 29.72083189137611",20.0
THOMPSONS 2-THOMPSONS 1-i_2942,"LINESTRING (-95.6167 29.474024945058016, -95.6167 29.480292918965713",115.0
HASKELL 1-HASKELL 0-i_290,"LINESTRING (-99.62878900000001 33.1166547754508, -99.639589 33.1166547754508",115.0
FREEPORT 1 4-FREEPORT 1 0-i_2897,"LINESTRING (-95.3294 28.966814890199387, -95.324 28.97390134047749",13.8
GRANBURY 1 3-GRANBURY 1 0-i_1448,"LINESTRING (-97.719086 32.324333632451896, -97.713686 32.34030338183329",13.2
SEGUIN 1 4-SEGUIN 1 0-i_1957,"LINESTRING (-97.968175 29.585229703398298, -97.96601500000001 29.5905516511325",13.8
LAKE JACKSON 1-LAKE JACKSON 0-i_2883,"LINESTRING (-95.45424300000002 29.0441696229416, -95.465043 29.0441696229416",115.0
MT. ENTERPRISE 5-MT. ENTERPRISE 0-i_3127,"LINESTRING (-94.607143 32.001799606618185, -94.601743 32.0117210377083",13.8
GOLDTHWAITE 1 2-GOLDTHWAITE 1 1-i_1348,"LINESTRING (-98.430667 31.367965101353597, -98.430667 31.377186142184094",115.0
SILVER 1-SILVER 0-i_372,"LINESTRING (-100.65570000000001 32.043897182145, -100.6737 32.043897182145",115.0
AUSTIN 3 2-AUSTIN 3 1-i_1722,"LINESTRING (-97.784408 30.285963478461994, -97.784408 30.29093722253551",115.0
PASADENA 3 6-PASADENA 3 0-i_2832,"LINESTRING (-95.04076 29.613424090023408, -95.0386 29.619996382330505",13.8
LEANDER 1 1-LEANDER 1 0-i_1653,"LINESTRING (-97.899257 30.560071073585085, -97.903577 30.560071073585085",230.0
VICTORIA 2 2-VICTORIA 2 1-i_2301,"LINESTRING (-96.97399999999999 28.772523516131912, -96.97399999999999 28.78198969280541",115.0
FALCON HEIGHTS 1 3-FALCON HEIGHTS 1 0-i_607,"LINESTRING (-99.1606 26.53737229575089, -99.1552 26.551059519006003",13.8
HOUSTON 4 2-HOUSTON 4 1-i_2682,"LINESTRING (-95.38095999999999 29.709792264146415, -95.38095999999999 29.718546834432193",115.0
STERLING CITY 1 3-STERLING CITY 1 0-i_406,"LINESTRING (-100.9155 31.903945456230797, -100.9101 31.91998893462841",18.0
ALEDO 1 2-ALEDO 1 0-i_872,"LINESTRING (-97.50916000000001 32.7142394205182, -97.507 32.718176975589984",13.8
LAREDO 1 2-LAREDO 1 0-i_729,"LINESTRING (-99.49630000000002 27.553136129810902, -99.49090000000001 27.56031721101819",13.8
SARITA 3 1-SARITA 3 0-i_509,"LINESTRING (-97.48609999999998 27.0637885794484, -97.4969 27.0637885794484",20.0
DENTON 1 2-DENTON 1 0-i_1223,"LINESTRING (-97.10106 33.18996858231391, -97.0989 33.1950900168082",13.8
CORPUS CHRISTI 3 1-CORPUS CHRISTI 3 0-i_680,"LINESTRING (-97.2757 27.58087585581529, -97.2937 27.58087585581529",115.0
PASADENA 3 3-PASADENA 3 0-i_2829,"LINESTRING (-95.04076 29.617179738104713, -95.0386 29.619996382330505",13.8
NEW BRAUNFELS 1 2-NEW BRAUNFELS 1 1-i_2144,"LINESTRING (-98.0084 29.730947975693397, -98.0084 29.73469923703731",115.0
EL CAMPO 1-EL CAMPO 0-i_2363,"LINESTRING (-96.258985 29.206043524274207, -96.26978500000003 29.206043524274207",115.0
PFLUGERVILLE 2-PFLUGERVILLE 1-i_1691,"LINESTRING (-97.59026000000001 30.432326155775396, -97.58594 30.4360509097312",115.0
MARION 1 1-MARION 1 0-i_1780,"LINESTRING (-98.1275 29.621896429536815, -98.13470000000001 29.621896429536815",230.0
ROGERS 1-ROGERS 0-i_1544,"LINESTRING (-97.20542300000001 30.93400732785931, -97.216223 30.93400732785931",115.0
ODESSA 1 8-ODESSA 1 0-i_114,"LINESTRING (-102.3084 31.834183240019108, -102.3084 31.82500733984199",500.0
DALLAS 1 3-DALLAS 1 0-i_913,"LINESTRING (-96.63940400000001 32.6410327240271, -96.63724400000001 32.646186021553305",13.2
HOUSTON 4 3-HOUSTON 4 0-i_2669,"LINESTRING (-95.39032 29.715732948669206, -95.38816 29.718546834432193",13.8
BAYTOWN 1 7-BAYTOWN 1 0-i_2711,"LINESTRING (-94.90886 29.662826214754595, -94.90670000000001 29.6718976727995",18.0
CORPUS CHRISTI 3 2-CORPUS CHRISTI 3 0-i_682,"LINESTRING (-97.29909999999998 27.567313737588698, -97.2937 27.58087585581529",13.8
NOLAN 1-NOLAN 0-i_419,"LINESTRING (-100.09640000000002 32.2718209937277, -100.091 32.281713091443294",24.0
BRIDGEPORT 1-BRIDGEPORT 0-i_1516,"LINESTRING (-97.8848 33.1903748419846, -97.90280000000003 33.1903748419846",161.0
AUSTIN 27 1-AUSTIN 27 0-i_2055,"LINESTRING (-97.78878 30.20435503016379, -97.79310000000001 30.20435503016379",115.0
BRYAN 1 2-BRYAN 1 1-i_3205,"LINESTRING (-96.45 30.706224899113298, -96.43920000000001 30.71551025762",115.0
PASADENA 3 4-PASADENA 3 0-i_2830,"LINESTRING (-95.04076 29.615927870959286, -95.0386 29.619996382330505",13.8
MCKINNEY 1 1-MCKINNEY 1 0-i_1426,"LINESTRING (-96.587266 33.164533176213496, -96.594466 33.164533176213496",161.0
GRANBURY 1 4-GRANBURY 1 0-i_1449,"LINESTRING (-97.719086 32.32129145601041, -97.713686 32.34030338183329",13.2
DALLAS 1 5-DALLAS 1 0-i_915,"LINESTRING (-96.63940400000001 32.6386075401017, -96.63724400000001 32.646186021553305",13.2
HOUSTON 5 9-HOUSTON 5 0-i_2610,"LINESTRING (-95.52556 29.927661163320906, -95.5234 29.9392043515847",18.0
THOMPSONS 5-THOMPSONS 0-i_2931,"LINESTRING (-95.62606 29.4749651658525, -95.6239 29.480292918965713",13.8
MARLIN 1-MARLIN 0-i_1134,"LINESTRING (-96.79263900000001 31.19623533271911, -96.803439 31.19623533271911",115.0
WINGATE 2-WINGATE 0-i_397,"LINESTRING (-100.04452000000002 32.194985596652316, -100.03912000000001 32.20793214444782",13.8
KERRVILLE 1-KERRVILLE 0-i_294,"LINESTRING (-99.141439 30.0304677283368, -99.152239 30.0304677283368",115.0
WADSWORTH 4-WADSWORTH 0-i_2450,"LINESTRING (-96.0355 28.77843569355472, -96.0301 28.788690098280515",13.8
SNYDER 1 1-SNYDER 1 0-i_360,"LINESTRING (-100.9916 32.70752689988102, -100.98620000000001 32.71434230195669",22.0
SHERMAN 1 3-SHERMAN 1 0-i_263,"LINESTRING (-96.60529300000002 33.56682617169601, -96.599893 33.57657454698819",20.0
ARLINGTON 1 5-ARLINGTON 1 0-i_979,"LINESTRING (-97.13705 32.7638928125455, -97.13488999999998 32.772671457267094",13.8
MARION 1 2-MARION 1 1-i_1787,"LINESTRING (-98.1275 29.616889102008297, -98.1275 29.621896429536815",115.0
ODESSA 1 10-ODESSA 1 0-i_116,"LINESTRING (-102.2904 31.834183240019108, -102.3084 31.82500733984199",230.0
CORPUS CHRISTI 3 5-CORPUS CHRISTI 3 0-i_685,"LINESTRING (-97.29909999999998 27.557739468474, -97.2937 27.58087585581529",13.8
GRANBURY 2 1-GRANBURY 2 0-i_1553,"LINESTRING (-97.686156 32.40062438513922, -97.693356 32.40062438513922",161.0
EAGLE PASS 1-EAGLE PASS 0-i_522,"LINESTRING (-100.25528800000001 28.47006691240151, -100.26608800000001 28.47006691240151",115.0
FAIRFIELD 1 3-FAIRFIELD 1 0-i_3078,"LINESTRING (-96.1005 31.877708504757106, -96.09510000000002 31.884586583442704",18.0
RALLS 1 3-RALLS 1 0-i_257,"LINESTRING (-101.37740000000001 33.65137218175279, -101.37200000000001 33.6551180115106",18.0
NEW BRAUNFELS 1 3-NEW BRAUNFELS 1 0-i_2139,"LINESTRING (-98.01776 29.731885804180102, -98.01560000000002 29.73469923703731",22.0
GOLDTHWAITE 1 1-GOLDTHWAITE 1 0-i_1344,"LINESTRING (-98.430667 31.377186142184094, -98.448667 31.377186142184094",161.0
PASADENA 2 2-PASADENA 2 1-i_2188,"LINESTRING (-95.162079 29.715995970726297, -95.162079 29.722248926690806",115.0
WADSWORTH 2-WADSWORTH 1-i_2452,"LINESTRING (-96.0121 28.779224529713215, -96.0121 28.788690098280515",115.0
SAN ANTONIO 12 1-SAN ANTONIO 12 0-i_1703,"LINESTRING (-98.398171 29.58335747258072, -98.40249100000001 29.58335747258072",115.0
SAN ANTONIO 1 2-SAN ANTONIO 1 1-i_1923,"LINESTRING (-98.32889999999999 29.41886597508869, -98.32889999999999 29.426391586690492",115.0
WINCHESTER 1-WINCHESTER 0-i_1841,"LINESTRING (-96.95150000000001 30.031866816332393, -96.96949999999998 30.031866816332393",230.0
SARITA 2 1-SARITA 2 0-i_792,"LINESTRING (-97.5283 27.113291412381788, -97.53910000000002 27.113291412381788",13.8
SAN ANTONIO 1 1-SAN ANTONIO 1 0-i_1911,"LINESTRING (-98.32889999999999 29.426391586690492, -98.3361 29.426391586690492",230.0
DALLAS 1 6-DALLAS 1 0-i_916,"LINESTRING (-96.63940400000001 32.63739492348349, -96.63724400000001 32.646186021553305",13.2
HOUSTON 4 5-HOUSTON 4 0-i_2671,"LINESTRING (-95.39032 29.713231650661907, -95.38816 29.718546834432193",13.8
PEARSALL 5-PEARSALL 0-i_756,"LINESTRING (-99.07930000000002 28.901502337509, -99.0739 28.92119813472441",20.0
PARIS 2 1-PARIS 2 0-i_165,"LINESTRING (-95.52170000000001 33.69080949840439, -95.5397 33.69080949840439",161.0
PASADENA 3 2-PASADENA 3 1-i_2834,"LINESTRING (-95.03140000000002 29.613737066041498, -95.03140000000002 29.619996382330505",115.0
POINT COMFORT 2 4-POINT COMFORT 2 0-i_2350,"LINESTRING (-96.5291 28.67196078598021, -96.52370000000002 28.68538385629629",13.8
DALLAS 2 1-DALLAS 2 0-i_1455,"LINESTRING (-96.92139999999999 32.72067704351759, -96.92860000000002 32.72067704351759",161.0
HOUSTON 90 2-HOUSTON 90 1-i_2758,"LINESTRING (-95.6556 29.81999028611692, -95.65128000000001 29.824987491167203",115.0
MERKEL 1 1-MERKEL 1 0-i_435,"LINESTRING (-100.140986 32.3121361342405, -100.15898600000001 32.3121361342405",115.0
SAN ANTONIO 47 2-SAN ANTONIO 47 1-i_2160,"LINESTRING (-98.660316 29.49843979804509, -98.65599600000002 29.50094643004501",115.0
DALLAS 2 2-DALLAS 2 0-i_1457,"LINESTRING (-96.93076 32.7155280424052, -96.92860000000002 32.72067704351759",13.8
JACKSONVILLE 1 1-JACKSONVILLE 1 0-i_3168,"LINESTRING (-94.953834 31.933739848500522, -94.971834 31.933739848500522",230.0
WACO 1 1-WACO 1 0-i_1161,"LINESTRING (-97.06225399999998 31.469530192503402, -97.07305400000001 31.469530192503402",161.0
PASADENA 2 6-PASADENA 2 0-i_2183,"LINESTRING (-95.171439 29.714432670870917, -95.169279 29.722248926690806",13.8
GREGORY 2-GREGORY 0-i_630,"LINESTRING (-97.245817 27.875766203357006, -97.240417 27.882926070783",13.8
ELMENDORF 9-ELMENDORF 0-i_2088,"LINESTRING (-98.37746 29.241309020756596, -98.37530000000001 29.254187345212085",13.8
HOUSTON 4 8-HOUSTON 4 0-i_2674,"LINESTRING (-95.39032 29.709479586802807, -95.38816 29.718546834432193",13.8
FALCON HEIGHTS 1 2-FALCON HEIGHTS 1 0-i_606,"LINESTRING (-99.1606 26.540592965811413, -99.1552 26.551059519006003",13.8
AUSTIN 2 5-AUSTIN 2 0-i_2099,"LINESTRING (-97.60786 30.202021993886394, -97.60570000000001 30.207311104921697",13.8
PEARSALL 4-PEARSALL 0-i_755,"LINESTRING (-99.07930000000002 28.904653916332006, -99.0739 28.92119813472441",20.0
ARLINGTON 1 1-ARLINGTON 1 0-i_975,"LINESTRING (-97.12769 32.772671457267094, -97.13488999999998 32.772671457267094",161.0
ARLINGTON 1 1-ARLINGTON 1 0-i_974,"LINESTRING (-97.12769 32.772671457267094, -97.13488999999998 32.772671457267094",161.0
LAPORTE 6-LAPORTE 0-i_2528,"LINESTRING (-95.05478700000002 29.717708495644203, -95.052627 29.724273977160806",13.8
AUSTIN 1 1-AUSTIN 1 0-i_2169,"LINESTRING (-97.833946 30.394866861665406, -97.838266 30.394866861665406",230.0
CHANNELVIEW 1 8-CHANNELVIEW 1 0-i_2953,"LINESTRING (-95.10269000000001 29.804542556854592, -95.10053000000002 29.81360120655609",18.0
PARIS 1 2-PARIS 1 0-i_275,"LINESTRING (-95.57739999999998 33.6150619758586, -95.57199999999999 33.62480490119471",13.8
ARLINGTON 1 4-ARLINGTON 1 0-i_978,"LINESTRING (-97.13705 32.76510371156449, -97.13488999999998 32.772671457267094",13.8
SAN ANTONIO 32 1-SAN ANTONIO 32 0-i_2125,"LINESTRING (-98.517303 29.419895426275307, -98.521623 29.419895426275307",115.0
MONT BELVIEU 1-MONT BELVIEU 0-i_2844,"LINESTRING (-94.9053 29.822201421517615, -94.9125 29.822201421517615",115.0
POOLVILLE 1-POOLVILLE 0-i_1292,"LINESTRING (-97.8743 33.05226535834791, -97.89230000000002 33.05226535834791",161.0
ALEDO 1 1-ALEDO 1 0-i_870,"LINESTRING (-97.49980000000001 32.718176975589984, -97.507 32.718176975589984",161.0
ODESSA 1 4-ODESSA 1 0-i_110,"LINESTRING (-102.31380000000001 31.799768911680815, -102.3084 31.82500733984199",18.0
MONT BELVIEU 3-MONT BELVIEU 0-i_2846,"LINESTRING (-94.91465999999998 29.818141098271607, -94.9125 29.822201421517615",13.8
JACKSBORO 1 1-JACKSBORO 1 0-i_863,"LINESTRING (-98.30165200000002 33.0619360212675, -98.31965200000002 33.0619360212675",161.0
MARBLE FALLS 1 2-MARBLE FALLS 1 0-i_1802,"LINESTRING (-98.25399300000001 30.539011108264802, -98.248593 30.549087601116593",13.8
BELTON 1-BELTON 0-i_1151,"LINESTRING (-97.47830900000001 31.04551954337379, -97.489109 31.04551954337379",161.0
ALBANY 1 4-ALBANY 1 3-i_1552,"LINESTRING (-99.4048 32.74105176695758, -99.3868 32.75013543757941",115.0
PALO PINTO 1 6-PALO PINTO 1 0-i_1570,"LINESTRING (-98.29770000000002 32.6270282848396, -98.29230000000001 32.65203807393819",13.8
MOUNT PLEASANT 2 1-MOUNT PLEASANT 2 0-i_3159,"LINESTRING (-95.1399 33.32883538486579, -95.15070000000001 33.32883538486579",115.0
MABANK 2 2-MABANK 2 1-i_971,"LINESTRING (-96.094532 32.26253927803161, -96.083732 32.2716714175578",115.0
HERMLEIGH 1-HERMLEIGH 0-i_430,"LINESTRING (-100.6368 32.58253336574679, -100.6548 32.58253336574679",161.0
HOUSTON 5 3-HOUSTON 5 0-i_2604,"LINESTRING (-95.52556 29.935148789380204, -95.5234 29.9392043515847",18.0
BROWNSVILLE 1 1-BROWNSVILLE 1 0-i_812,"LINESTRING (-97.49980000000001 25.906623725411485, -97.51060000000001 25.906623725411485",115.0
HOUSTON 90 1-HOUSTON 90 0-i_2756,"LINESTRING (-95.65128000000001 29.824987491167203, -95.6556 29.824987491167203",230.0
CUERO 1 8-CUERO 1 0-i_2115,"LINESTRING (-97.322036 29.094330359524495, -97.316636 29.123424464446497",13.8
SPRING 7 1-SPRING 7 0-i_2634,"LINESTRING (-95.52027900000002 30.038382843429996, -95.52459900000001 30.038382843429996",230.0
SAN JUAN 1-SAN JUAN 0-i_597,"LINESTRING (-98.099712 26.138075486785393, -98.110512 26.138075486785393",115.0
LEANDER 1 2-LEANDER 1 1-i_1656,"LINESTRING (-97.903577 30.5563510651253, -97.899257 30.560071073585085",115.0
BIG SPRING 3 1-BIG SPRING 3 0-i_103,"LINESTRING (-101.447785 32.0878612318491, -101.442385 32.094723573481396",13.8
FLUVANNA 2 1-FLUVANNA 2 0-i_453,"LINESTRING (-101.111784 32.9418878041982, -101.12978400000001 32.9418878041982",115.0
WINCHESTER 5-WINCHESTER 0-i_1844,"LINESTRING (-96.9749 30.0217370567636, -96.96949999999998 30.031866816332393",13.8
MARION 1 5-MARION 1 0-i_1783,"LINESTRING (-98.13686 29.615324261134813, -98.13470000000001 29.621896429536815",18.0
SAN ANTONIO 1 3-SAN ANTONIO 1 0-i_1913,"LINESTRING (-98.33826000000002 29.4223152829411, -98.3361 29.426391586690492",13.8
KATY 2 1-KATY 2 0-i_2984,"LINESTRING (-95.73350300000001 29.743180448514394, -95.737823 29.743180448514394",115.0
BRIDGEPORT 2-BRIDGEPORT 0-i_1517,"LINESTRING (-97.90820000000001 33.1835960437718, -97.90280000000003 33.1903748419846",13.8
ELMENDORF 10-ELMENDORF 0-i_2089,"LINESTRING (-98.37746 29.240052512079192, -98.37530000000001 29.254187345212085",13.8
ODESSA 1 9-ODESSA 1 0-i_115,"LINESTRING (-102.31380000000001 31.78752961593661, -102.3084 31.82500733984199",18.0
LEWSIVILLE 1-LEWSIVILLE 0-i_1572,"LINESTRING (-96.960546 33.0120993231214, -96.958386 33.017231133674",13.8
BRUNI 1 1-BRUNI 1 0-i_801,"LINESTRING (-98.883678 27.569728758356298, -98.89447800000002 27.569728758356298",13.8
MARBLE FALLS 2 2-MARBLE FALLS 2 1-i_2047,"LINESTRING (-98.2952 30.54049837392111, -98.2952 30.549799646599485",115.0
FREEPORT 1 6-FREEPORT 1 0-i_2899,"LINESTRING (-95.3294 28.960515415952585, -95.324 28.97390134047749",13.8
MERKEL 1 2-MERKEL 1 0-i_436,"LINESTRING (-100.164386 32.305290171689286, -100.15898600000001 32.3121361342405",13.8
BIG SPRINGS 1-BIG SPRINGS 0-i_51,"LINESTRING (-101.2164 32.0260294673358, -101.21100000000001 32.03289644876491",13.8
FAIRFIELD 1 7-FAIRFIELD 1 0-i_3082,"LINESTRING (-96.1005 31.865479541371617, -96.09510000000002 31.884586583442704",18.0
PRESIDIO 1 1-PRESIDIO 1 0-i_20,"LINESTRING (-104.2964 29.583565207190606, -104.29100000000001 29.593739442223804",22.0
CHANNELVIEW 1 6-CHANNELVIEW 1 0-i_2951,"LINESTRING (-95.10269000000001 29.807041576657696, -95.10053000000002 29.81360120655609",18.0
NEW BRAUNFELS 2 2-NEW BRAUNFELS 2 1-i_1760,"LINESTRING (-98.066406 29.689372510142487, -98.06208599999998 29.694376232341686",115.0
VICTORIA 1 1-VICTORIA 1 0-i_2986,"LINESTRING (-96.934414 28.668770854419012, -96.94521399999999 28.668770854419012",230.0
GREENVILLE 1 3-GREENVILLE 1 0-i_948,"LINESTRING (-96.0904 33.15563190928269, -96.10840000000002 33.1646730744551",115.0
NURSERY 1-NURSERY 0-i_2234,"LINESTRING (-97.099 28.888396142184707, -97.117 28.888396142184707",230.0
SAVOY 2-SAVOY 0-i_129,"LINESTRING (-96.355005 33.6154025234591, -96.349605 33.62214771628871",13.8
POINT COMFORT 2 3-POINT COMFORT 2 0-i_2349,"LINESTRING (-96.5291 28.675119310217006, -96.52370000000002 28.68538385629629",13.8
WILLIS 1 2-WILLIS 1 1-i_2966,"LINESTRING (-95.51059999999998 30.420079181671394, -95.4998 30.429391969007707",115.0
HOUSTON 6 1-HOUSTON 6 0-i_2974,"LINESTRING (-95.210789 29.819702359047994, -95.215109 29.819702359047994",230.0
HOUSTON 4 11-HOUSTON 4 0-i_2677,"LINESTRING (-95.39032 29.705727382735684, -95.38816 29.718546834432193",13.8
LUFKIN 1 1-LUFKIN 1 0-i_3050,"LINESTRING (-94.740011 31.346619156679417, -94.734611 31.3596849973202",13.8
CEDAR CREEK 1 2-CEDAR CREEK 1 1-i_2136,"LINESTRING (-97.53560000000002 30.139573601700203, -97.53560000000002 30.143309487828606",115.0
ROUND ROCK 1 2-ROUND ROCK 1 0-i_1806,"LINESTRING (-97.688846 30.55053368856009, -97.68668599999998 30.55456393284689",13.8
PASADENA 1 2-PASADENA 1 1-i_2911,"LINESTRING (-95.203078 29.713328191541795, -95.19587800000001 29.72083189137611",115.0
CHANNELVIEW 1 2-CHANNELVIEW 1 1-i_2961,"LINESTRING (-95.09333 29.8061044515485, -95.09333 29.81360120655609",115.0
FLORESVILLE 1-FLORESVILLE 0-i_2156,"LINESTRING (-98.058806 29.067153025708105, -98.06960600000001 29.067153025708105",115.0
BROWNSVILLE 2 1-BROWNSVILLE 2 0-i_658,"LINESTRING (-97.296344 25.937448418873302, -97.30714400000001 25.937448418873302",115.0
GEORGETOWN 3 1-GEORGETOWN 3 0-i_2150,"LINESTRING (-97.788099 30.83561298057422, -97.798899 30.83561298057422",161.0
LAPORTE 1-LAPORTE 0-i_2524,"LINESTRING (-95.04542700000002 29.724273977160806, -95.052627 29.724273977160806",230.0
LAPORTE 9-LAPORTE 0-i_2531,"LINESTRING (-95.05478700000002 29.713956599098008, -95.052627 29.724273977160806",13.8
HOUSTON 5 5-HOUSTON 5 0-i_2606,"LINESTRING (-95.52556 29.932652976625693, -95.5234 29.9392043515847",18.0
HOUSTON 4 10-HOUSTON 4 0-i_2676,"LINESTRING (-95.39032 29.7069781330027, -95.38816 29.718546834432193",13.8
MARBLE FALLS 2 3-MARBLE FALLS 2 0-i_2042,"LINESTRING (-98.3186 30.536622580674894, -98.3132 30.549799646599485",13.8
MAGNOLIA 1 1-MAGNOLIA 1 0-i_2991,"LINESTRING (-95.638574 30.214369283446914, -95.642894 30.214369283446914",115.0
CHRISTINE 2-CHRISTINE 0-i_548,"LINESTRING (-98.4559 28.69176886409431, -98.46670000000002 28.698084622597193",13.8
SANTA ROSA 1 8-SANTA ROSA 1 0-i_700,"LINESTRING (-97.86341200000001 26.230130881585993, -97.85801200000002 26.263226431079403",13.8
WICHITA FALLS 2 1-WICHITA FALLS 2 0-i_249,"LINESTRING (-98.5858 33.8497942844651, -98.58040000000001 33.8565210752066",20.0
FREEPORT 1 1-FREEPORT 1 0-i_2895,"LINESTRING (-95.306 28.97390134047749, -95.324 28.97390134047749",230.0
ELMENDORF 3-ELMENDORF 0-i_2082,"LINESTRING (-98.37746 29.248847748857216, -98.37530000000001 29.254187345212085",13.8
NURSERY 4-NURSERY 0-i_2236,"LINESTRING (-97.1224 28.87184669468889, -97.117 28.888396142184707",18.0
BAYTOWN 1 5-BAYTOWN 1 0-i_2709,"LINESTRING (-94.90886 29.6653287676551, -94.90670000000001 29.6718976727995",18.0
STERLING CITY 1 1-STERLING CITY 1 0-i_404,"LINESTRING (-100.8921 31.91998893462841, -100.9101 31.91998893462841",115.0
GREGORY 6-GREGORY 0-i_634,"LINESTRING (-97.245817 27.863036381621686, -97.240417 27.882926070783",13.8
SAN ANTONIO 2 6-SAN ANTONIO 2 0-i_1738,"LINESTRING (-98.60886 29.578568734808712, -98.6067 29.586395547977702",13.8
DUBLIN 1 1-DUBLIN 1 0-i_1233,"LINESTRING (-98.472511 32.32568308312928, -98.46711100000002 32.3325275044075",18.0
VERNON 1 1-VERNON 1 0-i_225,"LINESTRING (-99.36112200000001 34.2773582406679, -99.355722 34.28405117365721",18.0
ROUND ROCK 1 3-ROUND ROCK 1 0-i_1807,"LINESTRING (-97.688846 30.54929357972971, -97.68668599999998 30.55456393284689",13.8
SAN ANTONIO 12 1-SAN ANTONIO 12 0-i_1704,"LINESTRING (-98.398171 29.58335747258072, -98.40249100000001 29.58335747258072",115.0
AUSTIN 2 2-AUSTIN 2 1-i_2102,"LINESTRING (-97.5985 30.2023331259326, -97.5985 30.207311104921697",115.0
ROUND ROCK 1 4-ROUND ROCK 1 0-i_1808,"LINESTRING (-97.688846 30.548053455057502, -97.68668599999998 30.55456393284689",13.8
FRISCO 2 1-FRISCO 2 0-i_1587,"LINESTRING (-96.847707 33.143924609675196, -96.85202699999999 33.143924609675196",161.0
RALLS 1 4-RALLS 1 0-i_258,"LINESTRING (-101.37740000000001 33.64837540056509, -101.37200000000001 33.6551180115106",18.0
SAN ANTONIO 2 7-SAN ANTONIO 2 0-i_1739,"LINESTRING (-98.60886 29.577316388379508, -98.6067 29.586395547977702",13.8
MOUNT PLEASANT 1 4-MOUNT PLEASANT 1 0-i_3185,"LINESTRING (-95.02910000000001 33.075864195472015, -95.0237 33.085667648788416",18.0
PEARSALL 1-PEARSALL 0-i_751,"LINESTRING (-99.0559 28.92119813472441, -99.0739 28.92119813472441",115.0
DALLAS 1 8-DALLAS 1 0-i_918,"LINESTRING (-96.63940400000001 32.63496964093729, -96.63724400000001 32.646186021553305",13.2
CORPUS CHRISTI 3 1-CORPUS CHRISTI 3 0-i_681,"LINESTRING (-97.2757 27.58087585581529, -97.2937 27.58087585581529",115.0
ABILENE 2 2-ABILENE 2 0-i_348,"LINESTRING (-99.48020000000001 32.61574558201621, -99.4748 32.6195358711552",18.0
SHIRO 3-SHIRO 0-i_3062,"LINESTRING (-95.90519999999998 30.579228719156287, -95.8998 30.586201973123906",13.8
TRINIDAD 1 2-TRINIDAD 1 1-i_3198,"LINESTRING (-96.07967700000002 32.106224246732, -96.07967700000002 32.1184211563178",115.0
KATY 1 2-KATY 1 1-i_2305,"LINESTRING (-95.72943600000002 29.831315240584683, -95.725116 29.835062743090106",115.0
PORT LAVACA 1-PORT LAVACA 0-i_2260,"LINESTRING (-96.7973 28.5643765708885, -96.81530000000001 28.5643765708885",115.0
SAN JUAN 1-SAN JUAN 0-i_596,"LINESTRING (-98.099712 26.138075486785393, -98.110512 26.138075486785393",115.0
MOUNT PLEASANT 1 1-MOUNT PLEASANT 1 0-i_3183,"LINESTRING (-95.00570000000002 33.085667648788416, -95.0237 33.085667648788416",230.0
SAN MARCOS 1-SAN MARCOS 0-i_2067,"LINESTRING (-97.957524 29.877664809171414, -97.96184400000001 29.877664809171414",230.0
KATY 2 1-KATY 2 0-i_2983,"LINESTRING (-95.73350300000001 29.743180448514394, -95.737823 29.743180448514394",115.0
OLNEY 1 2-OLNEY 1 0-i_1342,"LINESTRING (-98.69934399999998 33.364821351362195, -98.693944 33.377598754067705",18.0
LAREDO 1 3-LAREDO 1 0-i_730,"LINESTRING (-99.49630000000002 27.549944387416698, -99.49090000000001 27.56031721101819",13.8
SAN ANTONIO 1 2-SAN ANTONIO 1 1-i_1922,"LINESTRING (-98.32889999999999 29.41886597508869, -98.32889999999999 29.426391586690492",115.0
CUERO 1 5-CUERO 1 0-i_2112,"LINESTRING (-97.322036 29.103767186715604, -97.316636 29.123424464446497",13.8
ALBANY 1 2-ALBANY 1 1-i_1550,"LINESTRING (-99.4048 32.75013543757941, -99.3868 32.76224555758349",161.0
CUERO 1 1-CUERO 1 0-i_2108,"LINESTRING (-97.322036 29.116348277141906, -97.316636 29.123424464446497",13.8
SEGUIN 1 5-SEGUIN 1 0-i_1958,"LINESTRING (-97.968175 29.583977439612106, -97.96601500000001 29.5905516511325",13.8
GOLDTHWAITE 1 3-GOLDTHWAITE 1 2-i_1349,"LINESTRING (-98.448667 31.361817238126903, -98.430667 31.367965101353597",115.0
RIESEL 1 1-RIESEL 1 0-i_1513,"LINESTRING (-96.92114900000001 31.468237107671296, -96.93914900000001 31.468237107671296",161.0
MCKINNEY 1 8-MCKINNEY 1 0-i_1433,"LINESTRING (-96.59662600000001 33.1533822539188, -96.594466 33.164533176213496",13.8
CORPUS CHRISTI 1 5-CORPUS CHRISTI 1 0-i_786,"LINESTRING (-97.45170000000002 27.79718227221871, -97.4463 27.813899999999997",13.8
PORT LAVACA 2-PORT LAVACA 0-i_2261,"LINESTRING (-96.8207 28.554100188226396, -96.81530000000001 28.5643765708885",13.8
BIG SPRING 6 1-BIG SPRING 6 0-i_100,"LINESTRING (-101.418836 32.25720041881092, -101.41343600000002 32.267094110442",13.8
MONAHANS 1 2-MONAHANS 1 0-i_81,"LINESTRING (-102.9219 31.561663432991608, -102.92730000000002 31.57776630436199",18.0
HOUSTON 2 1-HOUSTON 2 0-i_2557,"LINESTRING (-95.24076000000001 29.944401714108306, -95.23860000000003 29.949704615048507",13.8
THOMPSONS 2-THOMPSONS 1-i_2943,"LINESTRING (-95.6167 29.474024945058016, -95.6167 29.480292918965713",115.0
ARLINGTON 1 3-ARLINGTON 1 0-i_977,"LINESTRING (-97.13705 32.76631459411318, -97.13488999999998 32.772671457267094",13.8
IRAAN 2 1-IRAAN 2 0-i_17,"LINESTRING (-102.19783300000002 30.9183420234792, -102.192433 30.92529076483021",13.8
ODESSA 1 5-ODESSA 1 0-i_111,"LINESTRING (-102.31380000000001 31.796709239684713, -102.3084 31.82500733984199",18.0
BREMOND 1-BREMOND 0-i_3201,"LINESTRING (-96.67343000000001 31.085759152857804, -96.68423 31.085759152857804",230.0
MERKEL 2 1-MERKEL 2 0-i_450,"LINESTRING (-100.050789 32.29558118049491, -100.04538900000001 32.305470686533006",18.0
KENEDY 1-KENEDY 0-i_2105,"LINESTRING (-97.873358 28.72709737424611, -97.884158 28.72709737424611",115.0
WHARTON 1 4-WHARTON 1 0-i_2874,"LINESTRING (-96.0557 29.2713145918019, -96.0503 29.2815201581002",24.0
THOMPSONS 9-THOMPSONS 0-i_2935,"LINESTRING (-95.62606 29.46995055418471, -95.6239 29.480292918965713",13.8
GREGORY 3-GREGORY 0-i_631,"LINESTRING (-97.245817 27.8725838881357, -97.240417 27.882926070783",13.8
FAIRFIELD 2 4-FAIRFIELD 2 0-i_3100,"LINESTRING (-96.04180000000001 31.80453921349961, -96.03640000000001 31.814481934451507",13.8
ARMSTRONG 1 1-ARMSTRONG 1 0-i_776,"LINESTRING (-97.5634 26.994684632791703, -97.5814 26.994684632791703",115.0
BAY CITY 1-BAY CITY 0-i_2824,"LINESTRING (-95.81765000000001 28.7821687036371, -95.82845 28.7821687036371",115.0
MT. ENTERPRISE 6-MT. ENTERPRISE 0-i_3128,"LINESTRING (-94.607143 31.998746642566587, -94.601743 32.0117210377083",13.8
MCKINNEY 1 2-MCKINNEY 1 0-i_1427,"LINESTRING (-96.59662600000001 33.160615446172, -96.594466 33.164533176213496",13.8
ELMENDORF 8-ELMENDORF 0-i_2087,"LINESTRING (-98.37746 29.242565514007815, -98.37530000000001 29.254187345212085",13.8
DEL RIO 1-DEL RIO 0-i_392,"LINESTRING (-101.19083600000002 29.83097421926579, -101.201636 29.83097421926579",115.0
SUGAR LAND 2 1-SUGAR LAND 2 0-i_2510,"LINESTRING (-95.627376 29.564491004522885, -95.63169600000002 29.564491004522885",230.0
COLLEGE STATION 1 1-COLLEGE STATION 1 0-i_3147,"LINESTRING (-96.25098300000002 30.555184990626806, -96.261783 30.555184990626806",115.0
GLEN ROSE 1 2-GLEN ROSE 1 0-i_1380,"LINESTRING (-97.772915 32.28238785536839, -97.767515 32.29227880069791",13.8
AUSTIN 2 6-AUSTIN 2 0-i_2100,"LINESTRING (-97.60786 30.200777455867705, -97.60570000000001 30.207311104921697",13.8
KILLEEN 3 1-KILLEEN 3 0-i_1561,"LINESTRING (-97.72481700000003 31.00346981975701, -97.73561700000002 31.00346981975701",161.0
WINGATE 1-WINGATE 0-i_396,"LINESTRING (-100.02112000000001 32.20793214444782, -100.03912000000001 32.20793214444782",115.0
MISSOURI CITY 2 1-MISSOURI CITY 2 0-i_2660,"LINESTRING (-95.549508 29.47091068690631, -95.553828 29.47091068690631",115.0
AUSTIN 1 2-AUSTIN 1 1-i_2171,"LINESTRING (-97.833946 30.389898395465885, -97.833946 30.394866861665406",115.0
PARIS 2 2-PARIS 2 0-i_166,"LINESTRING (-95.54510000000002 33.684069684954984, -95.5397 33.69080949840439",13.8
SAN ANTONIO 32 1-SAN ANTONIO 32 0-i_2124,"LINESTRING (-98.517303 29.419895426275307, -98.521623 29.419895426275307",115.0
NEWGULF 1-NEWGULF 0-i_2903,"LINESTRING (-95.86370000000001 29.257618689509805, -95.8817 29.257618689509805",115.0
LORAINE 1 1-LORAINE 1 0-i_438,"LINESTRING (-100.7408 32.421547422785686, -100.73540000000001 32.431423160476406",13.2
ELMENDORF 2-ELMENDORF 1-i_2091,"LINESTRING (-98.3681 29.2491618504751, -98.3681 29.254187345212085",115.0
HERMLEIGH 3-HERMLEIGH 0-i_431,"LINESTRING (-100.66020000000002 32.57267420947051, -100.6548 32.58253336574679",20.0
POOLVILLE 2-POOLVILLE 0-i_1293,"LINESTRING (-97.89770000000001 33.039440371560005, -97.89230000000002 33.05226535834791",13.8
POINT COMFORT 2 7-POINT COMFORT 2 0-i_2353,"LINESTRING (-96.5291 28.66248464197989, -96.52370000000002 28.68538385629629",13.8
LAPORTE 3-LAPORTE 0-i_2525,"LINESTRING (-95.05478700000002 29.721460251958604, -95.052627 29.724273977160806",13.8
SAN ANTONIO 47 1-SAN ANTONIO 47 0-i_2159,"LINESTRING (-98.65599600000002 29.50094643004501, -98.660316 29.50094643004501",230.0
BRIDGEPORT 6-BRIDGEPORT 0-i_1521,"LINESTRING (-97.90820000000001 33.17154355183101, -97.90280000000003 33.1903748419846",13.8
BIG SPRING 4 1-BIG SPRING 4 0-i_63,"LINESTRING (-101.299037 31.978464735418992, -101.29363699999999 31.985335280619005",13.8
BAYTOWN 3 2-BAYTOWN 3 0-i_2850,"LINESTRING (-94.992237 29.745703180288093, -94.99007700000001 29.751016643956905",13.2
LAPORTE 2-LAPORTE 1-i_2537,"LINESTRING (-95.04542700000002 29.719271744484594, -95.04542700000002 29.724273977160806",115.0
DEER PARK 9-DEER PARK 0-i_2477,"LINESTRING (-95.12381600000002 29.710366140597316, -95.12165600000002 29.720683887687706",24.0
GREGORY 7-GREGORY 0-i_635,"LINESTRING (-97.245817 27.8598536925239, -97.240417 27.882926070783",13.8
HOUSTON 5 4-HOUSTON 5 0-i_2605,"LINESTRING (-95.52556 29.9339008908281, -95.5234 29.9392043515847",18.0
BAYTOWN 3 5-BAYTOWN 3 0-i_2853,"LINESTRING (-94.992237 29.74195233050502, -94.99007700000001 29.751016643956905",13.2
BRUNI 1 1-BRUNI 1 0-i_802,"LINESTRING (-98.883678 27.569728758356298, -98.89447800000002 27.569728758356298",13.8
SPRING 2 1-SPRING 2 0-i_2593,"LINESTRING (-95.37532599999999 30.059676379401296, -95.379646 30.059676379401296",115.0
LA GRANGE 3-LA GRANGE 0-i_1791,"LINESTRING (-96.738 29.900817133061903, -96.73260000000002 29.91095922557381",22.0
SUGAR LAND 2 2-SUGAR LAND 2 1-i_2516,"LINESTRING (-95.63169600000002 29.560733394819216, -95.627376 29.564491004522885",115.0
STERLING CITY 1 4-STERLING CITY 1 0-i_407,"LINESTRING (-100.9155 31.900889238421307, -100.9101 31.91998893462841",18.0
KATY 1 2-KATY 1 1-i_2306,"LINESTRING (-95.72943600000002 29.831315240584683, -95.725116 29.835062743090106",115.0
MIDLOTHIAN 1 1-MIDLOTHIAN 1 0-i_1577,"LINESTRING (-97.04506000000002 32.42776911654429, -97.04938 32.42776911654429",161.0
BAYTOWN 1 2-BAYTOWN 1 1-i_2715,"LINESTRING (-94.8995 29.666892831602905, -94.8995 29.6718976727995",115.0
PEARSALL 1-PEARSALL 0-i_752,"LINESTRING (-99.0559 28.92119813472441, -99.0739 28.92119813472441",115.0
FAIRFIELD 1 6-FAIRFIELD 1 0-i_3081,"LINESTRING (-96.1005 31.868536934357316, -96.09510000000002 31.884586583442704",18.0
CONROE 5 1-CONROE 5 0-i_2268,"LINESTRING (-95.429908 30.304888576333003, -95.434228 30.304888576333003",115.0
SPRING 8 1-SPRING 8 0-i_2342,"LINESTRING (-95.539571 30.192495730313592, -95.543891 30.192495730313592",115.0
AUSTIN 3 3-AUSTIN 3 0-i_1716,"LINESTRING (-97.793768 30.286896074684893, -97.791608 30.29093722253551",13.8
MARBLE FALLS 2 6-MARBLE FALLS 2 0-i_2045,"LINESTRING (-98.3186 30.527320045862904, -98.3132 30.549799646599485",13.8
ODESSA 1 7-ODESSA 1 0-i_113,"LINESTRING (-102.31380000000001 31.7905895918071, -102.3084 31.82500733984199",18.0
FORSAN 1-FORSAN 0-i_71,"LINESTRING (-101.395 32.1278439073388, -101.38960000000002 32.134703244454506",13.8
TYLER 7 1-TYLER 7 0-i_3189,"LINESTRING (-95.29942799999999 32.228975554374315, -95.310228 32.228975554374315",115.0
SARITA 1 1-SARITA 1 0-i_764,"LINESTRING (-97.753167 27.21665334296649, -97.77116700000002 27.21665334296649",115.0
MT. ENTERPRISE 2-MT. ENTERPRISE 1-i_3129,"LINESTRING (-94.583743 31.999509893109302, -94.583743 32.0117210377083",115.0
HOUSTON 4 9-HOUSTON 4 0-i_2675,"LINESTRING (-95.39032 29.7082288676919, -95.38816 29.718546834432193",13.8
NEWGULF 2-NEWGULF 0-i_2904,"LINESTRING (-95.88710000000002 29.250551754073413, -95.8817 29.257618689509805",13.8
SAN ANTONIO 37 1-SAN ANTONIO 37 0-i_2016,"LINESTRING (-98.560811 29.499201386850604, -98.56513100000001 29.499201386850604",230.0
SPRING 7 2-SPRING 7 1-i_2637,"LINESTRING (-95.52459900000001 30.03464299095081, -95.52027900000002 30.038382843429996",115.0
LAPORTE 7-LAPORTE 0-i_2529,"LINESTRING (-95.05478700000002 29.7164578790429, -95.052627 29.724273977160806",13.8
SHIRO 5-SHIRO 0-i_3064,"LINESTRING (-95.90519999999998 30.57302985014232, -95.8998 30.586201973123906",13.8
BRIDGEPORT 3-BRIDGEPORT 0-i_1518,"LINESTRING (-97.90820000000001 33.180583076193095, -97.90280000000003 33.1903748419846",13.8
MOUNT PLEASANT 1 2-MOUNT PLEASANT 1 1-i_3187,"LINESTRING (-95.00570000000002 33.0736017049237, -95.00570000000002 33.085667648788416",115.0
BAYTOWN 2 5-BAYTOWN 2 0-i_2385,"LINESTRING (-94.89686 29.765287707192716, -94.8947 29.770600132592996",13.8
BAYTOWN 1 4-BAYTOWN 1 0-i_2708,"LINESTRING (-94.90886 29.6665800207589, -94.90670000000001 29.6718976727995",18.0
DAYTON 1-DAYTON 0-i_2291,"LINESTRING (-94.913354 30.0519431847122, -94.91767400000002 30.0519431847122",115.0
PASADENA 2 1-PASADENA 2 0-i_2179,"LINESTRING (-95.162079 29.722248926690806, -95.169279 29.722248926690806",230.0
STEPHENVILLE 1-STEPHENVILLE 0-i_933,"LINESTRING (-98.175117 32.2761477179342, -98.18591700000002 32.2761477179342",161.0
CYPRESS 1 1-CYPRESS 1 0-i_2696,"LINESTRING (-95.66080400000001 29.995280759578108, -95.66512399999999 29.995280759578108",230.0
DEER PARK 6-DEER PARK 0-i_2474,"LINESTRING (-95.12381600000002 29.71411817132631, -95.12165600000002 29.720683887687706",24.0
ODESSA 1 6-ODESSA 1 0-i_112,"LINESTRING (-102.31380000000001 31.79364946639161, -102.3084 31.82500733984199",18.0
TAFT 2 1-TAFT 2 0-i_717,"LINESTRING (-97.44996 27.936055633502797, -97.45427999999998 27.936055633502797",18.0
SAN ANTONIO 1 7-SAN ANTONIO 1 0-i_1917,"LINESTRING (-98.33826000000002 29.41729806917129, -98.3361 29.426391586690492",13.8
PARIS 1 7-PARIS 1 0-i_280,"LINESTRING (-95.57739999999998 33.600070709169, -95.57199999999999 33.62480490119471",13.8
SAN ANTONIO 51 1-SAN ANTONIO 51 0-i_1984,"LINESTRING (-98.726112 29.535276280271308, -98.730432 29.535276280271308",115.0
CHANNELVIEW 1 3-CHANNELVIEW 1 0-i_2948,"LINESTRING (-95.10269000000001 29.810789989286896, -95.10053000000002 29.81360120655609",18.0
WINCHESTER 2-WINCHESTER 1-i_1845,"LINESTRING (-96.95150000000001 30.022516305786304, -96.95150000000001 30.031866816332393",115.0
NURSERY 5-NURSERY 0-i_2237,"LINESTRING (-97.1224 28.8686941200619, -97.117 28.888396142184707",18.0
SHIRO 2-SHIRO 1-i_3067,"LINESTRING (-95.8818 30.576904189711893, -95.8818 30.586201973123906",115.0
SAN ANTONIO 1 8-SAN ANTONIO 1 0-i_1918,"LINESTRING (-98.33826000000002 29.416043727018, -98.3361 29.426391586690492",13.8
OILTON 2-OILTON 1-i_817,"LINESTRING (-98.99447800000002 27.472086915162006, -98.983678 27.48166864386469",115.0
SAN ANTONIO 37 2-SAN ANTONIO 37 1-i_2019,"LINESTRING (-98.56513100000001 29.494187974427106, -98.560811 29.499201386850604",115.0
AUSTIN 1 2-AUSTIN 1 1-i_2170,"LINESTRING (-97.833946 30.389898395465885, -97.833946 30.394866861665406",115.0
ELMENDORF 5-ELMENDORF 0-i_2084,"LINESTRING (-98.37746 29.246334901200395, -98.37530000000001 29.254187345212085",13.8
ENNIS 3-ENNIS 0-i_1533,"LINESTRING (-96.66996000000002 32.3136110057127, -96.6678 32.317566150555116",13.8
NURSERY 3-NURSERY 0-i_2235,"LINESTRING (-97.1224 28.874999173673, -97.117 28.888396142184707",18.0
PORT LAVACA 3-PORT LAVACA 0-i_2262,"LINESTRING (-96.8207 28.550938022513513, -96.81530000000001 28.5643765708885",13.8
SANTA ROSA 1 3-SANTA ROSA 1 0-i_695,"LINESTRING (-97.86341200000001 26.2462762296173, -97.85801200000002 26.263226431079403",13.8
JACKSONVILLE 1 5-JACKSONVILLE 1 0-i_3171,"LINESTRING (-94.97723400000001 31.923809986101606, -94.971834 31.933739848500522",13.8
WINGATE 3-WINGATE 0-i_398,"LINESTRING (-100.04452000000002 32.19193908238331, -100.03912000000001 32.20793214444782",13.8
KERRVILLE 1-KERRVILLE 0-i_293,"LINESTRING (-99.141439 30.0304677283368, -99.152239 30.0304677283368",115.0
MCKINNEY 1 4-MCKINNEY 1 0-i_1429,"LINESTRING (-96.59662600000001 33.158204448372885, -96.594466 33.164533176213496",13.8
PANHANDLE 2 2-PANHANDLE 2 0-i_147,"LINESTRING (-101.298233 35.22877635605561, -101.29283300000002 35.232452121577005",18.0
PASADENA 1 2-PASADENA 1 1-i_2912,"LINESTRING (-95.203078 29.713328191541795, -95.19587800000001 29.72083189137611",115.0
ALVIN 1-ALVIN 0-i_2992,"LINESTRING (-95.17856 29.422491490378206, -95.18288 29.422491490378206",230.0
COLLEGE STATION 2 1-COLLEGE STATION 2 0-i_3195,"LINESTRING (-96.30438399999998 30.6028960409023, -96.315184 30.6028960409023",115.0
FALCON HEIGHTS 1 1-FALCON HEIGHTS 1 0-i_605,"LINESTRING (-99.1606 26.543813545452014, -99.1552 26.551059519006003",13.8
GLEN ROSE 1 3-GLEN ROSE 1 0-i_1381,"LINESTRING (-97.772915 32.279344270529684, -97.767515 32.29227880069791",13.8
MCKINNEY 1 7-MCKINNEY 1 0-i_1432,"LINESTRING (-96.59662600000001 33.15458782738859, -96.594466 33.164533176213496",13.8
SAN ANTONIO 37 2-SAN ANTONIO 37 1-i_2021,"LINESTRING (-98.56513100000001 29.494187974427106, -98.560811 29.499201386850604",115.0
FAIRFIELD 1 8-FAIRFIELD 1 0-i_3083,"LINESTRING (-96.1005 31.86242204696871, -96.09510000000002 31.884586583442704",18.0
RALLS 1 1-RALLS 1 0-i_256,"LINESTRING (-101.35400000000001 33.6551180115106, -101.37200000000001 33.6551180115106",230.0
SUGAR LAND 2 2-SUGAR LAND 2 1-i_2514,"LINESTRING (-95.63169600000002 29.560733394819216, -95.627376 29.564491004522885",115.0
SUGAR LAND 3 2-SUGAR LAND 3 1-i_2280,"LINESTRING (-95.703769 29.66374779180091, -95.69944900000002 29.667501563415392",115.0
PARIS 2 3-PARIS 2 0-i_167,"LINESTRING (-95.54510000000002 33.68107404267649, -95.5397 33.69080949840439",13.8
SHIRO 6-SHIRO 0-i_3065,"LINESTRING (-95.90519999999998 30.569930267047397, -95.8998 30.586201973123906",13.8
YOAKUM 1-YOAKUM 0-i_1681,"LINESTRING (-97.054733 29.196052911725797, -97.06553300000002 29.196052911725797",115.0
ELMENDORF 2-ELMENDORF 1-i_2092,"LINESTRING (-98.3681 29.2491618504751, -98.3681 29.254187345212085",115.0
THOMPSONS 12-THOMPSONS 0-i_2938,"LINESTRING (-95.62606 29.466189432670404, -95.6239 29.480292918965713",13.8
ALEDO 1 1-ALEDO 1 0-i_871,"LINESTRING (-97.49980000000001 32.718176975589984, -97.507 32.718176975589984",161.0
CUERO 1 7-CUERO 1 0-i_2114,"LINESTRING (-97.322036 29.097476064705695, -97.316636 29.123424464446497",13.8
DALLAS 1 1-DALLAS 1 0-i_911,"LINESTRING (-96.630044 32.646186021553305, -96.63724400000001 32.646186021553305",161.0
CHRISTINE 2-CHRISTINE 0-i_547,"LINESTRING (-98.4559 28.69176886409431, -98.46670000000002 28.698084622597193",13.8
HOLLAND 2-HOLLAND 1-i_1583,"LINESTRING (-97.368009 30.871967045734902, -97.35720900000001 30.878146722132",115.0
AUSTIN 3 2-AUSTIN 3 1-i_1721,"LINESTRING (-97.784408 30.285963478461994, -97.784408 30.29093722253551",115.0
PASADENA 3 1-PASADENA 3 0-i_2828,"LINESTRING (-95.03140000000002 29.619996382330505, -95.0386 29.619996382330505",230.0
JAYTON 3-JAYTON 0-i_238,"LINESTRING (-100.511567 32.953864265692594, -100.50616700000002 32.9636812939513",24.0
CUERO 1 2-CUERO 1 0-i_2109,"LINESTRING (-97.322036 29.11320314875079, -97.316636 29.123424464446497",13.8
ROSCOE 5 2-ROSCOE 5 0-i_381,"LINESTRING (-100.51950000000001 32.3061147297888, -100.5087 32.3061147297888",500.0
BIG SPRING 6 2-BIG SPRING 6 0-i_101,"LINESTRING (-101.418836 32.254155989047106, -101.41343600000002 32.267094110442",13.8
LA GRANGE 2-LA GRANGE 1-i_1796,"LINESTRING (-96.71460000000002 29.901597330682904, -96.71460000000002 29.91095922557381",115.0
CEDAR CREEK 1 3-CEDAR CREEK 1 0-i_2133,"LINESTRING (-97.54496000000002 30.139262271471804, -97.5428 30.143309487828606",13.8
PARIS 1 5-PARIS 1 0-i_278,"LINESTRING (-95.57739999999998 33.606067528657995, -95.57199999999999 33.62480490119471",13.8
MONT BELVIEU 2-MONT BELVIEU 0-i_2845,"LINESTRING (-94.91465999999998 29.819390446066897, -94.9125 29.822201421517615",13.8
DALLAS 3 1-DALLAS 3 0-i_1538,"LINESTRING (-96.66990900000002 32.707882695939915, -96.674229 32.707882695939915",161.0
BAYTOWN 3 3-BAYTOWN 3 0-i_2851,"LINESTRING (-94.992237 29.744452912616804, -94.99007700000001 29.751016643956905",13.2
SAN ANTONIO 2 8-SAN ANTONIO 2 0-i_1740,"LINESTRING (-98.60886 29.576064026414194, -98.6067 29.586395547977702",13.8
FANNIN 1-FANNIN 0-i_555,"LINESTRING (-97.192567 28.706485129612496, -97.20336700000001 28.706485129612496",115.0
ABILENE 2 1-ABILENE 2 0-i_347,"LINESTRING (-99.4568 32.6195358711552, -99.4748 32.6195358711552",115.0
JACKSBORO 1 2-JACKSBORO 1 0-i_864,"LINESTRING (-98.325052 33.0491124429784, -98.31965200000002 33.0619360212675",13.8
VICTORIA 2 3-VICTORIA 2 0-i_2298,"LINESTRING (-96.99740000000001 28.77489014082899, -96.992 28.78198969280541",20.0
SPRING 7 2-SPRING 7 1-i_2636,"LINESTRING (-95.52459900000001 30.03464299095081, -95.52027900000002 30.038382843429996",115.0
HOUSTON 3 2-HOUSTON 3 0-i_2502,"LINESTRING (-95.63680900000001 29.715699801118316, -95.63464900000001 29.723515958268486",18.0
DEER PARK 2-DEER PARK 1-i_2481,"LINESTRING (-95.114456 29.71443083422439, -95.114456 29.720683887687706",115.0
KYLE 1-KYLE 0-i_2119,"LINESTRING (-97.79865600000001 29.90226142531001, -97.802976 29.90226142531001",115.0
SNYDER 2 3-SNYDER 2 2-i_487,"LINESTRING (-100.93666100000002 32.7258605959061, -100.92586100000001 32.73191751152348",115.0
CHANNELVIEW 1 10-CHANNELVIEW 1 0-i_2955,"LINESTRING (-95.10269000000001 29.802043474614997, -95.10053000000002 29.81360120655609",18.0
FREEPORT 1 2-FREEPORT 1 1-i_2901,"LINESTRING (-95.306 28.964452632280203, -95.306 28.97390134047749",115.0
PEARSALL 3-PEARSALL 0-i_754,"LINESTRING (-99.07930000000002 28.907805399443088, -99.0739 28.92119813472441",20.0
SANTA ROSA 1 5-SANTA ROSA 1 0-i_697,"LINESTRING (-97.86341200000001 26.239818359502102, -97.85801200000002 26.263226431079403",13.8
PASADENA 2 4-PASADENA 2 0-i_2181,"LINESTRING (-95.171439 29.716933938954103, -95.169279 29.722248926690806",13.8
SPRING 2 1-SPRING 2 0-i_2592,"LINESTRING (-95.37532599999999 30.059676379401296, -95.379646 30.059676379401296",115.0
SANTA ROSA 1 7-SANTA ROSA 1 0-i_699,"LINESTRING (-97.86341200000001 26.233360130580113, -97.85801200000002 26.263226431079403",13.8
KATY 2 1-KATY 2 0-i_2982,"LINESTRING (-95.73350300000001 29.743180448514394, -95.737823 29.743180448514394",115.0
CALDWELL 1-CALDWELL 0-i_2009,"LINESTRING (-96.65463200000002 30.535363724672102, -96.665432 30.535363724672102",115.0
BRIDGEPORT 5-BRIDGEPORT 0-i_1520,"LINESTRING (-97.90820000000001 33.17455683021782, -97.90280000000003 33.1903748419846",13.8
BAYTOWN 1 1-BAYTOWN 1 0-i_2706,"LINESTRING (-94.8995 29.6718976727995, -94.90670000000001 29.6718976727995",230.0
BRACKETTVILLE 1 1-BRACKETTVILLE 1 0-i_474,"LINESTRING (-100.380289 29.315549244833004, -100.374889 29.3226116854622",13.8
CHANNELVIEW 1 4-CHANNELVIEW 1 0-i_2949,"LINESTRING (-95.10269000000001 29.809540534021, -95.10053000000002 29.81360120655609",18.0
ROUND ROCK 1 1-ROUND ROCK 1 0-i_1805,"LINESTRING (-97.688846 30.551773781548402, -97.68668599999998 30.55456393284689",13.8
ROSCOE 2 2-ROSCOE 2 0-i_365,"LINESTRING (-100.6538 32.45649079710721, -100.64840000000001 32.4633253114801",13.8
POINT COMFORT 2 8-POINT COMFORT 2 0-i_2354,"LINESTRING (-96.5291 28.65932573690569, -96.52370000000002 28.68538385629629",13.8
AUSTIN 27 1-AUSTIN 27 0-i_2054,"LINESTRING (-97.78878 30.20435503016379, -97.79310000000001 30.20435503016379",115.0
PASADENA 2 2-PASADENA 2 1-i_2190,"LINESTRING (-95.162079 29.715995970726297, -95.162079 29.722248926690806",115.0
MCKINNEY 1 5-MCKINNEY 1 0-i_1430,"LINESTRING (-96.59662600000001 33.1569989246159, -96.594466 33.164533176213496",13.8
SAN ANTONIO 1 1-SAN ANTONIO 1 0-i_1912,"LINESTRING (-98.32889999999999 29.426391586690492, -98.3361 29.426391586690492",230.0
SILVER 2-SILVER 0-i_373,"LINESTRING (-100.67910000000002 32.03703102567769, -100.6737 32.043897182145",13.8
LAPORTE 4-LAPORTE 0-i_2526,"LINESTRING (-95.05478700000002 29.720209682102507, -95.052627 29.724273977160806",13.8
THOMPSONS 13-THOMPSONS 0-i_2939,"LINESTRING (-95.62606 29.464935694498614, -95.6239 29.480292918965713",13.8
GRANBURY 1 2-GRANBURY 1 0-i_1447,"LINESTRING (-97.719086 32.3273757066874, -97.713686 32.34030338183329",13.2
PARIS 1 6-PARIS 1 0-i_279,"LINESTRING (-95.57739999999998 33.603069171045995, -95.57199999999999 33.62480490119471",13.8
THOMPSONS 1-THOMPSONS 0-i_2928,"LINESTRING (-95.6167 29.480292918965713, -95.6239 29.480292918965713",230.0
ENNIS 2-ENNIS 0-i_1532,"LINESTRING (-96.66996000000002 32.31482799175081, -96.6678 32.317566150555116",13.8
DEL RIO 1-DEL RIO 0-i_391,"LINESTRING (-101.19083600000002 29.83097421926579, -101.201636 29.83097421926579",115.0
SAN ANTONIO 1 5-SAN ANTONIO 1 0-i_1915,"LINESTRING (-98.33826000000002 29.419806707025803, -98.3361 29.426391586690492",13.8
FLUVANNA 2 1-FLUVANNA 2 0-i_452,"LINESTRING (-101.111784 32.9418878041982, -101.12978400000001 32.9418878041982",115.0
ROSCOE 5 2-ROSCOE 5 0-i_382,"LINESTRING (-100.51950000000001 32.3061147297888, -100.5087 32.3061147297888",500.0
BIG SPRING 5 1-BIG SPRING 5 0-i_11,"LINESTRING (-101.384733 32.1915068619678, -101.37933299999999 32.201407707471816",13.8
LAPORTE 5-LAPORTE 0-i_2527,"LINESTRING (-95.05478700000002 29.718959096664193, -95.052627 29.724273977160806",13.8
LUFKIN 3 1-LUFKIN 3 0-i_3005,"LINESTRING (-94.80457 31.334633359527395, -94.81537 31.334633359527395",115.0
POOLVILLE 3-POOLVILLE 0-i_1294,"LINESTRING (-97.89770000000001 33.03642245621629, -97.89230000000002 33.05226535834791",13.8
DEER PARK 5-DEER PARK 0-i_2473,"LINESTRING (-95.12381600000002 29.715368817076214, -95.12165600000002 29.720683887687706",24.0
SEGUIN 2 1-SEGUIN 2 0-i_2120,"LINESTRING (-97.915478 29.536505893280808, -97.92627800000001 29.536505893280808",115.0
AUSTIN 2 3-AUSTIN 2 0-i_2097,"LINESTRING (-97.60786 30.204511022719487, -97.60570000000001 30.207311104921697",13.8
O DONNELL 1 1-O DONNELL 1 0-i_7,"LINESTRING (-101.636978 32.9203453324632, -101.626178 32.9203453324632",230.0
SANTA ROSA 1 2-SANTA ROSA 1 0-i_694,"LINESTRING (-97.86341200000001 26.249505030103, -97.85801200000002 26.263226431079403",13.8
MCKINNEY 3 1-MCKINNEY 3 0-i_1023,"LINESTRING (-96.68763 33.1696223161641, -96.69195 33.1696223161641",161.0
DALLAS 1 2-DALLAS 1 0-i_912,"LINESTRING (-96.63940400000001 32.642245291333516, -96.63724400000001 32.646186021553305",13.2
LAPORTE 11-LAPORTE 0-i_2533,"LINESTRING (-95.05478700000002 29.711455256832604, -95.052627 29.724273977160806",13.8
CHANNELVIEW 1 5-CHANNELVIEW 1 0-i_2950,"LINESTRING (-95.10269000000001 29.8082910631445, -95.10053000000002 29.81360120655609",18.0
CHANNELVIEW 1 9-CHANNELVIEW 1 0-i_2954,"LINESTRING (-95.10269000000001 29.8032930235391, -95.10053000000002 29.81360120655609",18.0
FRANKLIN 2-FRANKLIN 1-i_3137,"LINESTRING (-96.45060000000001 31.164898985917908, -96.45060000000001 31.17413989490129",161.0
WICHITA FALLS 2 3-WICHITA FALLS 2 0-i_251,"LINESTRING (-98.5858 33.843814470202105, -98.58040000000001 33.8565210752066",20.0
BASTROP 2-BASTROP 1-i_1605,"LINESTRING (-97.2348 30.1269195886573, -97.2348 30.1393735890793",115.0
ROUND ROCK 3 2-ROUND ROCK 3 1-i_2164,"LINESTRING (-97.642886 30.496783978561705, -97.63856600000001 30.499265520933893",115.0
CUERO 1 3-CUERO 1 0-i_2110,"LINESTRING (-97.322036 29.110057924211805, -97.316636 29.123424464446497",13.8
FRANKLIN 4-FRANKLIN 3-i_3139,"LINESTRING (-96.45060000000001 31.155657175467613, -96.46860000000001 31.158737879104606",115.0
BROWNSVILLE 1 1-BROWNSVILLE 1 0-i_813,"LINESTRING (-97.49980000000001 25.906623725411485, -97.51060000000001 25.906623725411485",115.0
BUCHANAN DAM 1 2-BUCHANAN DAM 1 0-i_463,"LINESTRING (-98.38182200000001 30.7153517470437, -98.376422 30.7254098931674",13.2
BRYSON 1 2-BRYSON 1 0-i_1282,"LINESTRING (-98.352469 33.19299841828041, -98.34706899999999 33.19977648884561",18.0
SAVOY 3-SAVOY 0-i_130,"LINESTRING (-96.355005 33.612404490515004, -96.349605 33.62214771628871",13.8
POINT COMFORT 1 1-POINT COMFORT 1 0-i_2979,"LINESTRING (-96.53839700000002 28.633752374787612, -96.549197 28.633752374787612",230.0
PASADENA 2 5-PASADENA 2 0-i_2182,"LINESTRING (-95.171439 29.715683312702804, -95.169279 29.722248926690806",13.8
SANTA ROSA 1 4-SANTA ROSA 1 0-i_696,"LINESTRING (-97.86341200000001 26.2430473394144, -97.85801200000002 26.263226431079403",13.8
MONAHANS 1 3-MONAHANS 1 0-i_82,"LINESTRING (-102.9219 31.55859590412069, -102.92730000000002 31.57776630436199",18.0
SPRING 7 2-SPRING 7 1-i_2638,"LINESTRING (-95.52459900000001 30.03464299095081, -95.52027900000002 30.038382843429996",115.0
WICHITA FALLS 1 3-WICHITA FALLS 1 0-i_218,"LINESTRING (-98.48050000000002 33.897613771944, -98.4751 33.90732463442219",18.0
CHRISTINE 1-CHRISTINE 0-i_546,"LINESTRING (-98.4559 28.698084622597193, -98.46670000000002 28.698084622597193",115.0
HOUSTON 4 2-HOUSTON 4 1-i_2680,"LINESTRING (-95.38095999999999 29.709792264146415, -95.38095999999999 29.718546834432193",115.0
ROSCOE 1 1-ROSCOE 1 0-i_477,"LINESTRING (-100.57610000000001 32.48095793986279, -100.5707 32.49082716730502",18.0
HOUSTON 4 2-HOUSTON 4 1-i_2681,"LINESTRING (-95.38095999999999 29.709792264146415, -95.38095999999999 29.718546834432193",115.0
BROWNSVILLE 1 1-BROWNSVILLE 1 0-i_814,"LINESTRING (-97.49980000000001 25.906623725411485, -97.51060000000001 25.906623725411485",115.0
MT. ENTERPRISE 1-MT. ENTERPRISE 0-i_3123,"LINESTRING (-94.583743 32.0117210377083, -94.601743 32.0117210377083",230.0
CYPRESS 1 2-CYPRESS 1 1-i_2698,"LINESTRING (-95.66512399999999 29.989044884309898, -95.66080400000001 29.995280759578108",115.0
SAN ANTONIO 2 9-SAN ANTONIO 2 0-i_1741,"LINESTRING (-98.60886 29.57481164891341, -98.6067 29.586395547977702",13.8
SANTA ROSA 1 6-SANTA ROSA 1 0-i_698,"LINESTRING (-97.86341200000001 26.236589289888013, -97.85801200000002 26.263226431079403",13.8
FREEPORT 2 2-FREEPORT 2 1-i_2997,"LINESTRING (-95.38588100000001 28.97554332016889, -95.38588100000001 28.98499101570269",115.0
DALLAS 1 7-DALLAS 1 0-i_917,"LINESTRING (-96.63940400000001 32.63618229042851, -96.63724400000001 32.646186021553305",13.2
SAN ANTONIO 1 6-SAN ANTONIO 1 0-i_1916,"LINESTRING (-98.33826000000002 29.418552395840692, -98.3361 29.426391586690492",13.8
FRANKLIN 5-FRANKLIN 0-i_3134,"LINESTRING (-96.47400000000002 31.167209297682206, -96.46860000000001 31.17413989490129",18.0
HOUSTON 1 1-HOUSTON 1 0-i_2212,"LINESTRING (-95.25246 29.80299064926621, -95.25029999999998 29.808301074107792",18.0
BROWNSVILLE 2 1-BROWNSVILLE 2 0-i_659,"LINESTRING (-97.296344 25.937448418873302, -97.30714400000001 25.937448418873302",115.0
MANSFIELD 1-MANSFIELD 0-i_938,"LINESTRING (-97.17973400000001 32.50154410714119, -97.184054 32.50154410714119",161.0
ODESSA 1 2-ODESSA 1 0-i_108,"LINESTRING (-102.31380000000001 31.80588795176119, -102.3084 31.82500733984199",18.0
ROCKDALE 1 4-ROCKDALE 1 0-i_1851,"LINESTRING (-97.05143200000002 30.543395120510592, -97.04603200000001 30.55967127726221",13.8
WICHITA FALLS 2 2-WICHITA FALLS 2 0-i_250,"LINESTRING (-98.5858 33.84680442965061, -98.58040000000001 33.8565210752066",20.0
FANNIN 2-FANNIN 0-i_557,"LINESTRING (-97.192567 28.697012109351192, -97.20336700000001 28.706485129612496",13.8
NEW BRAUNFELS 1 6-NEW BRAUNFELS 1 0-i_2142,"LINESTRING (-98.01776 29.728134437632697, -98.01560000000002 29.73469923703731",22.0
BAYTOWN 2 6-BAYTOWN 2 0-i_2386,"LINESTRING (-94.89686 29.764037683803394, -94.8947 29.770600132592996",13.8
MARION 1 8-MARION 1 0-i_1786,"LINESTRING (-98.13686 29.61156854391941, -98.13470000000001 29.621896429536815",18.0
KATY 3 2-KATY 3 1-i_2920,"LINESTRING (-95.82525100000001 29.734378189489806, -95.820931 29.738129322559097",115.0
CHANNELVIEW 1 1-CHANNELVIEW 1 0-i_2947,"LINESTRING (-95.09333 29.81360120655609, -95.10053000000002 29.81360120655609",230.0
DEER PARK 1-DEER PARK 0-i_2470,"LINESTRING (-95.114456 29.720683887687706, -95.12165600000002 29.720683887687706",230.0
ARMSTRONG 1 2-ARMSTRONG 1 0-i_778,"LINESTRING (-97.58680000000001 26.97463425193141, -97.5814 26.994684632791703",18.0
BASTROP 1-BASTROP 0-i_1597,"LINESTRING (-97.2348 30.1393735890793, -97.2528 30.1393735890793",230.0
FREEPORT 2 1-FREEPORT 2 0-i_2996,"LINESTRING (-95.38588100000001 28.98499101570269, -95.396681 28.98499101570269",230.0
ELMENDORF 6-ELMENDORF 0-i_2085,"LINESTRING (-98.37746 29.24507845423008, -98.37530000000001 29.254187345212085",13.8
CORPUS CHRISTI 2 1-CORPUS CHRISTI 2 0-i_642,"LINESTRING (-97.5245 27.805932556264096, -97.51909999999998 27.825832718387318",18.0
WINCHESTER 4-WINCHESTER 0-i_1843,"LINESTRING (-96.9749 30.024854016108005, -96.96949999999998 30.031866816332393",13.8
LA GRANGE 5-LA GRANGE 0-i_1793,"LINESTRING (-96.738 29.894575332167605, -96.73260000000002 29.91095922557381",22.0
TERRELL 1 1-TERRELL 1 0-i_1008,"LINESTRING (-96.147566 32.732414529694005, -96.158366 32.732414529694005",115.0
LEWISVILLE 1 1-LEWISVILLE 1 0-i_1483,"LINESTRING (-96.962366 33.0548960437181, -96.96020600000001 33.066059471945906",13.8
GEORGETOWN 3 3-GEORGETOWN 3 2-i_2153,"LINESTRING (-97.788099 30.82633920480481, -97.798899 30.82633920480481",161.0
PARIS 1 3-PARIS 1 0-i_276,"LINESTRING (-95.57739999999998 33.61206393106889, -95.57199999999999 33.62480490119471",13.8
WINGATE 4-WINGATE 0-i_399,"LINESTRING (-100.04452000000002 32.18889246613329, -100.03912000000001 32.20793214444782",13.8
BISHOP 1-BISHOP 0-i_618,"LINESTRING (-97.8192 27.5497530973616, -97.81380000000001 27.56331738547781",18.0
SHERMAN 1 1-SHERMAN 1 0-i_261,"LINESTRING (-96.58189300000001 33.57657454698819, -96.599893 33.57657454698819",161.0
MISSION 1 3-MISSION 1 0-i_670,"LINESTRING (-98.3866 26.14903925832189, -98.38120000000002 26.175696438298097",24.0
SAN ANTONIO 2 2-SAN ANTONIO 2 1-i_1745,"LINESTRING (-98.5995 29.5813864574687, -98.5995 29.586395547977702",115.0
IRAAN 3 2-IRAAN 3 0-i_95,"LINESTRING (-101.91719999999998 30.862298309154202, -101.9118 30.878520746255205",22.0
GRAHAM 2-GRAHAM 0-i_963,"LINESTRING (-98.59910000000002 33.1215869874652, -98.59369999999998 33.128370579972",13.8
TAFT 2 1-TAFT 2 0-i_718,"LINESTRING (-97.44996 27.936055633502797, -97.45427999999998 27.936055633502797",18.0
SPRING 2 1-SPRING 2 0-i_2591,"LINESTRING (-95.37532599999999 30.059676379401296, -95.379646 30.059676379401296",115.0
GOLDTHWAITE 1 4-GOLDTHWAITE 1 0-i_1345,"LINESTRING (-98.454067 31.36719664044091, -98.448667 31.377186142184094",13.8
LAREDO 7 1-LAREDO 7 0-i_495,"LINESTRING (-99.66388200000002 27.8271417951826, -99.674682 27.8271417951826",115.0
MARBLE FALLS 1 1-MARBLE FALLS 1 0-i_1801,"LINESTRING (-98.25399300000001 30.542111678978998, -98.248593 30.549087601116593",13.8
MUENSTER 1 1-MUENSTER 1 0-i_243,"LINESTRING (-97.42480599999999 33.72028105094409, -97.41940600000001 33.727018023699195",13.8
STERLING CITY 1 2-STERLING CITY 1 0-i_405,"LINESTRING (-100.9155 31.907001572555895, -100.9101 31.91998893462841",18.0
BASTROP 6-BASTROP 0-i_1601,"LINESTRING (-97.2582 30.123027391305598, -97.2528 30.1393735890793",13.8
TRINIDAD 1 1-TRINIDAD 1 0-i_3197,"LINESTRING (-96.07967700000002 32.1184211563178, -96.090477 32.1184211563178",161.0
CEDAR CREEK 1 4-CEDAR CREEK 1 0-i_2134,"LINESTRING (-97.54496000000002 30.138016940736197, -97.5428 30.143309487828606",13.8
NEW BRAUNFELS 2 1-NEW BRAUNFELS 2 0-i_1755,"LINESTRING (-98.06208599999998 29.694376232341686, -98.066406 29.694376232341686",230.0
BURLESON 1-BURLESON 0-i_1589,"LINESTRING (-97.29790700000001 32.530237882444496, -97.302227 32.530237882444496",161.0
SUGAR LAND 3 2-SUGAR LAND 3 1-i_2279,"LINESTRING (-95.703769 29.66374779180091, -95.69944900000002 29.667501563415392",115.0
ROUND ROCK 4 1-ROUND ROCK 4 0-i_2173,"LINESTRING (-97.716978 30.5318743532431, -97.72129800000002 30.5318743532431",115.0
LUFKIN 3 1-LUFKIN 3 0-i_3006,"LINESTRING (-94.80457 31.334633359527395, -94.81537 31.334633359527395",115.0
CUERO 2 1-CUERO 2 0-i_1974,"LINESTRING (-97.26081300000003 29.090743466577308, -97.27161300000002 29.090743466577308",115.0
DALLAS 2 3-DALLAS 2 0-i_1458,"LINESTRING (-96.93076 32.714316469530594, -96.92860000000002 32.72067704351759",13.8
CHANNELVIEW 1 7-CHANNELVIEW 1 0-i_2952,"LINESTRING (-95.10269000000001 29.8057920745609, -95.10053000000002 29.81360120655609",18.0
IRVING 1 2-IRVING 1 0-i_1090,"LINESTRING (-96.98796000000002 32.9116447373648, -96.98580000000001 32.916782386121895",13.8
FANNIN 2-FANNIN 0-i_558,"LINESTRING (-97.192567 28.697012109351192, -97.20336700000001 28.706485129612496",13.8
PANHANDLE 4 2-PANHANDLE 4 0-i_159,"LINESTRING (-101.24045600000001 35.41503183522809, -101.235056 35.42163286871961",20.0
PORT LAVACA 5-PORT LAVACA 0-i_2264,"LINESTRING (-96.8207 28.5446134062122, -96.81530000000001 28.5643765708885",13.8
ODESSA 1 3-ODESSA 1 0-i_109,"LINESTRING (-102.31380000000001 31.802828482374792, -102.3084 31.82500733984199",18.0
MARBLE FALLS 2 4-MARBLE FALLS 2 0-i_2043,"LINESTRING (-98.3186 30.533521834716794, -98.3132 30.549799646599485",13.8
VICTORIA 3 1-VICTORIA 3 0-i_2841,"LINESTRING (-97.177082 28.664095525985708, -97.18788200000002 28.664095525985708",115.0
